alarm_id,session_id,alarm_code,alarm_level,equipment_code,started_at_s,acknowledged_at_s,cleared_at_s,is_nuisance
EAVT-L1-EXPERT-001-N001,EAVT-L1-EXPERT-001,nuisance_misc,L0,auxiliary_system,5,15,35,1
EAVT-L1-EXPERT-001-N002,EAVT-L1-EXPERT-001,nuisance_misc,L0,auxiliary_system,340,350,360,1
EAVT-L1-EXPERT-001-N003,EAVT-L1-EXPERT-001,nuisance_misc,L0,auxiliary_system,475,485,505,1
EAVT-L1-EXPERT-001-N004,EAVT-L1-EXPERT-001,nuisance_misc,L0,auxiliary_system,485,495,505,1
EAVT-L1-EXPERT-001-N005,EAVT-L1-EXPERT-001,nuisance_misc,L0,auxiliary_system,555,565,570,1
EAVT-L1-EXPERT-001-N006,EAVT-L1-EXPERT-001,nuisance_misc,L0,auxiliary_system,635,645,665,1
EAVT-L1-EXPERT-001-N007,EAVT-L1-EXPERT-001,nuisance_misc,L0,auxiliary_system,750,760,775,1
EAVT-L1-EXPERT-001-N008,EAVT-L1-EXPERT-001,nuisance_misc,L0,auxiliary_system,755,765,785,1
EAVT-L1-EXPERT-001-N009,EAVT-L1-EXPERT-001,nuisance_misc,L0,auxiliary_system,905,915,925,1
EAVT-L1-EXPERT-001-N010,EAVT-L1-EXPERT-001,nuisance_misc,L0,auxiliary_system,1245,1255,1260,1
EAVT-L1-EXPERT-001-N011,EAVT-L1-EXPERT-001,nuisance_misc,L0,auxiliary_system,1585,1595,1605,1
EAVT-L1-EXPERT-001-N012,EAVT-L1-EXPERT-001,nuisance_misc,L0,auxiliary_system,1595,1605,1610,1
EAVT-L1-EXPERT-001-N013,EAVT-L1-EXPERT-001,nuisance_misc,L0,auxiliary_system,1615,1625,1645,1
EAVT-L1-EXPERT-001-N014,EAVT-L1-EXPERT-001,nuisance_misc,L0,auxiliary_system,1930,1940,1950,1
EAVT-L1-EXPERT-001-N015,EAVT-L1-EXPERT-001,nuisance_misc,L0,auxiliary_system,2020,2030,2035,1
EAVT-L1-EXPERT-001-N016,EAVT-L1-EXPERT-001,nuisance_misc,L0,auxiliary_system,2100,2110,2125,1
EAVT-L1-EXPERT-001-N017,EAVT-L1-EXPERT-001,nuisance_misc,L0,auxiliary_system,2280,2290,2295,1
EAVT-L1-EXPERT-001-N018,EAVT-L1-EXPERT-001,nuisance_misc,L0,auxiliary_system,2480,2490,2500,1
EAVT-L1-EXPERT-001-N019,EAVT-L1-EXPERT-001,nuisance_misc,L0,auxiliary_system,2575,2585,2590,1
EAVT-L1-EXPERT-001-N020,EAVT-L1-EXPERT-001,nuisance_misc,L0,auxiliary_system,2790,2800,2810,1
EAVT-L1-EXPERT-001-N021,EAVT-L1-EXPERT-001,nuisance_misc,L0,auxiliary_system,2810,2820,2825,1
EAVT-L1-EXPERT-001-N022,EAVT-L1-EXPERT-001,nuisance_misc,L0,auxiliary_system,2930,2940,2945,1
EAVT-L1-EXPERT-001-N023,EAVT-L1-EXPERT-001,nuisance_misc,L0,auxiliary_system,3270,3280,3290,1
EAVT-L1-EXPERT-001-N024,EAVT-L1-EXPERT-001,nuisance_misc,L0,auxiliary_system,3275,3285,3290,1
EAVT-L1-EXPERT-001-N025,EAVT-L1-EXPERT-001,nuisance_misc,L0,auxiliary_system,3365,3375,3380,1
EAVT-L1-EXPERT-001-N026,EAVT-L1-EXPERT-001,nuisance_misc,L0,auxiliary_system,3585,3595,3615,1
EAVT-L1-EXPERT-001-N027,EAVT-L1-EXPERT-001,nuisance_misc,L0,auxiliary_system,3615,3625,3635,1
EAVT-L1-EXPERT-001-N028,EAVT-L1-EXPERT-001,nuisance_misc,L0,auxiliary_system,3790,3800,3815,1
EAVT-L1-EXPERT-001-S01,EAVT-L1-EXPERT-001,flow_deviation_branch,L1,feed_branch_3,3240,3265,3370,0
EAVT-L1-EXPERT-001-S02,EAVT-L1-EXPERT-001,t11_temperature_deviation,L3,T-1...T-11,3260,3265,3360,0
EAVT-L1-EXPERT-001-S03,EAVT-L1-EXPERT-001,feed_flow_imbalance,L2,feed_system,3265,3270,3335,0
EAVT-L1-EXPERT-001-S04,EAVT-L1-EXPERT-001,feed_flow_imbalance,L2,feed_system,3340,3345,3345,0
EAVT-L1-EXPERT-001-S05,EAVT-L1-EXPERT-001,flow_deviation_branch,L1,feed_branch_3,3375,3380,3385,0
EAVT-L1-EXPERT-002-N001,EAVT-L1-EXPERT-002,nuisance_misc,L0,auxiliary_system,20,30,50,1
EAVT-L1-EXPERT-002-N002,EAVT-L1-EXPERT-002,nuisance_misc,L0,auxiliary_system,50,60,75,1
EAVT-L1-EXPERT-002-N003,EAVT-L1-EXPERT-002,nuisance_misc,L0,auxiliary_system,165,175,180,1
EAVT-L1-EXPERT-002-N004,EAVT-L1-EXPERT-002,nuisance_misc,L0,auxiliary_system,270,280,285,1
EAVT-L1-EXPERT-002-N005,EAVT-L1-EXPERT-002,nuisance_misc,L0,auxiliary_system,330,340,360,1
EAVT-L1-EXPERT-002-N006,EAVT-L1-EXPERT-002,nuisance_misc,L0,auxiliary_system,405,415,430,1
EAVT-L1-EXPERT-002-N007,EAVT-L1-EXPERT-002,nuisance_misc,L0,auxiliary_system,405,415,420,1
EAVT-L1-EXPERT-002-N008,EAVT-L1-EXPERT-002,nuisance_misc,L0,auxiliary_system,455,465,470,1
EAVT-L1-EXPERT-002-N009,EAVT-L1-EXPERT-002,nuisance_misc,L0,auxiliary_system,590,600,620,1
EAVT-L1-EXPERT-002-N010,EAVT-L1-EXPERT-002,nuisance_misc,L0,auxiliary_system,645,655,660,1
EAVT-L1-EXPERT-002-N011,EAVT-L1-EXPERT-002,nuisance_misc,L0,auxiliary_system,825,835,840,1
EAVT-L1-EXPERT-002-N012,EAVT-L1-EXPERT-002,nuisance_misc,L0,auxiliary_system,865,875,895,1
EAVT-L1-EXPERT-002-N013,EAVT-L1-EXPERT-002,nuisance_misc,L0,auxiliary_system,1095,1105,1125,1
EAVT-L1-EXPERT-002-N014,EAVT-L1-EXPERT-002,nuisance_misc,L0,auxiliary_system,1155,1165,1170,1
EAVT-L1-EXPERT-002-N015,EAVT-L1-EXPERT-002,nuisance_misc,L0,auxiliary_system,1220,1230,1240,1
EAVT-L1-EXPERT-002-N016,EAVT-L1-EXPERT-002,nuisance_misc,L0,auxiliary_system,1305,1315,1320,1
EAVT-L1-EXPERT-002-N017,EAVT-L1-EXPERT-002,nuisance_misc,L0,auxiliary_system,1320,1330,1350,1
EAVT-L1-EXPERT-002-N018,EAVT-L1-EXPERT-002,nuisance_misc,L0,auxiliary_system,1390,1400,1420,1
EAVT-L1-EXPERT-002-N019,EAVT-L1-EXPERT-002,nuisance_misc,L0,auxiliary_system,1515,1525,1540,1
EAVT-L1-EXPERT-002-N020,EAVT-L1-EXPERT-002,nuisance_misc,L0,auxiliary_system,1550,1560,1580,1
EAVT-L1-EXPERT-002-N021,EAVT-L1-EXPERT-002,nuisance_misc,L0,auxiliary_system,1595,1605,1620,1
EAVT-L1-EXPERT-002-N022,EAVT-L1-EXPERT-002,nuisance_misc,L0,auxiliary_system,1730,1740,1760,1
EAVT-L1-EXPERT-002-N023,EAVT-L1-EXPERT-002,nuisance_misc,L0,auxiliary_system,1895,1905,1915,1
EAVT-L1-EXPERT-002-N024,EAVT-L1-EXPERT-002,nuisance_misc,L0,auxiliary_system,2070,2080,2100,1
EAVT-L1-EXPERT-002-N025,EAVT-L1-EXPERT-002,nuisance_misc,L0,auxiliary_system,2285,2295,2315,1
EAVT-L1-EXPERT-002-N026,EAVT-L1-EXPERT-002,nuisance_misc,L0,auxiliary_system,2345,2355,2375,1
EAVT-L1-EXPERT-002-N027,EAVT-L1-EXPERT-002,nuisance_misc,L0,auxiliary_system,2380,2390,2405,1
EAVT-L1-EXPERT-002-N028,EAVT-L1-EXPERT-002,nuisance_misc,L0,auxiliary_system,2515,2525,2530,1
EAVT-L1-EXPERT-002-N029,EAVT-L1-EXPERT-002,nuisance_misc,L0,auxiliary_system,2735,2745,2765,1
EAVT-L1-EXPERT-002-N030,EAVT-L1-EXPERT-002,nuisance_misc,L0,auxiliary_system,3235,3245,3265,1
EAVT-L1-EXPERT-002-N031,EAVT-L1-EXPERT-002,nuisance_misc,L0,auxiliary_system,3290,3300,3305,1
EAVT-L1-EXPERT-002-N032,EAVT-L1-EXPERT-002,nuisance_misc,L0,auxiliary_system,3450,3460,3465,1
EAVT-L1-EXPERT-002-N033,EAVT-L1-EXPERT-002,nuisance_misc,L0,auxiliary_system,3570,3580,3600,1
EAVT-L1-EXPERT-002-S01,EAVT-L1-EXPERT-002,flow_deviation_branch,L1,feed_branch_1,3295,3320,3900,0
EAVT-L1-EXPERT-002-S02,EAVT-L1-EXPERT-002,t11_temperature_deviation,L3,T-1...T-11,3310,3320,3900,0
EAVT-L1-EXPERT-002-S03,EAVT-L1-EXPERT-002,feed_flow_imbalance,L2,feed_system,3325,3330,3900,0
EAVT-L1-EXPERT-002-S04,EAVT-L1-EXPERT-002,elou_load_imbalance,L4,ELOU,3390,3395,3900,0
EAVT-L1-EXPERT-002-S05,EAVT-L1-EXPERT-002,k1_feed_deviation,L5,K-1,3505,3510,3900,0
EAVT-L1-SLOW-003-N001,EAVT-L1-SLOW-003,nuisance_misc,L0,auxiliary_system,135,155,155,1
EAVT-L1-SLOW-003-N002,EAVT-L1-SLOW-003,nuisance_misc,L0,auxiliary_system,140,160,170,1
EAVT-L1-SLOW-003-N003,EAVT-L1-SLOW-003,nuisance_misc,L0,auxiliary_system,530,550,560,1
EAVT-L1-SLOW-003-N004,EAVT-L1-SLOW-003,nuisance_misc,L0,auxiliary_system,540,560,570,1
EAVT-L1-SLOW-003-N005,EAVT-L1-SLOW-003,nuisance_misc,L0,auxiliary_system,815,835,840,1
EAVT-L1-SLOW-003-N006,EAVT-L1-SLOW-003,nuisance_misc,L0,auxiliary_system,835,855,855,1
EAVT-L1-SLOW-003-N007,EAVT-L1-SLOW-003,nuisance_misc,L0,auxiliary_system,1025,1045,1040,1
EAVT-L1-SLOW-003-N008,EAVT-L1-SLOW-003,nuisance_misc,L0,auxiliary_system,1245,1265,1260,1
EAVT-L1-SLOW-003-N009,EAVT-L1-SLOW-003,nuisance_misc,L0,auxiliary_system,1560,1580,1590,1
EAVT-L1-SLOW-003-N010,EAVT-L1-SLOW-003,nuisance_misc,L0,auxiliary_system,1575,1595,1600,1
EAVT-L1-SLOW-003-N011,EAVT-L1-SLOW-003,nuisance_misc,L0,auxiliary_system,1800,1820,1825,1
EAVT-L1-SLOW-003-N012,EAVT-L1-SLOW-003,nuisance_misc,L0,auxiliary_system,1885,1905,1905,1
EAVT-L1-SLOW-003-N013,EAVT-L1-SLOW-003,nuisance_misc,L0,auxiliary_system,1895,1915,1920,1
EAVT-L1-SLOW-003-N014,EAVT-L1-SLOW-003,nuisance_misc,L0,auxiliary_system,1985,2005,2005,1
EAVT-L1-SLOW-003-N015,EAVT-L1-SLOW-003,nuisance_misc,L0,auxiliary_system,2065,2085,2095,1
EAVT-L1-SLOW-003-N016,EAVT-L1-SLOW-003,nuisance_misc,L0,auxiliary_system,2155,2175,2180,1
EAVT-L1-SLOW-003-N017,EAVT-L1-SLOW-003,nuisance_misc,L0,auxiliary_system,2180,2200,2195,1
EAVT-L1-SLOW-003-N018,EAVT-L1-SLOW-003,nuisance_misc,L0,auxiliary_system,2470,2490,2490,1
EAVT-L1-SLOW-003-N019,EAVT-L1-SLOW-003,nuisance_misc,L0,auxiliary_system,2850,2870,2870,1
EAVT-L1-SLOW-003-N020,EAVT-L1-SLOW-003,nuisance_misc,L0,auxiliary_system,2960,2980,2980,1
EAVT-L1-SLOW-003-N021,EAVT-L1-SLOW-003,nuisance_misc,L0,auxiliary_system,3015,3035,3035,1
EAVT-L1-SLOW-003-N022,EAVT-L1-SLOW-003,nuisance_misc,L0,auxiliary_system,3055,3075,3075,1
EAVT-L1-SLOW-003-N023,EAVT-L1-SLOW-003,nuisance_misc,L0,auxiliary_system,3230,3250,3255,1
EAVT-L1-SLOW-003-N024,EAVT-L1-SLOW-003,nuisance_misc,L0,auxiliary_system,3360,3380,3375,1
EAVT-L1-SLOW-003-N025,EAVT-L1-SLOW-003,nuisance_misc,L0,auxiliary_system,3600,3620,3620,1
EAVT-L1-SLOW-003-N026,EAVT-L1-SLOW-003,nuisance_misc,L0,auxiliary_system,3615,3635,3645,1
EAVT-L1-SLOW-003-N027,EAVT-L1-SLOW-003,nuisance_misc,L0,auxiliary_system,3620,3640,3640,1
EAVT-L1-SLOW-003-N028,EAVT-L1-SLOW-003,nuisance_misc,L0,auxiliary_system,3675,3695,3700,1
EAVT-L1-SLOW-003-N029,EAVT-L1-SLOW-003,nuisance_misc,L0,auxiliary_system,3725,3745,3750,1
EAVT-L1-SLOW-003-S01,EAVT-L1-SLOW-003,flow_deviation_branch,L1,feed_branch_2,3140,3245,3430,0
EAVT-L1-SLOW-003-S02,EAVT-L1-SLOW-003,t11_temperature_deviation,L3,T-1...T-11,3155,3245,3470,0
EAVT-L1-SLOW-003-S03,EAVT-L1-SLOW-003,feed_flow_imbalance,L2,feed_system,3165,3245,3410,0
EAVT-L1-SLOW-003-S04,EAVT-L1-SLOW-003,elou_load_imbalance,L4,ELOU,3225,3245,3365,0
EAVT-L1-SLOW-004-N001,EAVT-L1-SLOW-004,nuisance_misc,L0,auxiliary_system,10,30,30,1
EAVT-L1-SLOW-004-N002,EAVT-L1-SLOW-004,nuisance_misc,L0,auxiliary_system,40,60,55,1
EAVT-L1-SLOW-004-N003,EAVT-L1-SLOW-004,nuisance_misc,L0,auxiliary_system,105,125,135,1
EAVT-L1-SLOW-004-N004,EAVT-L1-SLOW-004,nuisance_misc,L0,auxiliary_system,120,140,145,1
EAVT-L1-SLOW-004-N005,EAVT-L1-SLOW-004,nuisance_misc,L0,auxiliary_system,190,210,210,1
EAVT-L1-SLOW-004-N006,EAVT-L1-SLOW-004,nuisance_misc,L0,auxiliary_system,205,225,220,1
EAVT-L1-SLOW-004-N007,EAVT-L1-SLOW-004,nuisance_misc,L0,auxiliary_system,445,465,475,1
EAVT-L1-SLOW-004-N008,EAVT-L1-SLOW-004,nuisance_misc,L0,auxiliary_system,825,845,845,1
EAVT-L1-SLOW-004-N009,EAVT-L1-SLOW-004,nuisance_misc,L0,auxiliary_system,855,875,870,1
EAVT-L1-SLOW-004-N010,EAVT-L1-SLOW-004,nuisance_misc,L0,auxiliary_system,910,930,925,1
EAVT-L1-SLOW-004-N011,EAVT-L1-SLOW-004,nuisance_misc,L0,auxiliary_system,915,935,935,1
EAVT-L1-SLOW-004-N012,EAVT-L1-SLOW-004,nuisance_misc,L0,auxiliary_system,945,965,975,1
EAVT-L1-SLOW-004-N013,EAVT-L1-SLOW-004,nuisance_misc,L0,auxiliary_system,1505,1525,1530,1
EAVT-L1-SLOW-004-N014,EAVT-L1-SLOW-004,nuisance_misc,L0,auxiliary_system,1670,1690,1700,1
EAVT-L1-SLOW-004-N015,EAVT-L1-SLOW-004,nuisance_misc,L0,auxiliary_system,1880,1900,1905,1
EAVT-L1-SLOW-004-N016,EAVT-L1-SLOW-004,nuisance_misc,L0,auxiliary_system,1885,1905,1915,1
EAVT-L1-SLOW-004-N017,EAVT-L1-SLOW-004,nuisance_misc,L0,auxiliary_system,2015,2035,2045,1
EAVT-L1-SLOW-004-N018,EAVT-L1-SLOW-004,nuisance_misc,L0,auxiliary_system,2215,2235,2235,1
EAVT-L1-SLOW-004-N019,EAVT-L1-SLOW-004,nuisance_misc,L0,auxiliary_system,2325,2345,2345,1
EAVT-L1-SLOW-004-N020,EAVT-L1-SLOW-004,nuisance_misc,L0,auxiliary_system,2495,2515,2510,1
EAVT-L1-SLOW-004-N021,EAVT-L1-SLOW-004,nuisance_misc,L0,auxiliary_system,2800,2820,2815,1
EAVT-L1-SLOW-004-N022,EAVT-L1-SLOW-004,nuisance_misc,L0,auxiliary_system,2925,2945,2940,1
EAVT-L1-SLOW-004-N023,EAVT-L1-SLOW-004,nuisance_misc,L0,auxiliary_system,2925,2945,2940,1
EAVT-L1-SLOW-004-N024,EAVT-L1-SLOW-004,nuisance_misc,L0,auxiliary_system,3165,3185,3180,1
EAVT-L1-SLOW-004-N025,EAVT-L1-SLOW-004,nuisance_misc,L0,auxiliary_system,3410,3430,3425,1
EAVT-L1-SLOW-004-N026,EAVT-L1-SLOW-004,nuisance_misc,L0,auxiliary_system,3555,3575,3585,1
EAVT-L1-SLOW-004-N027,EAVT-L1-SLOW-004,nuisance_misc,L0,auxiliary_system,3630,3650,3645,1
EAVT-L1-SLOW-004-N028,EAVT-L1-SLOW-004,nuisance_misc,L0,auxiliary_system,3690,3710,3710,1
EAVT-L1-SLOW-004-S01,EAVT-L1-SLOW-004,flow_deviation_branch,L1,feed_branch_3,3290,3380,3560,0
EAVT-L1-SLOW-004-S02,EAVT-L1-SLOW-004,t11_temperature_deviation,L3,T-1...T-11,3305,3380,3550,0
EAVT-L1-SLOW-004-S03,EAVT-L1-SLOW-004,feed_flow_imbalance,L2,feed_system,3320,3380,3540,0
EAVT-L1-SLOW-004-S04,EAVT-L1-SLOW-004,elou_load_imbalance,L4,ELOU,3385,3400,3485,0
EAVT-L1-ALARM-OVERLOAD-005-N001,EAVT-L1-ALARM-OVERLOAD-005,nuisance_misc,L0,auxiliary_system,125,,150,1
EAVT-L1-ALARM-OVERLOAD-005-N002,EAVT-L1-ALARM-OVERLOAD-005,nuisance_misc,L0,auxiliary_system,585,,615,1
EAVT-L1-ALARM-OVERLOAD-005-N003,EAVT-L1-ALARM-OVERLOAD-005,nuisance_misc,L0,auxiliary_system,870,,895,1
EAVT-L1-ALARM-OVERLOAD-005-N004,EAVT-L1-ALARM-OVERLOAD-005,nuisance_misc,L0,auxiliary_system,975,,1000,1
EAVT-L1-ALARM-OVERLOAD-005-N005,EAVT-L1-ALARM-OVERLOAD-005,nuisance_misc,L0,auxiliary_system,1045,,1065,1
EAVT-L1-ALARM-OVERLOAD-005-N006,EAVT-L1-ALARM-OVERLOAD-005,nuisance_misc,L0,auxiliary_system,1060,,1090,1
EAVT-L1-ALARM-OVERLOAD-005-N007,EAVT-L1-ALARM-OVERLOAD-005,nuisance_misc,L0,auxiliary_system,1360,,1385,1
EAVT-L1-ALARM-OVERLOAD-005-N008,EAVT-L1-ALARM-OVERLOAD-005,nuisance_misc,L0,auxiliary_system,1380,,1400,1
EAVT-L1-ALARM-OVERLOAD-005-N009,EAVT-L1-ALARM-OVERLOAD-005,nuisance_misc,L0,auxiliary_system,1560,,1580,1
EAVT-L1-ALARM-OVERLOAD-005-N010,EAVT-L1-ALARM-OVERLOAD-005,nuisance_misc,L0,auxiliary_system,1690,,1720,1
EAVT-L1-ALARM-OVERLOAD-005-N011,EAVT-L1-ALARM-OVERLOAD-005,nuisance_misc,L0,auxiliary_system,1725,,1755,1
EAVT-L1-ALARM-OVERLOAD-005-N012,EAVT-L1-ALARM-OVERLOAD-005,nuisance_misc,L0,auxiliary_system,1760,,1780,1
EAVT-L1-ALARM-OVERLOAD-005-N013,EAVT-L1-ALARM-OVERLOAD-005,nuisance_misc,L0,auxiliary_system,1810,,1835,1
EAVT-L1-ALARM-OVERLOAD-005-N014,EAVT-L1-ALARM-OVERLOAD-005,nuisance_misc,L0,auxiliary_system,1905,,1920,1
EAVT-L1-ALARM-OVERLOAD-005-N015,EAVT-L1-ALARM-OVERLOAD-005,nuisance_misc,L0,auxiliary_system,2120,,2140,1
EAVT-L1-ALARM-OVERLOAD-005-N016,EAVT-L1-ALARM-OVERLOAD-005,nuisance_misc,L0,auxiliary_system,2160,,2190,1
EAVT-L1-ALARM-OVERLOAD-005-N017,EAVT-L1-ALARM-OVERLOAD-005,nuisance_misc,L0,auxiliary_system,2825,,2850,1
EAVT-L1-ALARM-OVERLOAD-005-N018,EAVT-L1-ALARM-OVERLOAD-005,nuisance_misc,L0,auxiliary_system,3110,,3130,1
EAVT-L1-ALARM-OVERLOAD-005-N019,EAVT-L1-ALARM-OVERLOAD-005,nuisance_misc,L0,auxiliary_system,3150,,3175,1
EAVT-L1-ALARM-OVERLOAD-005-N020,EAVT-L1-ALARM-OVERLOAD-005,nuisance_misc,L0,auxiliary_system,3535,,3550,1
EAVT-L1-ALARM-OVERLOAD-005-N021,EAVT-L1-ALARM-OVERLOAD-005,nuisance_misc,L0,auxiliary_system,3700,,3720,1
EAVT-L1-ALARM-OVERLOAD-005-N022,EAVT-L1-ALARM-OVERLOAD-005,nuisance_misc,L0,auxiliary_system,3750,,3775,1
EAVT-L1-ALARM-OVERLOAD-005-N023,EAVT-L1-ALARM-OVERLOAD-005,nuisance_misc,L0,auxiliary_system,3810,,3835,1
EAVT-L1-ALARM-OVERLOAD-005-S01,EAVT-L1-ALARM-OVERLOAD-005,flow_deviation_branch,L1,feed_branch_1,3285,3380,3290,0
EAVT-L1-ALARM-OVERLOAD-005-S02,EAVT-L1-ALARM-OVERLOAD-005,flow_deviation_branch,L1,feed_branch_1,3295,3380,3560,0
EAVT-L1-ALARM-OVERLOAD-005-S03,EAVT-L1-ALARM-OVERLOAD-005,t11_temperature_deviation,L3,T-1...T-11,3310,3380,3550,0
EAVT-L1-ALARM-OVERLOAD-005-S04,EAVT-L1-ALARM-OVERLOAD-005,feed_flow_imbalance,L2,feed_system,3320,3380,3530,0
EAVT-L1-ALARM-OVERLOAD-005-S05,EAVT-L1-ALARM-OVERLOAD-005,elou_load_imbalance,L4,ELOU,3380,3425,3495,0
EAVT-L1-ALARM-OVERLOAD-005-S06,EAVT-L1-ALARM-OVERLOAD-005,feed_flow_imbalance,L2,feed_system,3535,3580,3540,0
EAVT-L1-ALARM-OVERLOAD-006-N001,EAVT-L1-ALARM-OVERLOAD-006,nuisance_misc,L0,auxiliary_system,215,,235,1
EAVT-L1-ALARM-OVERLOAD-006-N002,EAVT-L1-ALARM-OVERLOAD-006,nuisance_misc,L0,auxiliary_system,290,,315,1
EAVT-L1-ALARM-OVERLOAD-006-N003,EAVT-L1-ALARM-OVERLOAD-006,nuisance_misc,L0,auxiliary_system,405,,425,1
EAVT-L1-ALARM-OVERLOAD-006-N004,EAVT-L1-ALARM-OVERLOAD-006,nuisance_misc,L0,auxiliary_system,610,,635,1
EAVT-L1-ALARM-OVERLOAD-006-N005,EAVT-L1-ALARM-OVERLOAD-006,nuisance_misc,L0,auxiliary_system,615,,640,1
EAVT-L1-ALARM-OVERLOAD-006-N006,EAVT-L1-ALARM-OVERLOAD-006,nuisance_misc,L0,auxiliary_system,1090,,1120,1
EAVT-L1-ALARM-OVERLOAD-006-N007,EAVT-L1-ALARM-OVERLOAD-006,nuisance_misc,L0,auxiliary_system,1105,,1135,1
EAVT-L1-ALARM-OVERLOAD-006-N008,EAVT-L1-ALARM-OVERLOAD-006,nuisance_misc,L0,auxiliary_system,1600,,1625,1
EAVT-L1-ALARM-OVERLOAD-006-N009,EAVT-L1-ALARM-OVERLOAD-006,nuisance_misc,L0,auxiliary_system,1765,,1780,1
EAVT-L1-ALARM-OVERLOAD-006-N010,EAVT-L1-ALARM-OVERLOAD-006,nuisance_misc,L0,auxiliary_system,1960,,1980,1
EAVT-L1-ALARM-OVERLOAD-006-N011,EAVT-L1-ALARM-OVERLOAD-006,nuisance_misc,L0,auxiliary_system,2140,,2165,1
EAVT-L1-ALARM-OVERLOAD-006-N012,EAVT-L1-ALARM-OVERLOAD-006,nuisance_misc,L0,auxiliary_system,2530,,2545,1
EAVT-L1-ALARM-OVERLOAD-006-N013,EAVT-L1-ALARM-OVERLOAD-006,nuisance_misc,L0,auxiliary_system,2770,,2795,1
EAVT-L1-ALARM-OVERLOAD-006-N014,EAVT-L1-ALARM-OVERLOAD-006,nuisance_misc,L0,auxiliary_system,3145,,3160,1
EAVT-L1-ALARM-OVERLOAD-006-N015,EAVT-L1-ALARM-OVERLOAD-006,nuisance_misc,L0,auxiliary_system,3255,,3270,1
EAVT-L1-ALARM-OVERLOAD-006-N016,EAVT-L1-ALARM-OVERLOAD-006,nuisance_misc,L0,auxiliary_system,3280,,3295,1
EAVT-L1-ALARM-OVERLOAD-006-N017,EAVT-L1-ALARM-OVERLOAD-006,nuisance_misc,L0,auxiliary_system,3535,,3560,1
EAVT-L1-ALARM-OVERLOAD-006-N018,EAVT-L1-ALARM-OVERLOAD-006,nuisance_misc,L0,auxiliary_system,3600,,3620,1
EAVT-L1-ALARM-OVERLOAD-006-S01,EAVT-L1-ALARM-OVERLOAD-006,flow_deviation_branch,L1,feed_branch_2,3220,3280,3455,0
EAVT-L1-ALARM-OVERLOAD-006-S02,EAVT-L1-ALARM-OVERLOAD-006,t11_temperature_deviation,L3,T-1...T-11,3240,3285,3440,0
EAVT-L1-ALARM-OVERLOAD-006-S03,EAVT-L1-ALARM-OVERLOAD-006,feed_flow_imbalance,L2,feed_system,3255,3300,3425,0
EAVT-L1-ALARM-OVERLOAD-006-S04,EAVT-L1-ALARM-OVERLOAD-006,elou_load_imbalance,L4,ELOU,3320,3365,3360,0
EAVT-L1-ALARM-OVERLOAD-006-S05,EAVT-L1-ALARM-OVERLOAD-006,elou_load_imbalance,L4,ELOU,3370,3415,3375,0
EAVT-L1-WRONG-DIAGNOSIS-007-N001,EAVT-L1-WRONG-DIAGNOSIS-007,nuisance_misc,L0,auxiliary_system,250,270,265,1
EAVT-L1-WRONG-DIAGNOSIS-007-N002,EAVT-L1-WRONG-DIAGNOSIS-007,nuisance_misc,L0,auxiliary_system,290,310,315,1
EAVT-L1-WRONG-DIAGNOSIS-007-N003,EAVT-L1-WRONG-DIAGNOSIS-007,nuisance_misc,L0,auxiliary_system,320,340,350,1
EAVT-L1-WRONG-DIAGNOSIS-007-N004,EAVT-L1-WRONG-DIAGNOSIS-007,nuisance_misc,L0,auxiliary_system,475,495,490,1
EAVT-L1-WRONG-DIAGNOSIS-007-N005,EAVT-L1-WRONG-DIAGNOSIS-007,nuisance_misc,L0,auxiliary_system,710,730,730,1
EAVT-L1-WRONG-DIAGNOSIS-007-N006,EAVT-L1-WRONG-DIAGNOSIS-007,nuisance_misc,L0,auxiliary_system,805,825,835,1
EAVT-L1-WRONG-DIAGNOSIS-007-N007,EAVT-L1-WRONG-DIAGNOSIS-007,nuisance_misc,L0,auxiliary_system,925,945,950,1
EAVT-L1-WRONG-DIAGNOSIS-007-N008,EAVT-L1-WRONG-DIAGNOSIS-007,nuisance_misc,L0,auxiliary_system,1015,1035,1030,1
EAVT-L1-WRONG-DIAGNOSIS-007-N009,EAVT-L1-WRONG-DIAGNOSIS-007,nuisance_misc,L0,auxiliary_system,1145,1165,1165,1
EAVT-L1-WRONG-DIAGNOSIS-007-N010,EAVT-L1-WRONG-DIAGNOSIS-007,nuisance_misc,L0,auxiliary_system,1185,1205,1210,1
EAVT-L1-WRONG-DIAGNOSIS-007-N011,EAVT-L1-WRONG-DIAGNOSIS-007,nuisance_misc,L0,auxiliary_system,1540,1560,1565,1
EAVT-L1-WRONG-DIAGNOSIS-007-N012,EAVT-L1-WRONG-DIAGNOSIS-007,nuisance_misc,L0,auxiliary_system,1555,1575,1580,1
EAVT-L1-WRONG-DIAGNOSIS-007-N013,EAVT-L1-WRONG-DIAGNOSIS-007,nuisance_misc,L0,auxiliary_system,1665,1685,1685,1
EAVT-L1-WRONG-DIAGNOSIS-007-N014,EAVT-L1-WRONG-DIAGNOSIS-007,nuisance_misc,L0,auxiliary_system,2140,2160,2170,1
EAVT-L1-WRONG-DIAGNOSIS-007-N015,EAVT-L1-WRONG-DIAGNOSIS-007,nuisance_misc,L0,auxiliary_system,2225,2245,2240,1
EAVT-L1-WRONG-DIAGNOSIS-007-N016,EAVT-L1-WRONG-DIAGNOSIS-007,nuisance_misc,L0,auxiliary_system,2285,2305,2310,1
EAVT-L1-WRONG-DIAGNOSIS-007-N017,EAVT-L1-WRONG-DIAGNOSIS-007,nuisance_misc,L0,auxiliary_system,2490,2510,2520,1
EAVT-L1-WRONG-DIAGNOSIS-007-N018,EAVT-L1-WRONG-DIAGNOSIS-007,nuisance_misc,L0,auxiliary_system,2490,2510,2510,1
EAVT-L1-WRONG-DIAGNOSIS-007-N019,EAVT-L1-WRONG-DIAGNOSIS-007,nuisance_misc,L0,auxiliary_system,2500,2520,2515,1
EAVT-L1-WRONG-DIAGNOSIS-007-N020,EAVT-L1-WRONG-DIAGNOSIS-007,nuisance_misc,L0,auxiliary_system,2740,2760,2765,1
EAVT-L1-WRONG-DIAGNOSIS-007-N021,EAVT-L1-WRONG-DIAGNOSIS-007,nuisance_misc,L0,auxiliary_system,2785,2805,2810,1
EAVT-L1-WRONG-DIAGNOSIS-007-N022,EAVT-L1-WRONG-DIAGNOSIS-007,nuisance_misc,L0,auxiliary_system,2840,2860,2865,1
EAVT-L1-WRONG-DIAGNOSIS-007-N023,EAVT-L1-WRONG-DIAGNOSIS-007,nuisance_misc,L0,auxiliary_system,2925,2945,2940,1
EAVT-L1-WRONG-DIAGNOSIS-007-N024,EAVT-L1-WRONG-DIAGNOSIS-007,nuisance_misc,L0,auxiliary_system,3195,3215,3215,1
EAVT-L1-WRONG-DIAGNOSIS-007-N025,EAVT-L1-WRONG-DIAGNOSIS-007,nuisance_misc,L0,auxiliary_system,3375,3395,3400,1
EAVT-L1-WRONG-DIAGNOSIS-007-N026,EAVT-L1-WRONG-DIAGNOSIS-007,nuisance_misc,L0,auxiliary_system,3635,3655,3660,1
EAVT-L1-WRONG-DIAGNOSIS-007-N027,EAVT-L1-WRONG-DIAGNOSIS-007,nuisance_misc,L0,auxiliary_system,3720,3740,3740,1
EAVT-L1-WRONG-DIAGNOSIS-007-S01,EAVT-L1-WRONG-DIAGNOSIS-007,flow_deviation_branch,L1,feed_branch_3,3195,3245,3900,0
EAVT-L1-WRONG-DIAGNOSIS-007-S02,EAVT-L1-WRONG-DIAGNOSIS-007,t11_temperature_deviation,L3,T-1...T-11,3210,3245,3900,0
EAVT-L1-WRONG-DIAGNOSIS-007-S03,EAVT-L1-WRONG-DIAGNOSIS-007,feed_flow_imbalance,L2,feed_system,3220,3245,3900,0
EAVT-L1-WRONG-DIAGNOSIS-007-S04,EAVT-L1-WRONG-DIAGNOSIS-007,elou_load_imbalance,L4,ELOU,3285,3300,3900,0
EAVT-L1-WRONG-DIAGNOSIS-007-S05,EAVT-L1-WRONG-DIAGNOSIS-007,k1_feed_deviation,L5,K-1,3395,3410,3900,0
EAVT-L1-WRONG-DIAGNOSIS-008-N001,EAVT-L1-WRONG-DIAGNOSIS-008,nuisance_misc,L0,auxiliary_system,135,155,155,1
EAVT-L1-WRONG-DIAGNOSIS-008-N002,EAVT-L1-WRONG-DIAGNOSIS-008,nuisance_misc,L0,auxiliary_system,330,350,355,1
EAVT-L1-WRONG-DIAGNOSIS-008-N003,EAVT-L1-WRONG-DIAGNOSIS-008,nuisance_misc,L0,auxiliary_system,465,485,480,1
EAVT-L1-WRONG-DIAGNOSIS-008-N004,EAVT-L1-WRONG-DIAGNOSIS-008,nuisance_misc,L0,auxiliary_system,490,510,505,1
EAVT-L1-WRONG-DIAGNOSIS-008-N005,EAVT-L1-WRONG-DIAGNOSIS-008,nuisance_misc,L0,auxiliary_system,505,525,520,1
EAVT-L1-WRONG-DIAGNOSIS-008-N006,EAVT-L1-WRONG-DIAGNOSIS-008,nuisance_misc,L0,auxiliary_system,625,645,640,1
EAVT-L1-WRONG-DIAGNOSIS-008-N007,EAVT-L1-WRONG-DIAGNOSIS-008,nuisance_misc,L0,auxiliary_system,635,655,660,1
EAVT-L1-WRONG-DIAGNOSIS-008-N008,EAVT-L1-WRONG-DIAGNOSIS-008,nuisance_misc,L0,auxiliary_system,790,810,815,1
EAVT-L1-WRONG-DIAGNOSIS-008-N009,EAVT-L1-WRONG-DIAGNOSIS-008,nuisance_misc,L0,auxiliary_system,860,880,885,1
EAVT-L1-WRONG-DIAGNOSIS-008-N010,EAVT-L1-WRONG-DIAGNOSIS-008,nuisance_misc,L0,auxiliary_system,890,910,910,1
EAVT-L1-WRONG-DIAGNOSIS-008-N011,EAVT-L1-WRONG-DIAGNOSIS-008,nuisance_misc,L0,auxiliary_system,980,1000,995,1
EAVT-L1-WRONG-DIAGNOSIS-008-N012,EAVT-L1-WRONG-DIAGNOSIS-008,nuisance_misc,L0,auxiliary_system,1140,1160,1165,1
EAVT-L1-WRONG-DIAGNOSIS-008-N013,EAVT-L1-WRONG-DIAGNOSIS-008,nuisance_misc,L0,auxiliary_system,1855,1875,1880,1
EAVT-L1-WRONG-DIAGNOSIS-008-N014,EAVT-L1-WRONG-DIAGNOSIS-008,nuisance_misc,L0,auxiliary_system,2175,2195,2190,1
EAVT-L1-WRONG-DIAGNOSIS-008-N015,EAVT-L1-WRONG-DIAGNOSIS-008,nuisance_misc,L0,auxiliary_system,2605,2625,2620,1
EAVT-L1-WRONG-DIAGNOSIS-008-N016,EAVT-L1-WRONG-DIAGNOSIS-008,nuisance_misc,L0,auxiliary_system,2610,2630,2630,1
EAVT-L1-WRONG-DIAGNOSIS-008-N017,EAVT-L1-WRONG-DIAGNOSIS-008,nuisance_misc,L0,auxiliary_system,2825,2845,2845,1
EAVT-L1-WRONG-DIAGNOSIS-008-N018,EAVT-L1-WRONG-DIAGNOSIS-008,nuisance_misc,L0,auxiliary_system,2850,2870,2870,1
EAVT-L1-WRONG-DIAGNOSIS-008-N019,EAVT-L1-WRONG-DIAGNOSIS-008,nuisance_misc,L0,auxiliary_system,2870,2890,2900,1
EAVT-L1-WRONG-DIAGNOSIS-008-N020,EAVT-L1-WRONG-DIAGNOSIS-008,nuisance_misc,L0,auxiliary_system,3200,3220,3225,1
EAVT-L1-WRONG-DIAGNOSIS-008-N021,EAVT-L1-WRONG-DIAGNOSIS-008,nuisance_misc,L0,auxiliary_system,3205,3225,3225,1
EAVT-L1-WRONG-DIAGNOSIS-008-N022,EAVT-L1-WRONG-DIAGNOSIS-008,nuisance_misc,L0,auxiliary_system,3575,3595,3595,1
EAVT-L1-WRONG-DIAGNOSIS-008-N023,EAVT-L1-WRONG-DIAGNOSIS-008,nuisance_misc,L0,auxiliary_system,3585,3605,3605,1
EAVT-L1-WRONG-DIAGNOSIS-008-N024,EAVT-L1-WRONG-DIAGNOSIS-008,nuisance_misc,L0,auxiliary_system,3760,3780,3780,1
EAVT-L1-WRONG-DIAGNOSIS-008-N025,EAVT-L1-WRONG-DIAGNOSIS-008,nuisance_misc,L0,auxiliary_system,3835,3855,3865,1
EAVT-L1-WRONG-DIAGNOSIS-008-S01,EAVT-L1-WRONG-DIAGNOSIS-008,flow_deviation_branch,L1,feed_branch_1,3150,3225,3900,0
EAVT-L1-WRONG-DIAGNOSIS-008-S02,EAVT-L1-WRONG-DIAGNOSIS-008,t11_temperature_deviation,L3,T-1...T-11,3160,3225,3900,0
EAVT-L1-WRONG-DIAGNOSIS-008-S03,EAVT-L1-WRONG-DIAGNOSIS-008,feed_flow_imbalance,L2,feed_system,3180,3225,3900,0
EAVT-L1-WRONG-DIAGNOSIS-008-S04,EAVT-L1-WRONG-DIAGNOSIS-008,elou_load_imbalance,L4,ELOU,3245,3260,3900,0
EAVT-L1-WRONG-DIAGNOSIS-008-S05,EAVT-L1-WRONG-DIAGNOSIS-008,k1_feed_deviation,L5,K-1,3335,3350,3340,0
EAVT-L1-WRONG-DIAGNOSIS-008-S06,EAVT-L1-WRONG-DIAGNOSIS-008,k1_feed_deviation,L5,K-1,3360,3375,3900,0
EAVT-L1-NO-VERIFICATION-009-N001,EAVT-L1-NO-VERIFICATION-009,nuisance_misc,L0,auxiliary_system,155,175,180,1
EAVT-L1-NO-VERIFICATION-009-N002,EAVT-L1-NO-VERIFICATION-009,nuisance_misc,L0,auxiliary_system,630,650,650,1
EAVT-L1-NO-VERIFICATION-009-N003,EAVT-L1-NO-VERIFICATION-009,nuisance_misc,L0,auxiliary_system,880,900,900,1
EAVT-L1-NO-VERIFICATION-009-N004,EAVT-L1-NO-VERIFICATION-009,nuisance_misc,L0,auxiliary_system,1115,1135,1145,1
EAVT-L1-NO-VERIFICATION-009-N005,EAVT-L1-NO-VERIFICATION-009,nuisance_misc,L0,auxiliary_system,1175,1195,1195,1
EAVT-L1-NO-VERIFICATION-009-N006,EAVT-L1-NO-VERIFICATION-009,nuisance_misc,L0,auxiliary_system,1565,1585,1590,1
EAVT-L1-NO-VERIFICATION-009-N007,EAVT-L1-NO-VERIFICATION-009,nuisance_misc,L0,auxiliary_system,1680,1700,1705,1
EAVT-L1-NO-VERIFICATION-009-N008,EAVT-L1-NO-VERIFICATION-009,nuisance_misc,L0,auxiliary_system,1750,1770,1775,1
EAVT-L1-NO-VERIFICATION-009-N009,EAVT-L1-NO-VERIFICATION-009,nuisance_misc,L0,auxiliary_system,2100,2120,2130,1
EAVT-L1-NO-VERIFICATION-009-N010,EAVT-L1-NO-VERIFICATION-009,nuisance_misc,L0,auxiliary_system,2270,2290,2295,1
EAVT-L1-NO-VERIFICATION-009-N011,EAVT-L1-NO-VERIFICATION-009,nuisance_misc,L0,auxiliary_system,2500,2520,2525,1
EAVT-L1-NO-VERIFICATION-009-N012,EAVT-L1-NO-VERIFICATION-009,nuisance_misc,L0,auxiliary_system,2760,2780,2790,1
EAVT-L1-NO-VERIFICATION-009-N013,EAVT-L1-NO-VERIFICATION-009,nuisance_misc,L0,auxiliary_system,2815,2835,2845,1
EAVT-L1-NO-VERIFICATION-009-N014,EAVT-L1-NO-VERIFICATION-009,nuisance_misc,L0,auxiliary_system,2875,2895,2890,1
EAVT-L1-NO-VERIFICATION-009-N015,EAVT-L1-NO-VERIFICATION-009,nuisance_misc,L0,auxiliary_system,2935,2955,2955,1
EAVT-L1-NO-VERIFICATION-009-N016,EAVT-L1-NO-VERIFICATION-009,nuisance_misc,L0,auxiliary_system,2960,2980,2985,1
EAVT-L1-NO-VERIFICATION-009-N017,EAVT-L1-NO-VERIFICATION-009,nuisance_misc,L0,auxiliary_system,3000,3020,3020,1
EAVT-L1-NO-VERIFICATION-009-N018,EAVT-L1-NO-VERIFICATION-009,nuisance_misc,L0,auxiliary_system,3020,3040,3050,1
EAVT-L1-NO-VERIFICATION-009-N019,EAVT-L1-NO-VERIFICATION-009,nuisance_misc,L0,auxiliary_system,3025,3045,3055,1
EAVT-L1-NO-VERIFICATION-009-N020,EAVT-L1-NO-VERIFICATION-009,nuisance_misc,L0,auxiliary_system,3055,3075,3075,1
EAVT-L1-NO-VERIFICATION-009-N021,EAVT-L1-NO-VERIFICATION-009,nuisance_misc,L0,auxiliary_system,3215,3235,3235,1
EAVT-L1-NO-VERIFICATION-009-N022,EAVT-L1-NO-VERIFICATION-009,nuisance_misc,L0,auxiliary_system,3460,3480,3475,1
EAVT-L1-NO-VERIFICATION-009-N023,EAVT-L1-NO-VERIFICATION-009,nuisance_misc,L0,auxiliary_system,3550,3570,3580,1
EAVT-L1-NO-VERIFICATION-009-N024,EAVT-L1-NO-VERIFICATION-009,nuisance_misc,L0,auxiliary_system,3675,3695,3705,1
EAVT-L1-NO-VERIFICATION-009-N025,EAVT-L1-NO-VERIFICATION-009,nuisance_misc,L0,auxiliary_system,3695,3715,3710,1
EAVT-L1-NO-VERIFICATION-009-N026,EAVT-L1-NO-VERIFICATION-009,nuisance_misc,L0,auxiliary_system,3730,3750,3745,1
EAVT-L1-NO-VERIFICATION-009-N027,EAVT-L1-NO-VERIFICATION-009,nuisance_misc,L0,auxiliary_system,3830,3850,3850,1
EAVT-L1-NO-VERIFICATION-009-S01,EAVT-L1-NO-VERIFICATION-009,flow_deviation_branch,L1,feed_branch_2,3190,3240,3370,0
EAVT-L1-NO-VERIFICATION-009-S02,EAVT-L1-NO-VERIFICATION-009,t11_temperature_deviation,L3,T-1...T-11,3210,3240,3360,0
EAVT-L1-NO-VERIFICATION-009-S03,EAVT-L1-NO-VERIFICATION-009,feed_flow_imbalance,L2,feed_system,3220,3240,3345,0
EAVT-L1-NO-VERIFICATION-010-N001,EAVT-L1-NO-VERIFICATION-010,nuisance_misc,L0,auxiliary_system,95,115,125,1
EAVT-L1-NO-VERIFICATION-010-N002,EAVT-L1-NO-VERIFICATION-010,nuisance_misc,L0,auxiliary_system,110,130,130,1
EAVT-L1-NO-VERIFICATION-010-N003,EAVT-L1-NO-VERIFICATION-010,nuisance_misc,L0,auxiliary_system,290,310,315,1
EAVT-L1-NO-VERIFICATION-010-N004,EAVT-L1-NO-VERIFICATION-010,nuisance_misc,L0,auxiliary_system,335,355,365,1
EAVT-L1-NO-VERIFICATION-010-N005,EAVT-L1-NO-VERIFICATION-010,nuisance_misc,L0,auxiliary_system,435,455,450,1
EAVT-L1-NO-VERIFICATION-010-N006,EAVT-L1-NO-VERIFICATION-010,nuisance_misc,L0,auxiliary_system,560,580,575,1
EAVT-L1-NO-VERIFICATION-010-N007,EAVT-L1-NO-VERIFICATION-010,nuisance_misc,L0,auxiliary_system,590,610,620,1
EAVT-L1-NO-VERIFICATION-010-N008,EAVT-L1-NO-VERIFICATION-010,nuisance_misc,L0,auxiliary_system,715,735,745,1
EAVT-L1-NO-VERIFICATION-010-N009,EAVT-L1-NO-VERIFICATION-010,nuisance_misc,L0,auxiliary_system,740,760,765,1
EAVT-L1-NO-VERIFICATION-010-N010,EAVT-L1-NO-VERIFICATION-010,nuisance_misc,L0,auxiliary_system,845,865,875,1
EAVT-L1-NO-VERIFICATION-010-N011,EAVT-L1-NO-VERIFICATION-010,nuisance_misc,L0,auxiliary_system,920,940,935,1
EAVT-L1-NO-VERIFICATION-010-N012,EAVT-L1-NO-VERIFICATION-010,nuisance_misc,L0,auxiliary_system,1015,1035,1045,1
EAVT-L1-NO-VERIFICATION-010-N013,EAVT-L1-NO-VERIFICATION-010,nuisance_misc,L0,auxiliary_system,1035,1055,1060,1
EAVT-L1-NO-VERIFICATION-010-N014,EAVT-L1-NO-VERIFICATION-010,nuisance_misc,L0,auxiliary_system,1060,1080,1075,1
EAVT-L1-NO-VERIFICATION-010-N015,EAVT-L1-NO-VERIFICATION-010,nuisance_misc,L0,auxiliary_system,1100,1120,1125,1
EAVT-L1-NO-VERIFICATION-010-N016,EAVT-L1-NO-VERIFICATION-010,nuisance_misc,L0,auxiliary_system,1385,1405,1400,1
EAVT-L1-NO-VERIFICATION-010-N017,EAVT-L1-NO-VERIFICATION-010,nuisance_misc,L0,auxiliary_system,1585,1605,1615,1
EAVT-L1-NO-VERIFICATION-010-N018,EAVT-L1-NO-VERIFICATION-010,nuisance_misc,L0,auxiliary_system,1785,1805,1800,1
EAVT-L1-NO-VERIFICATION-010-N019,EAVT-L1-NO-VERIFICATION-010,nuisance_misc,L0,auxiliary_system,1975,1995,2005,1
EAVT-L1-NO-VERIFICATION-010-N020,EAVT-L1-NO-VERIFICATION-010,nuisance_misc,L0,auxiliary_system,2000,2020,2020,1
EAVT-L1-NO-VERIFICATION-010-N021,EAVT-L1-NO-VERIFICATION-010,nuisance_misc,L0,auxiliary_system,2130,2150,2150,1
EAVT-L1-NO-VERIFICATION-010-N022,EAVT-L1-NO-VERIFICATION-010,nuisance_misc,L0,auxiliary_system,2325,2345,2340,1
EAVT-L1-NO-VERIFICATION-010-N023,EAVT-L1-NO-VERIFICATION-010,nuisance_misc,L0,auxiliary_system,2475,2495,2505,1
EAVT-L1-NO-VERIFICATION-010-N024,EAVT-L1-NO-VERIFICATION-010,nuisance_misc,L0,auxiliary_system,2500,2520,2520,1
EAVT-L1-NO-VERIFICATION-010-N025,EAVT-L1-NO-VERIFICATION-010,nuisance_misc,L0,auxiliary_system,2515,2535,2545,1
EAVT-L1-NO-VERIFICATION-010-N026,EAVT-L1-NO-VERIFICATION-010,nuisance_misc,L0,auxiliary_system,2795,2815,2825,1
EAVT-L1-NO-VERIFICATION-010-N027,EAVT-L1-NO-VERIFICATION-010,nuisance_misc,L0,auxiliary_system,2880,2900,2895,1
EAVT-L1-NO-VERIFICATION-010-N028,EAVT-L1-NO-VERIFICATION-010,nuisance_misc,L0,auxiliary_system,2900,2920,2915,1
EAVT-L1-NO-VERIFICATION-010-N029,EAVT-L1-NO-VERIFICATION-010,nuisance_misc,L0,auxiliary_system,3075,3095,3105,1
EAVT-L1-NO-VERIFICATION-010-N030,EAVT-L1-NO-VERIFICATION-010,nuisance_misc,L0,auxiliary_system,3105,3125,3125,1
EAVT-L1-NO-VERIFICATION-010-N031,EAVT-L1-NO-VERIFICATION-010,nuisance_misc,L0,auxiliary_system,3785,3805,3805,1
EAVT-L1-NO-VERIFICATION-010-N032,EAVT-L1-NO-VERIFICATION-010,nuisance_misc,L0,auxiliary_system,3850,3870,3870,1
EAVT-L1-NO-VERIFICATION-010-S01,EAVT-L1-NO-VERIFICATION-010,flow_deviation_branch,L1,feed_branch_3,3140,3200,3340,0
EAVT-L1-NO-VERIFICATION-010-S02,EAVT-L1-NO-VERIFICATION-010,t11_temperature_deviation,L3,T-1...T-11,3155,3200,3325,0
EAVT-L1-NO-VERIFICATION-010-S03,EAVT-L1-NO-VERIFICATION-010,feed_flow_imbalance,L2,feed_system,3160,3200,3315,0
EAVT-L1-CHAOTIC-011-N001,EAVT-L1-CHAOTIC-011,nuisance_misc,L0,auxiliary_system,50,,80,1
EAVT-L1-CHAOTIC-011-N002,EAVT-L1-CHAOTIC-011,nuisance_misc,L0,auxiliary_system,255,,280,1
EAVT-L1-CHAOTIC-011-N003,EAVT-L1-CHAOTIC-011,nuisance_misc,L0,auxiliary_system,510,,530,1
EAVT-L1-CHAOTIC-011-N004,EAVT-L1-CHAOTIC-011,nuisance_misc,L0,auxiliary_system,705,,720,1
EAVT-L1-CHAOTIC-011-N005,EAVT-L1-CHAOTIC-011,nuisance_misc,L0,auxiliary_system,780,,805,1
EAVT-L1-CHAOTIC-011-N006,EAVT-L1-CHAOTIC-011,nuisance_misc,L0,auxiliary_system,790,,805,1
EAVT-L1-CHAOTIC-011-N007,EAVT-L1-CHAOTIC-011,nuisance_misc,L0,auxiliary_system,1535,,1555,1
EAVT-L1-CHAOTIC-011-N008,EAVT-L1-CHAOTIC-011,nuisance_misc,L0,auxiliary_system,1655,,1675,1
EAVT-L1-CHAOTIC-011-N009,EAVT-L1-CHAOTIC-011,nuisance_misc,L0,auxiliary_system,1655,,1685,1
EAVT-L1-CHAOTIC-011-N010,EAVT-L1-CHAOTIC-011,nuisance_misc,L0,auxiliary_system,1795,,1820,1
EAVT-L1-CHAOTIC-011-N011,EAVT-L1-CHAOTIC-011,nuisance_misc,L0,auxiliary_system,1965,,1985,1
EAVT-L1-CHAOTIC-011-N012,EAVT-L1-CHAOTIC-011,nuisance_misc,L0,auxiliary_system,2110,,2140,1
EAVT-L1-CHAOTIC-011-N013,EAVT-L1-CHAOTIC-011,nuisance_misc,L0,auxiliary_system,2225,,2255,1
EAVT-L1-CHAOTIC-011-N014,EAVT-L1-CHAOTIC-011,nuisance_misc,L0,auxiliary_system,2265,,2280,1
EAVT-L1-CHAOTIC-011-N015,EAVT-L1-CHAOTIC-011,nuisance_misc,L0,auxiliary_system,2405,,2425,1
EAVT-L1-CHAOTIC-011-N016,EAVT-L1-CHAOTIC-011,nuisance_misc,L0,auxiliary_system,2405,,2425,1
EAVT-L1-CHAOTIC-011-N017,EAVT-L1-CHAOTIC-011,nuisance_misc,L0,auxiliary_system,2670,,2700,1
EAVT-L1-CHAOTIC-011-N018,EAVT-L1-CHAOTIC-011,nuisance_misc,L0,auxiliary_system,2755,,2770,1
EAVT-L1-CHAOTIC-011-N019,EAVT-L1-CHAOTIC-011,nuisance_misc,L0,auxiliary_system,2950,,2980,1
EAVT-L1-CHAOTIC-011-N020,EAVT-L1-CHAOTIC-011,nuisance_misc,L0,auxiliary_system,2965,,2990,1
EAVT-L1-CHAOTIC-011-N021,EAVT-L1-CHAOTIC-011,nuisance_misc,L0,auxiliary_system,3090,,3110,1
EAVT-L1-CHAOTIC-011-N022,EAVT-L1-CHAOTIC-011,nuisance_misc,L0,auxiliary_system,3115,,3140,1
EAVT-L1-CHAOTIC-011-N023,EAVT-L1-CHAOTIC-011,nuisance_misc,L0,auxiliary_system,3220,,3240,1
EAVT-L1-CHAOTIC-011-S01,EAVT-L1-CHAOTIC-011,flow_deviation_branch,L1,feed_branch_1,3165,3250,3400,0
EAVT-L1-CHAOTIC-011-S02,EAVT-L1-CHAOTIC-011,t11_temperature_deviation,L3,T-1...T-11,3180,3250,3450,0
EAVT-L1-CHAOTIC-011-S03,EAVT-L1-CHAOTIC-011,feed_flow_imbalance,L2,feed_system,3195,3250,3385,0
EAVT-L1-CHAOTIC-011-S04,EAVT-L1-CHAOTIC-011,elou_load_imbalance,L4,ELOU,3250,3295,3325,0
EAVT-L1-CHAOTIC-011-S05,EAVT-L1-CHAOTIC-011,flow_deviation_branch,L1,feed_branch_1,3405,3450,3415,0
EAVT-L1-CHAOTIC-012-N001,EAVT-L1-CHAOTIC-012,nuisance_misc,L0,auxiliary_system,180,,210,1
EAVT-L1-CHAOTIC-012-N002,EAVT-L1-CHAOTIC-012,nuisance_misc,L0,auxiliary_system,330,,355,1
EAVT-L1-CHAOTIC-012-N003,EAVT-L1-CHAOTIC-012,nuisance_misc,L0,auxiliary_system,400,,425,1
EAVT-L1-CHAOTIC-012-N004,EAVT-L1-CHAOTIC-012,nuisance_misc,L0,auxiliary_system,555,,580,1
EAVT-L1-CHAOTIC-012-N005,EAVT-L1-CHAOTIC-012,nuisance_misc,L0,auxiliary_system,670,,700,1
EAVT-L1-CHAOTIC-012-N006,EAVT-L1-CHAOTIC-012,nuisance_misc,L0,auxiliary_system,730,,750,1
EAVT-L1-CHAOTIC-012-N007,EAVT-L1-CHAOTIC-012,nuisance_misc,L0,auxiliary_system,900,,920,1
EAVT-L1-CHAOTIC-012-N008,EAVT-L1-CHAOTIC-012,nuisance_misc,L0,auxiliary_system,985,,1010,1
EAVT-L1-CHAOTIC-012-N009,EAVT-L1-CHAOTIC-012,nuisance_misc,L0,auxiliary_system,1065,,1080,1
EAVT-L1-CHAOTIC-012-N010,EAVT-L1-CHAOTIC-012,nuisance_misc,L0,auxiliary_system,1235,,1250,1
EAVT-L1-CHAOTIC-012-N011,EAVT-L1-CHAOTIC-012,nuisance_misc,L0,auxiliary_system,1315,,1335,1
EAVT-L1-CHAOTIC-012-N012,EAVT-L1-CHAOTIC-012,nuisance_misc,L0,auxiliary_system,1480,,1510,1
EAVT-L1-CHAOTIC-012-N013,EAVT-L1-CHAOTIC-012,nuisance_misc,L0,auxiliary_system,1635,,1665,1
EAVT-L1-CHAOTIC-012-N014,EAVT-L1-CHAOTIC-012,nuisance_misc,L0,auxiliary_system,2125,,2140,1
EAVT-L1-CHAOTIC-012-N015,EAVT-L1-CHAOTIC-012,nuisance_misc,L0,auxiliary_system,2535,,2565,1
EAVT-L1-CHAOTIC-012-N016,EAVT-L1-CHAOTIC-012,nuisance_misc,L0,auxiliary_system,2550,,2570,1
EAVT-L1-CHAOTIC-012-N017,EAVT-L1-CHAOTIC-012,nuisance_misc,L0,auxiliary_system,2585,,2615,1
EAVT-L1-CHAOTIC-012-N018,EAVT-L1-CHAOTIC-012,nuisance_misc,L0,auxiliary_system,2645,,2660,1
EAVT-L1-CHAOTIC-012-N019,EAVT-L1-CHAOTIC-012,nuisance_misc,L0,auxiliary_system,2710,,2740,1
EAVT-L1-CHAOTIC-012-N020,EAVT-L1-CHAOTIC-012,nuisance_misc,L0,auxiliary_system,2715,,2745,1
EAVT-L1-CHAOTIC-012-N021,EAVT-L1-CHAOTIC-012,nuisance_misc,L0,auxiliary_system,2750,,2770,1
EAVT-L1-CHAOTIC-012-N022,EAVT-L1-CHAOTIC-012,nuisance_misc,L0,auxiliary_system,2755,,2780,1
EAVT-L1-CHAOTIC-012-N023,EAVT-L1-CHAOTIC-012,nuisance_misc,L0,auxiliary_system,2915,,2940,1
EAVT-L1-CHAOTIC-012-N024,EAVT-L1-CHAOTIC-012,nuisance_misc,L0,auxiliary_system,2950,,2975,1
EAVT-L1-CHAOTIC-012-N025,EAVT-L1-CHAOTIC-012,nuisance_misc,L0,auxiliary_system,3000,,3015,1
EAVT-L1-CHAOTIC-012-N026,EAVT-L1-CHAOTIC-012,nuisance_misc,L0,auxiliary_system,3355,,3375,1
EAVT-L1-CHAOTIC-012-N027,EAVT-L1-CHAOTIC-012,nuisance_misc,L0,auxiliary_system,3390,,3420,1
EAVT-L1-CHAOTIC-012-N028,EAVT-L1-CHAOTIC-012,nuisance_misc,L0,auxiliary_system,3880,,3900,1
EAVT-L1-CHAOTIC-012-S01,EAVT-L1-CHAOTIC-012,flow_deviation_branch,L1,feed_branch_2,3295,3390,3550,0
EAVT-L1-CHAOTIC-012-S02,EAVT-L1-CHAOTIC-012,t11_temperature_deviation,L3,T-1...T-11,3315,3390,3595,0
EAVT-L1-CHAOTIC-012-S03,EAVT-L1-CHAOTIC-012,feed_flow_imbalance,L2,feed_system,3325,3390,3525,0
EAVT-L1-CHAOTIC-012-S04,EAVT-L1-CHAOTIC-012,elou_load_imbalance,L4,ELOU,3390,3435,3470,0
EAVT-L2-EXPERT-013-N001,EAVT-L2-EXPERT-013,nuisance_misc,L0,auxiliary_system,45,55,75,1
EAVT-L2-EXPERT-013-N002,EAVT-L2-EXPERT-013,nuisance_misc,L0,auxiliary_system,120,130,145,1
EAVT-L2-EXPERT-013-N003,EAVT-L2-EXPERT-013,nuisance_misc,L0,auxiliary_system,125,135,140,1
EAVT-L2-EXPERT-013-N004,EAVT-L2-EXPERT-013,nuisance_misc,L0,auxiliary_system,180,190,205,1
EAVT-L2-EXPERT-013-N005,EAVT-L2-EXPERT-013,nuisance_misc,L0,auxiliary_system,195,205,225,1
EAVT-L2-EXPERT-013-N006,EAVT-L2-EXPERT-013,nuisance_misc,L0,auxiliary_system,215,225,235,1
EAVT-L2-EXPERT-013-N007,EAVT-L2-EXPERT-013,nuisance_misc,L0,auxiliary_system,220,230,240,1
EAVT-L2-EXPERT-013-N008,EAVT-L2-EXPERT-013,nuisance_misc,L0,auxiliary_system,295,305,315,1
EAVT-L2-EXPERT-013-N009,EAVT-L2-EXPERT-013,nuisance_misc,L0,auxiliary_system,345,355,375,1
EAVT-L2-EXPERT-013-N010,EAVT-L2-EXPERT-013,nuisance_misc,L0,auxiliary_system,345,355,360,1
EAVT-L2-EXPERT-013-N011,EAVT-L2-EXPERT-013,nuisance_misc,L0,auxiliary_system,355,365,380,1
EAVT-L2-EXPERT-013-N012,EAVT-L2-EXPERT-013,nuisance_misc,L0,auxiliary_system,370,380,400,1
EAVT-L2-EXPERT-013-N013,EAVT-L2-EXPERT-013,nuisance_misc,L0,auxiliary_system,370,380,400,1
EAVT-L2-EXPERT-013-N014,EAVT-L2-EXPERT-013,nuisance_misc,L0,auxiliary_system,385,395,415,1
EAVT-L2-EXPERT-013-N015,EAVT-L2-EXPERT-013,nuisance_misc,L0,auxiliary_system,430,440,450,1
EAVT-L2-EXPERT-013-N016,EAVT-L2-EXPERT-013,nuisance_misc,L0,auxiliary_system,470,480,500,1
EAVT-L2-EXPERT-013-N017,EAVT-L2-EXPERT-013,nuisance_misc,L0,auxiliary_system,490,500,505,1
EAVT-L2-EXPERT-013-N018,EAVT-L2-EXPERT-013,nuisance_misc,L0,auxiliary_system,505,515,535,1
EAVT-L2-EXPERT-013-N019,EAVT-L2-EXPERT-013,nuisance_misc,L0,auxiliary_system,525,535,555,1
EAVT-L2-EXPERT-013-N020,EAVT-L2-EXPERT-013,nuisance_misc,L0,auxiliary_system,565,575,595,1
EAVT-L2-EXPERT-013-N021,EAVT-L2-EXPERT-013,nuisance_misc,L0,auxiliary_system,575,585,605,1
EAVT-L2-EXPERT-013-N022,EAVT-L2-EXPERT-013,nuisance_misc,L0,auxiliary_system,650,660,665,1
EAVT-L2-EXPERT-013-N023,EAVT-L2-EXPERT-013,nuisance_misc,L0,auxiliary_system,660,670,690,1
EAVT-L2-EXPERT-013-N024,EAVT-L2-EXPERT-013,nuisance_misc,L0,auxiliary_system,680,690,705,1
EAVT-L2-EXPERT-013-N025,EAVT-L2-EXPERT-013,nuisance_misc,L0,auxiliary_system,760,770,780,1
EAVT-L2-EXPERT-013-N026,EAVT-L2-EXPERT-013,nuisance_misc,L0,auxiliary_system,760,770,790,1
EAVT-L2-EXPERT-013-N027,EAVT-L2-EXPERT-013,nuisance_misc,L0,auxiliary_system,765,775,780,1
EAVT-L2-EXPERT-013-N028,EAVT-L2-EXPERT-013,nuisance_misc,L0,auxiliary_system,825,835,850,1
EAVT-L2-EXPERT-013-N029,EAVT-L2-EXPERT-013,nuisance_misc,L0,auxiliary_system,845,855,875,1
EAVT-L2-EXPERT-013-N030,EAVT-L2-EXPERT-013,nuisance_misc,L0,auxiliary_system,915,925,930,1
EAVT-L2-EXPERT-013-N031,EAVT-L2-EXPERT-013,nuisance_misc,L0,auxiliary_system,955,965,975,1
EAVT-L2-EXPERT-013-N032,EAVT-L2-EXPERT-013,nuisance_misc,L0,auxiliary_system,965,975,990,1
EAVT-L2-EXPERT-013-N033,EAVT-L2-EXPERT-013,nuisance_misc,L0,auxiliary_system,975,985,995,1
EAVT-L2-EXPERT-013-N034,EAVT-L2-EXPERT-013,nuisance_misc,L0,auxiliary_system,985,995,1015,1
EAVT-L2-EXPERT-013-N035,EAVT-L2-EXPERT-013,nuisance_misc,L0,auxiliary_system,995,1005,1025,1
EAVT-L2-EXPERT-013-N036,EAVT-L2-EXPERT-013,nuisance_misc,L0,auxiliary_system,1040,1050,1055,1
EAVT-L2-EXPERT-013-N037,EAVT-L2-EXPERT-013,nuisance_misc,L0,auxiliary_system,1065,1075,1095,1
EAVT-L2-EXPERT-013-N038,EAVT-L2-EXPERT-013,nuisance_misc,L0,auxiliary_system,1120,1130,1140,1
EAVT-L2-EXPERT-013-N039,EAVT-L2-EXPERT-013,nuisance_misc,L0,auxiliary_system,1140,1150,1160,1
EAVT-L2-EXPERT-013-N040,EAVT-L2-EXPERT-013,nuisance_misc,L0,auxiliary_system,1145,1155,1170,1
EAVT-L2-EXPERT-013-N041,EAVT-L2-EXPERT-013,nuisance_misc,L0,auxiliary_system,1150,1160,1165,1
EAVT-L2-EXPERT-013-N042,EAVT-L2-EXPERT-013,nuisance_misc,L0,auxiliary_system,1220,1230,1235,1
EAVT-L2-EXPERT-013-N043,EAVT-L2-EXPERT-013,nuisance_misc,L0,auxiliary_system,1285,1295,1310,1
EAVT-L2-EXPERT-013-N044,EAVT-L2-EXPERT-013,nuisance_misc,L0,auxiliary_system,1295,1305,1325,1
EAVT-L2-EXPERT-013-N045,EAVT-L2-EXPERT-013,nuisance_misc,L0,auxiliary_system,1320,1330,1350,1
EAVT-L2-EXPERT-013-N046,EAVT-L2-EXPERT-013,nuisance_misc,L0,auxiliary_system,1365,1375,1385,1
EAVT-L2-EXPERT-013-N047,EAVT-L2-EXPERT-013,nuisance_misc,L0,auxiliary_system,1365,1375,1380,1
EAVT-L2-EXPERT-013-N048,EAVT-L2-EXPERT-013,nuisance_misc,L0,auxiliary_system,1370,1380,1395,1
EAVT-L2-EXPERT-013-N049,EAVT-L2-EXPERT-013,nuisance_misc,L0,auxiliary_system,1375,1385,1400,1
EAVT-L2-EXPERT-013-N050,EAVT-L2-EXPERT-013,nuisance_misc,L0,auxiliary_system,1385,1395,1415,1
EAVT-L2-EXPERT-013-N051,EAVT-L2-EXPERT-013,nuisance_misc,L0,auxiliary_system,1415,1425,1445,1
EAVT-L2-EXPERT-013-N052,EAVT-L2-EXPERT-013,nuisance_misc,L0,auxiliary_system,1435,1445,1460,1
EAVT-L2-EXPERT-013-N053,EAVT-L2-EXPERT-013,nuisance_misc,L0,auxiliary_system,1460,1470,1485,1
EAVT-L2-EXPERT-013-N054,EAVT-L2-EXPERT-013,nuisance_misc,L0,auxiliary_system,1480,1490,1500,1
EAVT-L2-EXPERT-013-N055,EAVT-L2-EXPERT-013,nuisance_misc,L0,auxiliary_system,1490,1500,1505,1
EAVT-L2-EXPERT-013-N056,EAVT-L2-EXPERT-013,nuisance_misc,L0,auxiliary_system,1510,1520,1530,1
EAVT-L2-EXPERT-013-N057,EAVT-L2-EXPERT-013,nuisance_misc,L0,auxiliary_system,1555,1565,1575,1
EAVT-L2-EXPERT-013-N058,EAVT-L2-EXPERT-013,nuisance_misc,L0,auxiliary_system,1590,1600,1605,1
EAVT-L2-EXPERT-013-N059,EAVT-L2-EXPERT-013,nuisance_misc,L0,auxiliary_system,1605,1615,1630,1
EAVT-L2-EXPERT-013-N060,EAVT-L2-EXPERT-013,nuisance_misc,L0,auxiliary_system,1610,1620,1625,1
EAVT-L2-EXPERT-013-N061,EAVT-L2-EXPERT-013,nuisance_misc,L0,auxiliary_system,1655,1665,1685,1
EAVT-L2-EXPERT-013-N062,EAVT-L2-EXPERT-013,nuisance_misc,L0,auxiliary_system,1765,1775,1780,1
EAVT-L2-EXPERT-013-N063,EAVT-L2-EXPERT-013,nuisance_misc,L0,auxiliary_system,1830,1840,1860,1
EAVT-L2-EXPERT-013-N064,EAVT-L2-EXPERT-013,nuisance_misc,L0,auxiliary_system,1840,1850,1860,1
EAVT-L2-EXPERT-013-N065,EAVT-L2-EXPERT-013,nuisance_misc,L0,auxiliary_system,1945,1955,1975,1
EAVT-L2-EXPERT-013-N066,EAVT-L2-EXPERT-013,nuisance_misc,L0,auxiliary_system,1975,1985,2000,1
EAVT-L2-EXPERT-013-N067,EAVT-L2-EXPERT-013,nuisance_misc,L0,auxiliary_system,1975,1985,2005,1
EAVT-L2-EXPERT-013-N068,EAVT-L2-EXPERT-013,nuisance_misc,L0,auxiliary_system,2015,2025,2035,1
EAVT-L2-EXPERT-013-N069,EAVT-L2-EXPERT-013,nuisance_misc,L0,auxiliary_system,2020,2030,2040,1
EAVT-L2-EXPERT-013-N070,EAVT-L2-EXPERT-013,nuisance_misc,L0,auxiliary_system,2045,2055,2075,1
EAVT-L2-EXPERT-013-N071,EAVT-L2-EXPERT-013,nuisance_misc,L0,auxiliary_system,2125,2135,2145,1
EAVT-L2-EXPERT-013-N072,EAVT-L2-EXPERT-013,nuisance_misc,L0,auxiliary_system,2165,2175,2195,1
EAVT-L2-EXPERT-013-N073,EAVT-L2-EXPERT-013,nuisance_misc,L0,auxiliary_system,2220,2230,2240,1
EAVT-L2-EXPERT-013-N074,EAVT-L2-EXPERT-013,nuisance_misc,L0,auxiliary_system,2240,2250,2270,1
EAVT-L2-EXPERT-013-N075,EAVT-L2-EXPERT-013,nuisance_misc,L0,auxiliary_system,2325,2335,2340,1
EAVT-L2-EXPERT-013-N076,EAVT-L2-EXPERT-013,nuisance_misc,L0,auxiliary_system,2370,2380,2400,1
EAVT-L2-EXPERT-013-N077,EAVT-L2-EXPERT-013,nuisance_misc,L0,auxiliary_system,2405,2415,2435,1
EAVT-L2-EXPERT-013-N078,EAVT-L2-EXPERT-013,nuisance_misc,L0,auxiliary_system,2410,2420,2440,1
EAVT-L2-EXPERT-013-N079,EAVT-L2-EXPERT-013,nuisance_misc,L0,auxiliary_system,2490,2500,2515,1
EAVT-L2-EXPERT-013-N080,EAVT-L2-EXPERT-013,nuisance_misc,L0,auxiliary_system,2495,2505,2510,1
EAVT-L2-EXPERT-013-N081,EAVT-L2-EXPERT-013,nuisance_misc,L0,auxiliary_system,2600,2610,2620,1
EAVT-L2-EXPERT-013-N082,EAVT-L2-EXPERT-013,nuisance_misc,L0,auxiliary_system,2610,2620,2635,1
EAVT-L2-EXPERT-013-N083,EAVT-L2-EXPERT-013,nuisance_misc,L0,auxiliary_system,2615,2625,2635,1
EAVT-L2-EXPERT-013-N084,EAVT-L2-EXPERT-013,nuisance_misc,L0,auxiliary_system,2620,2630,2645,1
EAVT-L2-EXPERT-013-N085,EAVT-L2-EXPERT-013,nuisance_misc,L0,auxiliary_system,2655,2665,2685,1
EAVT-L2-EXPERT-013-N086,EAVT-L2-EXPERT-013,nuisance_misc,L0,auxiliary_system,2765,2775,2790,1
EAVT-L2-EXPERT-013-N087,EAVT-L2-EXPERT-013,nuisance_misc,L0,auxiliary_system,2865,2875,2880,1
EAVT-L2-EXPERT-013-N088,EAVT-L2-EXPERT-013,nuisance_misc,L0,auxiliary_system,2875,2885,2905,1
EAVT-L2-EXPERT-013-N089,EAVT-L2-EXPERT-013,nuisance_misc,L0,auxiliary_system,3015,3025,3045,1
EAVT-L2-EXPERT-013-N090,EAVT-L2-EXPERT-013,nuisance_misc,L0,auxiliary_system,3130,3140,3150,1
EAVT-L2-EXPERT-013-N091,EAVT-L2-EXPERT-013,nuisance_misc,L0,auxiliary_system,3130,3140,3145,1
EAVT-L2-EXPERT-013-N092,EAVT-L2-EXPERT-013,nuisance_misc,L0,auxiliary_system,3150,3160,3170,1
EAVT-L2-EXPERT-013-N093,EAVT-L2-EXPERT-013,nuisance_misc,L0,auxiliary_system,3200,3210,3225,1
EAVT-L2-EXPERT-013-N094,EAVT-L2-EXPERT-013,nuisance_misc,L0,auxiliary_system,3285,3295,3300,1
EAVT-L2-EXPERT-013-N095,EAVT-L2-EXPERT-013,nuisance_misc,L0,auxiliary_system,3305,3315,3335,1
EAVT-L2-EXPERT-013-N096,EAVT-L2-EXPERT-013,nuisance_misc,L0,auxiliary_system,3350,3360,3365,1
EAVT-L2-EXPERT-013-N097,EAVT-L2-EXPERT-013,nuisance_misc,L0,auxiliary_system,3360,3370,3390,1
EAVT-L2-EXPERT-013-N098,EAVT-L2-EXPERT-013,nuisance_misc,L0,auxiliary_system,3385,3395,3405,1
EAVT-L2-EXPERT-013-N099,EAVT-L2-EXPERT-013,nuisance_misc,L0,auxiliary_system,3410,3420,3440,1
EAVT-L2-EXPERT-013-N100,EAVT-L2-EXPERT-013,nuisance_misc,L0,auxiliary_system,3420,3430,3435,1
EAVT-L2-EXPERT-013-N101,EAVT-L2-EXPERT-013,nuisance_misc,L0,auxiliary_system,3420,3430,3450,1
EAVT-L2-EXPERT-013-N102,EAVT-L2-EXPERT-013,nuisance_misc,L0,auxiliary_system,3490,3500,3515,1
EAVT-L2-EXPERT-013-N103,EAVT-L2-EXPERT-013,nuisance_misc,L0,auxiliary_system,3565,3575,3585,1
EAVT-L2-EXPERT-013-N104,EAVT-L2-EXPERT-013,nuisance_misc,L0,auxiliary_system,3575,3585,3595,1
EAVT-L2-EXPERT-013-N105,EAVT-L2-EXPERT-013,nuisance_misc,L0,auxiliary_system,3605,3615,3620,1
EAVT-L2-EXPERT-013-N106,EAVT-L2-EXPERT-013,nuisance_misc,L0,auxiliary_system,3620,3630,3640,1
EAVT-L2-EXPERT-013-N107,EAVT-L2-EXPERT-013,nuisance_misc,L0,auxiliary_system,3620,3630,3645,1
EAVT-L2-EXPERT-013-N108,EAVT-L2-EXPERT-013,nuisance_misc,L0,auxiliary_system,3675,3685,3690,1
EAVT-L2-EXPERT-013-N109,EAVT-L2-EXPERT-013,nuisance_misc,L0,auxiliary_system,3690,3700,3710,1
EAVT-L2-EXPERT-013-N110,EAVT-L2-EXPERT-013,nuisance_misc,L0,auxiliary_system,3765,3775,3780,1
EAVT-L2-EXPERT-013-N111,EAVT-L2-EXPERT-013,nuisance_misc,L0,auxiliary_system,3770,3780,3795,1
EAVT-L2-EXPERT-013-N112,EAVT-L2-EXPERT-013,nuisance_misc,L0,auxiliary_system,3830,3840,3850,1
EAVT-L2-EXPERT-013-N113,EAVT-L2-EXPERT-013,nuisance_misc,L0,auxiliary_system,3865,3875,3880,1
EAVT-L2-EXPERT-013-S01,EAVT-L2-EXPERT-013,flow_deviation_branch,L1,feed_branch_1,3270,3305,3460,0
EAVT-L2-EXPERT-013-S02,EAVT-L2-EXPERT-013,t11_temperature_deviation,L3,T-1...T-11,3285,3305,3530,0
EAVT-L2-EXPERT-013-S03,EAVT-L2-EXPERT-013,feed_flow_imbalance,L2,feed_system,3290,3305,3420,0
EAVT-L2-EXPERT-013-S04,EAVT-L2-EXPERT-013,elou_load_imbalance,L4,ELOU,3335,3340,3340,0
EAVT-L2-EXPERT-014-N001,EAVT-L2-EXPERT-014,nuisance_misc,L0,auxiliary_system,5,15,30,1
EAVT-L2-EXPERT-014-N002,EAVT-L2-EXPERT-014,nuisance_misc,L0,auxiliary_system,10,20,35,1
EAVT-L2-EXPERT-014-N003,EAVT-L2-EXPERT-014,nuisance_misc,L0,auxiliary_system,50,60,70,1
EAVT-L2-EXPERT-014-N004,EAVT-L2-EXPERT-014,nuisance_misc,L0,auxiliary_system,110,120,135,1
EAVT-L2-EXPERT-014-N005,EAVT-L2-EXPERT-014,nuisance_misc,L0,auxiliary_system,130,140,150,1
EAVT-L2-EXPERT-014-N006,EAVT-L2-EXPERT-014,nuisance_misc,L0,auxiliary_system,145,155,165,1
EAVT-L2-EXPERT-014-N007,EAVT-L2-EXPERT-014,nuisance_misc,L0,auxiliary_system,165,175,180,1
EAVT-L2-EXPERT-014-N008,EAVT-L2-EXPERT-014,nuisance_misc,L0,auxiliary_system,185,195,205,1
EAVT-L2-EXPERT-014-N009,EAVT-L2-EXPERT-014,nuisance_misc,L0,auxiliary_system,190,200,205,1
EAVT-L2-EXPERT-014-N010,EAVT-L2-EXPERT-014,nuisance_misc,L0,auxiliary_system,260,270,290,1
EAVT-L2-EXPERT-014-N011,EAVT-L2-EXPERT-014,nuisance_misc,L0,auxiliary_system,275,285,300,1
EAVT-L2-EXPERT-014-N012,EAVT-L2-EXPERT-014,nuisance_misc,L0,auxiliary_system,340,350,355,1
EAVT-L2-EXPERT-014-N013,EAVT-L2-EXPERT-014,nuisance_misc,L0,auxiliary_system,355,365,370,1
EAVT-L2-EXPERT-014-N014,EAVT-L2-EXPERT-014,nuisance_misc,L0,auxiliary_system,400,410,420,1
EAVT-L2-EXPERT-014-N015,EAVT-L2-EXPERT-014,nuisance_misc,L0,auxiliary_system,400,410,425,1
EAVT-L2-EXPERT-014-N016,EAVT-L2-EXPERT-014,nuisance_misc,L0,auxiliary_system,405,415,430,1
EAVT-L2-EXPERT-014-N017,EAVT-L2-EXPERT-014,nuisance_misc,L0,auxiliary_system,420,430,450,1
EAVT-L2-EXPERT-014-N018,EAVT-L2-EXPERT-014,nuisance_misc,L0,auxiliary_system,445,455,465,1
EAVT-L2-EXPERT-014-N019,EAVT-L2-EXPERT-014,nuisance_misc,L0,auxiliary_system,470,480,495,1
EAVT-L2-EXPERT-014-N020,EAVT-L2-EXPERT-014,nuisance_misc,L0,auxiliary_system,500,510,520,1
EAVT-L2-EXPERT-014-N021,EAVT-L2-EXPERT-014,nuisance_misc,L0,auxiliary_system,525,535,550,1
EAVT-L2-EXPERT-014-N022,EAVT-L2-EXPERT-014,nuisance_misc,L0,auxiliary_system,530,540,550,1
EAVT-L2-EXPERT-014-N023,EAVT-L2-EXPERT-014,nuisance_misc,L0,auxiliary_system,625,635,655,1
EAVT-L2-EXPERT-014-N024,EAVT-L2-EXPERT-014,nuisance_misc,L0,auxiliary_system,630,640,650,1
EAVT-L2-EXPERT-014-N025,EAVT-L2-EXPERT-014,nuisance_misc,L0,auxiliary_system,640,650,670,1
EAVT-L2-EXPERT-014-N026,EAVT-L2-EXPERT-014,nuisance_misc,L0,auxiliary_system,645,655,660,1
EAVT-L2-EXPERT-014-N027,EAVT-L2-EXPERT-014,nuisance_misc,L0,auxiliary_system,680,690,700,1
EAVT-L2-EXPERT-014-N028,EAVT-L2-EXPERT-014,nuisance_misc,L0,auxiliary_system,710,720,730,1
EAVT-L2-EXPERT-014-N029,EAVT-L2-EXPERT-014,nuisance_misc,L0,auxiliary_system,710,720,735,1
EAVT-L2-EXPERT-014-N030,EAVT-L2-EXPERT-014,nuisance_misc,L0,auxiliary_system,785,795,815,1
EAVT-L2-EXPERT-014-N031,EAVT-L2-EXPERT-014,nuisance_misc,L0,auxiliary_system,795,805,825,1
EAVT-L2-EXPERT-014-N032,EAVT-L2-EXPERT-014,nuisance_misc,L0,auxiliary_system,810,820,825,1
EAVT-L2-EXPERT-014-N033,EAVT-L2-EXPERT-014,nuisance_misc,L0,auxiliary_system,840,850,855,1
EAVT-L2-EXPERT-014-N034,EAVT-L2-EXPERT-014,nuisance_misc,L0,auxiliary_system,885,895,915,1
EAVT-L2-EXPERT-014-N035,EAVT-L2-EXPERT-014,nuisance_misc,L0,auxiliary_system,930,940,945,1
EAVT-L2-EXPERT-014-N036,EAVT-L2-EXPERT-014,nuisance_misc,L0,auxiliary_system,935,945,955,1
EAVT-L2-EXPERT-014-N037,EAVT-L2-EXPERT-014,nuisance_misc,L0,auxiliary_system,940,950,960,1
EAVT-L2-EXPERT-014-N038,EAVT-L2-EXPERT-014,nuisance_misc,L0,auxiliary_system,965,975,985,1
EAVT-L2-EXPERT-014-N039,EAVT-L2-EXPERT-014,nuisance_misc,L0,auxiliary_system,975,985,995,1
EAVT-L2-EXPERT-014-N040,EAVT-L2-EXPERT-014,nuisance_misc,L0,auxiliary_system,995,1005,1025,1
EAVT-L2-EXPERT-014-N041,EAVT-L2-EXPERT-014,nuisance_misc,L0,auxiliary_system,1000,1010,1025,1
EAVT-L2-EXPERT-014-N042,EAVT-L2-EXPERT-014,nuisance_misc,L0,auxiliary_system,1010,1020,1030,1
EAVT-L2-EXPERT-014-N043,EAVT-L2-EXPERT-014,nuisance_misc,L0,auxiliary_system,1020,1030,1045,1
EAVT-L2-EXPERT-014-N044,EAVT-L2-EXPERT-014,nuisance_misc,L0,auxiliary_system,1090,1100,1105,1
EAVT-L2-EXPERT-014-N045,EAVT-L2-EXPERT-014,nuisance_misc,L0,auxiliary_system,1120,1130,1140,1
EAVT-L2-EXPERT-014-N046,EAVT-L2-EXPERT-014,nuisance_misc,L0,auxiliary_system,1120,1130,1145,1
EAVT-L2-EXPERT-014-N047,EAVT-L2-EXPERT-014,nuisance_misc,L0,auxiliary_system,1145,1155,1170,1
EAVT-L2-EXPERT-014-N048,EAVT-L2-EXPERT-014,nuisance_misc,L0,auxiliary_system,1190,1200,1220,1
EAVT-L2-EXPERT-014-N049,EAVT-L2-EXPERT-014,nuisance_misc,L0,auxiliary_system,1195,1205,1215,1
EAVT-L2-EXPERT-014-N050,EAVT-L2-EXPERT-014,nuisance_misc,L0,auxiliary_system,1215,1225,1245,1
EAVT-L2-EXPERT-014-N051,EAVT-L2-EXPERT-014,nuisance_misc,L0,auxiliary_system,1225,1235,1240,1
EAVT-L2-EXPERT-014-N052,EAVT-L2-EXPERT-014,nuisance_misc,L0,auxiliary_system,1370,1380,1395,1
EAVT-L2-EXPERT-014-N053,EAVT-L2-EXPERT-014,nuisance_misc,L0,auxiliary_system,1385,1395,1415,1
EAVT-L2-EXPERT-014-N054,EAVT-L2-EXPERT-014,nuisance_misc,L0,auxiliary_system,1410,1420,1425,1
EAVT-L2-EXPERT-014-N055,EAVT-L2-EXPERT-014,nuisance_misc,L0,auxiliary_system,1440,1450,1460,1
EAVT-L2-EXPERT-014-N056,EAVT-L2-EXPERT-014,nuisance_misc,L0,auxiliary_system,1455,1465,1485,1
EAVT-L2-EXPERT-014-N057,EAVT-L2-EXPERT-014,nuisance_misc,L0,auxiliary_system,1550,1560,1570,1
EAVT-L2-EXPERT-014-N058,EAVT-L2-EXPERT-014,nuisance_misc,L0,auxiliary_system,1555,1565,1575,1
EAVT-L2-EXPERT-014-N059,EAVT-L2-EXPERT-014,nuisance_misc,L0,auxiliary_system,1610,1620,1635,1
EAVT-L2-EXPERT-014-N060,EAVT-L2-EXPERT-014,nuisance_misc,L0,auxiliary_system,1620,1630,1645,1
EAVT-L2-EXPERT-014-N061,EAVT-L2-EXPERT-014,nuisance_misc,L0,auxiliary_system,1650,1660,1665,1
EAVT-L2-EXPERT-014-N062,EAVT-L2-EXPERT-014,nuisance_misc,L0,auxiliary_system,1710,1720,1735,1
EAVT-L2-EXPERT-014-N063,EAVT-L2-EXPERT-014,nuisance_misc,L0,auxiliary_system,1735,1745,1765,1
EAVT-L2-EXPERT-014-N064,EAVT-L2-EXPERT-014,nuisance_misc,L0,auxiliary_system,1750,1760,1775,1
EAVT-L2-EXPERT-014-N065,EAVT-L2-EXPERT-014,nuisance_misc,L0,auxiliary_system,1790,1800,1805,1
EAVT-L2-EXPERT-014-N066,EAVT-L2-EXPERT-014,nuisance_misc,L0,auxiliary_system,1805,1815,1820,1
EAVT-L2-EXPERT-014-N067,EAVT-L2-EXPERT-014,nuisance_misc,L0,auxiliary_system,1835,1845,1865,1
EAVT-L2-EXPERT-014-N068,EAVT-L2-EXPERT-014,nuisance_misc,L0,auxiliary_system,1855,1865,1875,1
EAVT-L2-EXPERT-014-N069,EAVT-L2-EXPERT-014,nuisance_misc,L0,auxiliary_system,1875,1885,1895,1
EAVT-L2-EXPERT-014-N070,EAVT-L2-EXPERT-014,nuisance_misc,L0,auxiliary_system,1875,1885,1900,1
EAVT-L2-EXPERT-014-N071,EAVT-L2-EXPERT-014,nuisance_misc,L0,auxiliary_system,1905,1915,1935,1
EAVT-L2-EXPERT-014-N072,EAVT-L2-EXPERT-014,nuisance_misc,L0,auxiliary_system,1920,1930,1935,1
EAVT-L2-EXPERT-014-N073,EAVT-L2-EXPERT-014,nuisance_misc,L0,auxiliary_system,1985,1995,2000,1
EAVT-L2-EXPERT-014-N074,EAVT-L2-EXPERT-014,nuisance_misc,L0,auxiliary_system,1985,1995,2015,1
EAVT-L2-EXPERT-014-N075,EAVT-L2-EXPERT-014,nuisance_misc,L0,auxiliary_system,2085,2095,2115,1
EAVT-L2-EXPERT-014-N076,EAVT-L2-EXPERT-014,nuisance_misc,L0,auxiliary_system,2140,2150,2160,1
EAVT-L2-EXPERT-014-N077,EAVT-L2-EXPERT-014,nuisance_misc,L0,auxiliary_system,2190,2200,2215,1
EAVT-L2-EXPERT-014-N078,EAVT-L2-EXPERT-014,nuisance_misc,L0,auxiliary_system,2210,2220,2230,1
EAVT-L2-EXPERT-014-N079,EAVT-L2-EXPERT-014,nuisance_misc,L0,auxiliary_system,2215,2225,2230,1
EAVT-L2-EXPERT-014-N080,EAVT-L2-EXPERT-014,nuisance_misc,L0,auxiliary_system,2215,2225,2235,1
EAVT-L2-EXPERT-014-N081,EAVT-L2-EXPERT-014,nuisance_misc,L0,auxiliary_system,2400,2410,2430,1
EAVT-L2-EXPERT-014-N082,EAVT-L2-EXPERT-014,nuisance_misc,L0,auxiliary_system,2445,2455,2465,1
EAVT-L2-EXPERT-014-N083,EAVT-L2-EXPERT-014,nuisance_misc,L0,auxiliary_system,2485,2495,2510,1
EAVT-L2-EXPERT-014-N084,EAVT-L2-EXPERT-014,nuisance_misc,L0,auxiliary_system,2525,2535,2550,1
EAVT-L2-EXPERT-014-N085,EAVT-L2-EXPERT-014,nuisance_misc,L0,auxiliary_system,2535,2545,2550,1
EAVT-L2-EXPERT-014-N086,EAVT-L2-EXPERT-014,nuisance_misc,L0,auxiliary_system,2550,2560,2565,1
EAVT-L2-EXPERT-014-N087,EAVT-L2-EXPERT-014,nuisance_misc,L0,auxiliary_system,2570,2580,2585,1
EAVT-L2-EXPERT-014-N088,EAVT-L2-EXPERT-014,nuisance_misc,L0,auxiliary_system,2605,2615,2630,1
EAVT-L2-EXPERT-014-N089,EAVT-L2-EXPERT-014,nuisance_misc,L0,auxiliary_system,2620,2630,2650,1
EAVT-L2-EXPERT-014-N090,EAVT-L2-EXPERT-014,nuisance_misc,L0,auxiliary_system,2625,2635,2650,1
EAVT-L2-EXPERT-014-N091,EAVT-L2-EXPERT-014,nuisance_misc,L0,auxiliary_system,2625,2635,2640,1
EAVT-L2-EXPERT-014-N092,EAVT-L2-EXPERT-014,nuisance_misc,L0,auxiliary_system,2650,2660,2680,1
EAVT-L2-EXPERT-014-N093,EAVT-L2-EXPERT-014,nuisance_misc,L0,auxiliary_system,2660,2670,2685,1
EAVT-L2-EXPERT-014-N094,EAVT-L2-EXPERT-014,nuisance_misc,L0,auxiliary_system,2710,2720,2730,1
EAVT-L2-EXPERT-014-N095,EAVT-L2-EXPERT-014,nuisance_misc,L0,auxiliary_system,2720,2730,2750,1
EAVT-L2-EXPERT-014-N096,EAVT-L2-EXPERT-014,nuisance_misc,L0,auxiliary_system,2725,2735,2745,1
EAVT-L2-EXPERT-014-N097,EAVT-L2-EXPERT-014,nuisance_misc,L0,auxiliary_system,2740,2750,2765,1
EAVT-L2-EXPERT-014-N098,EAVT-L2-EXPERT-014,nuisance_misc,L0,auxiliary_system,2755,2765,2770,1
EAVT-L2-EXPERT-014-N099,EAVT-L2-EXPERT-014,nuisance_misc,L0,auxiliary_system,2775,2785,2805,1
EAVT-L2-EXPERT-014-N100,EAVT-L2-EXPERT-014,nuisance_misc,L0,auxiliary_system,2780,2790,2800,1
EAVT-L2-EXPERT-014-N101,EAVT-L2-EXPERT-014,nuisance_misc,L0,auxiliary_system,2780,2790,2810,1
EAVT-L2-EXPERT-014-N102,EAVT-L2-EXPERT-014,nuisance_misc,L0,auxiliary_system,2790,2800,2810,1
EAVT-L2-EXPERT-014-N103,EAVT-L2-EXPERT-014,nuisance_misc,L0,auxiliary_system,2815,2825,2845,1
EAVT-L2-EXPERT-014-N104,EAVT-L2-EXPERT-014,nuisance_misc,L0,auxiliary_system,2820,2830,2850,1
EAVT-L2-EXPERT-014-N105,EAVT-L2-EXPERT-014,nuisance_misc,L0,auxiliary_system,2835,2845,2855,1
EAVT-L2-EXPERT-014-N106,EAVT-L2-EXPERT-014,nuisance_misc,L0,auxiliary_system,2870,2880,2900,1
EAVT-L2-EXPERT-014-N107,EAVT-L2-EXPERT-014,nuisance_misc,L0,auxiliary_system,2890,2900,2910,1
EAVT-L2-EXPERT-014-N108,EAVT-L2-EXPERT-014,nuisance_misc,L0,auxiliary_system,2900,2910,2920,1
EAVT-L2-EXPERT-014-N109,EAVT-L2-EXPERT-014,nuisance_misc,L0,auxiliary_system,3050,3060,3075,1
EAVT-L2-EXPERT-014-N110,EAVT-L2-EXPERT-014,nuisance_misc,L0,auxiliary_system,3075,3085,3090,1
EAVT-L2-EXPERT-014-N111,EAVT-L2-EXPERT-014,nuisance_misc,L0,auxiliary_system,3105,3115,3135,1
EAVT-L2-EXPERT-014-N112,EAVT-L2-EXPERT-014,nuisance_misc,L0,auxiliary_system,3120,3130,3140,1
EAVT-L2-EXPERT-014-N113,EAVT-L2-EXPERT-014,nuisance_misc,L0,auxiliary_system,3125,3135,3150,1
EAVT-L2-EXPERT-014-N114,EAVT-L2-EXPERT-014,nuisance_misc,L0,auxiliary_system,3155,3165,3180,1
EAVT-L2-EXPERT-014-N115,EAVT-L2-EXPERT-014,nuisance_misc,L0,auxiliary_system,3265,3275,3295,1
EAVT-L2-EXPERT-014-N116,EAVT-L2-EXPERT-014,nuisance_misc,L0,auxiliary_system,3270,3280,3300,1
EAVT-L2-EXPERT-014-N117,EAVT-L2-EXPERT-014,nuisance_misc,L0,auxiliary_system,3305,3315,3320,1
EAVT-L2-EXPERT-014-N118,EAVT-L2-EXPERT-014,nuisance_misc,L0,auxiliary_system,3325,3335,3340,1
EAVT-L2-EXPERT-014-N119,EAVT-L2-EXPERT-014,nuisance_misc,L0,auxiliary_system,3345,3355,3370,1
EAVT-L2-EXPERT-014-N120,EAVT-L2-EXPERT-014,nuisance_misc,L0,auxiliary_system,3360,3370,3390,1
EAVT-L2-EXPERT-014-N121,EAVT-L2-EXPERT-014,nuisance_misc,L0,auxiliary_system,3410,3420,3435,1
EAVT-L2-EXPERT-014-N122,EAVT-L2-EXPERT-014,nuisance_misc,L0,auxiliary_system,3410,3420,3440,1
EAVT-L2-EXPERT-014-N123,EAVT-L2-EXPERT-014,nuisance_misc,L0,auxiliary_system,3430,3440,3445,1
EAVT-L2-EXPERT-014-N124,EAVT-L2-EXPERT-014,nuisance_misc,L0,auxiliary_system,3460,3470,3490,1
EAVT-L2-EXPERT-014-N125,EAVT-L2-EXPERT-014,nuisance_misc,L0,auxiliary_system,3525,3535,3545,1
EAVT-L2-EXPERT-014-N126,EAVT-L2-EXPERT-014,nuisance_misc,L0,auxiliary_system,3560,3570,3575,1
EAVT-L2-EXPERT-014-N127,EAVT-L2-EXPERT-014,nuisance_misc,L0,auxiliary_system,3570,3580,3595,1
EAVT-L2-EXPERT-014-N128,EAVT-L2-EXPERT-014,nuisance_misc,L0,auxiliary_system,3590,3600,3610,1
EAVT-L2-EXPERT-014-N129,EAVT-L2-EXPERT-014,nuisance_misc,L0,auxiliary_system,3615,3625,3635,1
EAVT-L2-EXPERT-014-N130,EAVT-L2-EXPERT-014,nuisance_misc,L0,auxiliary_system,3625,3635,3655,1
EAVT-L2-EXPERT-014-N131,EAVT-L2-EXPERT-014,nuisance_misc,L0,auxiliary_system,3635,3645,3665,1
EAVT-L2-EXPERT-014-N132,EAVT-L2-EXPERT-014,nuisance_misc,L0,auxiliary_system,3640,3650,3665,1
EAVT-L2-EXPERT-014-N133,EAVT-L2-EXPERT-014,nuisance_misc,L0,auxiliary_system,3700,3710,3730,1
EAVT-L2-EXPERT-014-N134,EAVT-L2-EXPERT-014,nuisance_misc,L0,auxiliary_system,3765,3775,3795,1
EAVT-L2-EXPERT-014-N135,EAVT-L2-EXPERT-014,nuisance_misc,L0,auxiliary_system,3770,3780,3795,1
EAVT-L2-EXPERT-014-N136,EAVT-L2-EXPERT-014,nuisance_misc,L0,auxiliary_system,3805,3815,3820,1
EAVT-L2-EXPERT-014-N137,EAVT-L2-EXPERT-014,nuisance_misc,L0,auxiliary_system,3810,3820,3835,1
EAVT-L2-EXPERT-014-N138,EAVT-L2-EXPERT-014,nuisance_misc,L0,auxiliary_system,3830,3840,3860,1
EAVT-L2-EXPERT-014-N139,EAVT-L2-EXPERT-014,nuisance_misc,L0,auxiliary_system,3830,3840,3850,1
EAVT-L2-EXPERT-014-N140,EAVT-L2-EXPERT-014,nuisance_misc,L0,auxiliary_system,3835,3845,3865,1
EAVT-L2-EXPERT-014-N141,EAVT-L2-EXPERT-014,nuisance_misc,L0,auxiliary_system,3875,3885,3895,1
EAVT-L2-EXPERT-014-N142,EAVT-L2-EXPERT-014,nuisance_misc,L0,auxiliary_system,3900,3910,3900,1
EAVT-L2-EXPERT-014-S01,EAVT-L2-EXPERT-014,flow_deviation_branch,L1,feed_branch_2,3210,3250,3900,0
EAVT-L2-EXPERT-014-S02,EAVT-L2-EXPERT-014,t11_temperature_deviation,L3,T-1...T-11,3220,3250,3900,0
EAVT-L2-EXPERT-014-S03,EAVT-L2-EXPERT-014,feed_flow_imbalance,L2,feed_system,3225,3250,3230,0
EAVT-L2-EXPERT-014-S04,EAVT-L2-EXPERT-014,feed_flow_imbalance,L2,feed_system,3235,3250,3900,0
EAVT-L2-EXPERT-014-S05,EAVT-L2-EXPERT-014,elou_load_imbalance,L4,ELOU,3285,3290,3900,0
EAVT-L2-EXPERT-014-S06,EAVT-L2-EXPERT-014,k1_feed_deviation,L5,K-1,3365,3370,3370,0
EAVT-L2-EXPERT-014-S07,EAVT-L2-EXPERT-014,k1_feed_deviation,L5,K-1,3375,3380,3900,0
EAVT-L2-SLOW-015-N001,EAVT-L2-SLOW-015,nuisance_misc,L0,auxiliary_system,5,25,30,1
EAVT-L2-SLOW-015-N002,EAVT-L2-SLOW-015,nuisance_misc,L0,auxiliary_system,20,40,50,1
EAVT-L2-SLOW-015-N003,EAVT-L2-SLOW-015,nuisance_misc,L0,auxiliary_system,50,70,70,1
EAVT-L2-SLOW-015-N004,EAVT-L2-SLOW-015,nuisance_misc,L0,auxiliary_system,95,115,115,1
EAVT-L2-SLOW-015-N005,EAVT-L2-SLOW-015,nuisance_misc,L0,auxiliary_system,95,115,110,1
EAVT-L2-SLOW-015-N006,EAVT-L2-SLOW-015,nuisance_misc,L0,auxiliary_system,140,160,160,1
EAVT-L2-SLOW-015-N007,EAVT-L2-SLOW-015,nuisance_misc,L0,auxiliary_system,165,185,190,1
EAVT-L2-SLOW-015-N008,EAVT-L2-SLOW-015,nuisance_misc,L0,auxiliary_system,165,185,195,1
EAVT-L2-SLOW-015-N009,EAVT-L2-SLOW-015,nuisance_misc,L0,auxiliary_system,190,210,215,1
EAVT-L2-SLOW-015-N010,EAVT-L2-SLOW-015,nuisance_misc,L0,auxiliary_system,230,250,245,1
EAVT-L2-SLOW-015-N011,EAVT-L2-SLOW-015,nuisance_misc,L0,auxiliary_system,370,390,400,1
EAVT-L2-SLOW-015-N012,EAVT-L2-SLOW-015,nuisance_misc,L0,auxiliary_system,410,430,440,1
EAVT-L2-SLOW-015-N013,EAVT-L2-SLOW-015,nuisance_misc,L0,auxiliary_system,465,485,495,1
EAVT-L2-SLOW-015-N014,EAVT-L2-SLOW-015,nuisance_misc,L0,auxiliary_system,500,520,530,1
EAVT-L2-SLOW-015-N015,EAVT-L2-SLOW-015,nuisance_misc,L0,auxiliary_system,525,545,545,1
EAVT-L2-SLOW-015-N016,EAVT-L2-SLOW-015,nuisance_misc,L0,auxiliary_system,540,560,555,1
EAVT-L2-SLOW-015-N017,EAVT-L2-SLOW-015,nuisance_misc,L0,auxiliary_system,540,560,555,1
EAVT-L2-SLOW-015-N018,EAVT-L2-SLOW-015,nuisance_misc,L0,auxiliary_system,560,580,590,1
EAVT-L2-SLOW-015-N019,EAVT-L2-SLOW-015,nuisance_misc,L0,auxiliary_system,640,660,665,1
EAVT-L2-SLOW-015-N020,EAVT-L2-SLOW-015,nuisance_misc,L0,auxiliary_system,645,665,660,1
EAVT-L2-SLOW-015-N021,EAVT-L2-SLOW-015,nuisance_misc,L0,auxiliary_system,695,715,710,1
EAVT-L2-SLOW-015-N022,EAVT-L2-SLOW-015,nuisance_misc,L0,auxiliary_system,745,765,770,1
EAVT-L2-SLOW-015-N023,EAVT-L2-SLOW-015,nuisance_misc,L0,auxiliary_system,760,780,785,1
EAVT-L2-SLOW-015-N024,EAVT-L2-SLOW-015,nuisance_misc,L0,auxiliary_system,815,835,840,1
EAVT-L2-SLOW-015-N025,EAVT-L2-SLOW-015,nuisance_misc,L0,auxiliary_system,820,840,850,1
EAVT-L2-SLOW-015-N026,EAVT-L2-SLOW-015,nuisance_misc,L0,auxiliary_system,860,880,880,1
EAVT-L2-SLOW-015-N027,EAVT-L2-SLOW-015,nuisance_misc,L0,auxiliary_system,885,905,910,1
EAVT-L2-SLOW-015-N028,EAVT-L2-SLOW-015,nuisance_misc,L0,auxiliary_system,905,925,930,1
EAVT-L2-SLOW-015-N029,EAVT-L2-SLOW-015,nuisance_misc,L0,auxiliary_system,935,955,955,1
EAVT-L2-SLOW-015-N030,EAVT-L2-SLOW-015,nuisance_misc,L0,auxiliary_system,1130,1150,1150,1
EAVT-L2-SLOW-015-N031,EAVT-L2-SLOW-015,nuisance_misc,L0,auxiliary_system,1145,1165,1175,1
EAVT-L2-SLOW-015-N032,EAVT-L2-SLOW-015,nuisance_misc,L0,auxiliary_system,1170,1190,1185,1
EAVT-L2-SLOW-015-N033,EAVT-L2-SLOW-015,nuisance_misc,L0,auxiliary_system,1175,1195,1195,1
EAVT-L2-SLOW-015-N034,EAVT-L2-SLOW-015,nuisance_misc,L0,auxiliary_system,1240,1260,1255,1
EAVT-L2-SLOW-015-N035,EAVT-L2-SLOW-015,nuisance_misc,L0,auxiliary_system,1250,1270,1275,1
EAVT-L2-SLOW-015-N036,EAVT-L2-SLOW-015,nuisance_misc,L0,auxiliary_system,1250,1270,1275,1
EAVT-L2-SLOW-015-N037,EAVT-L2-SLOW-015,nuisance_misc,L0,auxiliary_system,1260,1280,1280,1
EAVT-L2-SLOW-015-N038,EAVT-L2-SLOW-015,nuisance_misc,L0,auxiliary_system,1285,1305,1315,1
EAVT-L2-SLOW-015-N039,EAVT-L2-SLOW-015,nuisance_misc,L0,auxiliary_system,1305,1325,1325,1
EAVT-L2-SLOW-015-N040,EAVT-L2-SLOW-015,nuisance_misc,L0,auxiliary_system,1350,1370,1375,1
EAVT-L2-SLOW-015-N041,EAVT-L2-SLOW-015,nuisance_misc,L0,auxiliary_system,1360,1380,1385,1
EAVT-L2-SLOW-015-N042,EAVT-L2-SLOW-015,nuisance_misc,L0,auxiliary_system,1410,1430,1425,1
EAVT-L2-SLOW-015-N043,EAVT-L2-SLOW-015,nuisance_misc,L0,auxiliary_system,1505,1525,1525,1
EAVT-L2-SLOW-015-N044,EAVT-L2-SLOW-015,nuisance_misc,L0,auxiliary_system,1555,1575,1585,1
EAVT-L2-SLOW-015-N045,EAVT-L2-SLOW-015,nuisance_misc,L0,auxiliary_system,1575,1595,1605,1
EAVT-L2-SLOW-015-N046,EAVT-L2-SLOW-015,nuisance_misc,L0,auxiliary_system,1595,1615,1610,1
EAVT-L2-SLOW-015-N047,EAVT-L2-SLOW-015,nuisance_misc,L0,auxiliary_system,1620,1640,1640,1
EAVT-L2-SLOW-015-N048,EAVT-L2-SLOW-015,nuisance_misc,L0,auxiliary_system,1645,1665,1660,1
EAVT-L2-SLOW-015-N049,EAVT-L2-SLOW-015,nuisance_misc,L0,auxiliary_system,1680,1700,1700,1
EAVT-L2-SLOW-015-N050,EAVT-L2-SLOW-015,nuisance_misc,L0,auxiliary_system,1750,1770,1775,1
EAVT-L2-SLOW-015-N051,EAVT-L2-SLOW-015,nuisance_misc,L0,auxiliary_system,1750,1770,1770,1
EAVT-L2-SLOW-015-N052,EAVT-L2-SLOW-015,nuisance_misc,L0,auxiliary_system,1780,1800,1800,1
EAVT-L2-SLOW-015-N053,EAVT-L2-SLOW-015,nuisance_misc,L0,auxiliary_system,1830,1850,1850,1
EAVT-L2-SLOW-015-N054,EAVT-L2-SLOW-015,nuisance_misc,L0,auxiliary_system,1830,1850,1860,1
EAVT-L2-SLOW-015-N055,EAVT-L2-SLOW-015,nuisance_misc,L0,auxiliary_system,1870,1890,1895,1
EAVT-L2-SLOW-015-N056,EAVT-L2-SLOW-015,nuisance_misc,L0,auxiliary_system,1875,1895,1905,1
EAVT-L2-SLOW-015-N057,EAVT-L2-SLOW-015,nuisance_misc,L0,auxiliary_system,1880,1900,1900,1
EAVT-L2-SLOW-015-N058,EAVT-L2-SLOW-015,nuisance_misc,L0,auxiliary_system,1890,1910,1905,1
EAVT-L2-SLOW-015-N059,EAVT-L2-SLOW-015,nuisance_misc,L0,auxiliary_system,1890,1910,1915,1
EAVT-L2-SLOW-015-N060,EAVT-L2-SLOW-015,nuisance_misc,L0,auxiliary_system,2020,2040,2040,1
EAVT-L2-SLOW-015-N061,EAVT-L2-SLOW-015,nuisance_misc,L0,auxiliary_system,2030,2050,2055,1
EAVT-L2-SLOW-015-N062,EAVT-L2-SLOW-015,nuisance_misc,L0,auxiliary_system,2040,2060,2065,1
EAVT-L2-SLOW-015-N063,EAVT-L2-SLOW-015,nuisance_misc,L0,auxiliary_system,2075,2095,2095,1
EAVT-L2-SLOW-015-N064,EAVT-L2-SLOW-015,nuisance_misc,L0,auxiliary_system,2080,2100,2110,1
EAVT-L2-SLOW-015-N065,EAVT-L2-SLOW-015,nuisance_misc,L0,auxiliary_system,2085,2105,2100,1
EAVT-L2-SLOW-015-N066,EAVT-L2-SLOW-015,nuisance_misc,L0,auxiliary_system,2095,2115,2125,1
EAVT-L2-SLOW-015-N067,EAVT-L2-SLOW-015,nuisance_misc,L0,auxiliary_system,2230,2250,2245,1
EAVT-L2-SLOW-015-N068,EAVT-L2-SLOW-015,nuisance_misc,L0,auxiliary_system,2335,2355,2365,1
EAVT-L2-SLOW-015-N069,EAVT-L2-SLOW-015,nuisance_misc,L0,auxiliary_system,2410,2430,2435,1
EAVT-L2-SLOW-015-N070,EAVT-L2-SLOW-015,nuisance_misc,L0,auxiliary_system,2450,2470,2480,1
EAVT-L2-SLOW-015-N071,EAVT-L2-SLOW-015,nuisance_misc,L0,auxiliary_system,2525,2545,2540,1
EAVT-L2-SLOW-015-N072,EAVT-L2-SLOW-015,nuisance_misc,L0,auxiliary_system,2530,2550,2545,1
EAVT-L2-SLOW-015-N073,EAVT-L2-SLOW-015,nuisance_misc,L0,auxiliary_system,2540,2560,2570,1
EAVT-L2-SLOW-015-N074,EAVT-L2-SLOW-015,nuisance_misc,L0,auxiliary_system,2680,2700,2695,1
EAVT-L2-SLOW-015-N075,EAVT-L2-SLOW-015,nuisance_misc,L0,auxiliary_system,2700,2720,2725,1
EAVT-L2-SLOW-015-N076,EAVT-L2-SLOW-015,nuisance_misc,L0,auxiliary_system,2735,2755,2765,1
EAVT-L2-SLOW-015-N077,EAVT-L2-SLOW-015,nuisance_misc,L0,auxiliary_system,2790,2810,2820,1
EAVT-L2-SLOW-015-N078,EAVT-L2-SLOW-015,nuisance_misc,L0,auxiliary_system,2825,2845,2850,1
EAVT-L2-SLOW-015-N079,EAVT-L2-SLOW-015,nuisance_misc,L0,auxiliary_system,2885,2905,2900,1
EAVT-L2-SLOW-015-N080,EAVT-L2-SLOW-015,nuisance_misc,L0,auxiliary_system,2910,2930,2925,1
EAVT-L2-SLOW-015-N081,EAVT-L2-SLOW-015,nuisance_misc,L0,auxiliary_system,2935,2955,2965,1
EAVT-L2-SLOW-015-N082,EAVT-L2-SLOW-015,nuisance_misc,L0,auxiliary_system,2955,2975,2980,1
EAVT-L2-SLOW-015-N083,EAVT-L2-SLOW-015,nuisance_misc,L0,auxiliary_system,2975,2995,3000,1
EAVT-L2-SLOW-015-N084,EAVT-L2-SLOW-015,nuisance_misc,L0,auxiliary_system,2975,2995,2990,1
EAVT-L2-SLOW-015-N085,EAVT-L2-SLOW-015,nuisance_misc,L0,auxiliary_system,2995,3015,3015,1
EAVT-L2-SLOW-015-N086,EAVT-L2-SLOW-015,nuisance_misc,L0,auxiliary_system,3015,3035,3035,1
EAVT-L2-SLOW-015-N087,EAVT-L2-SLOW-015,nuisance_misc,L0,auxiliary_system,3030,3050,3055,1
EAVT-L2-SLOW-015-N088,EAVT-L2-SLOW-015,nuisance_misc,L0,auxiliary_system,3050,3070,3070,1
EAVT-L2-SLOW-015-N089,EAVT-L2-SLOW-015,nuisance_misc,L0,auxiliary_system,3065,3085,3090,1
EAVT-L2-SLOW-015-N090,EAVT-L2-SLOW-015,nuisance_misc,L0,auxiliary_system,3095,3115,3115,1
EAVT-L2-SLOW-015-N091,EAVT-L2-SLOW-015,nuisance_misc,L0,auxiliary_system,3095,3115,3115,1
EAVT-L2-SLOW-015-N092,EAVT-L2-SLOW-015,nuisance_misc,L0,auxiliary_system,3110,3130,3135,1
EAVT-L2-SLOW-015-N093,EAVT-L2-SLOW-015,nuisance_misc,L0,auxiliary_system,3190,3210,3205,1
EAVT-L2-SLOW-015-N094,EAVT-L2-SLOW-015,nuisance_misc,L0,auxiliary_system,3205,3225,3235,1
EAVT-L2-SLOW-015-N095,EAVT-L2-SLOW-015,nuisance_misc,L0,auxiliary_system,3205,3225,3230,1
EAVT-L2-SLOW-015-N096,EAVT-L2-SLOW-015,nuisance_misc,L0,auxiliary_system,3215,3235,3230,1
EAVT-L2-SLOW-015-N097,EAVT-L2-SLOW-015,nuisance_misc,L0,auxiliary_system,3230,3250,3260,1
EAVT-L2-SLOW-015-N098,EAVT-L2-SLOW-015,nuisance_misc,L0,auxiliary_system,3240,3260,3270,1
EAVT-L2-SLOW-015-N099,EAVT-L2-SLOW-015,nuisance_misc,L0,auxiliary_system,3245,3265,3265,1
EAVT-L2-SLOW-015-N100,EAVT-L2-SLOW-015,nuisance_misc,L0,auxiliary_system,3300,3320,3325,1
EAVT-L2-SLOW-015-N101,EAVT-L2-SLOW-015,nuisance_misc,L0,auxiliary_system,3310,3330,3330,1
EAVT-L2-SLOW-015-N102,EAVT-L2-SLOW-015,nuisance_misc,L0,auxiliary_system,3325,3345,3345,1
EAVT-L2-SLOW-015-N103,EAVT-L2-SLOW-015,nuisance_misc,L0,auxiliary_system,3330,3350,3355,1
EAVT-L2-SLOW-015-N104,EAVT-L2-SLOW-015,nuisance_misc,L0,auxiliary_system,3330,3350,3355,1
EAVT-L2-SLOW-015-N105,EAVT-L2-SLOW-015,nuisance_misc,L0,auxiliary_system,3385,3405,3415,1
EAVT-L2-SLOW-015-N106,EAVT-L2-SLOW-015,nuisance_misc,L0,auxiliary_system,3410,3430,3425,1
EAVT-L2-SLOW-015-N107,EAVT-L2-SLOW-015,nuisance_misc,L0,auxiliary_system,3415,3435,3445,1
EAVT-L2-SLOW-015-N108,EAVT-L2-SLOW-015,nuisance_misc,L0,auxiliary_system,3440,3460,3465,1
EAVT-L2-SLOW-015-N109,EAVT-L2-SLOW-015,nuisance_misc,L0,auxiliary_system,3445,3465,3465,1
EAVT-L2-SLOW-015-N110,EAVT-L2-SLOW-015,nuisance_misc,L0,auxiliary_system,3460,3480,3490,1
EAVT-L2-SLOW-015-N111,EAVT-L2-SLOW-015,nuisance_misc,L0,auxiliary_system,3475,3495,3490,1
EAVT-L2-SLOW-015-N112,EAVT-L2-SLOW-015,nuisance_misc,L0,auxiliary_system,3475,3495,3500,1
EAVT-L2-SLOW-015-N113,EAVT-L2-SLOW-015,nuisance_misc,L0,auxiliary_system,3495,3515,3510,1
EAVT-L2-SLOW-015-N114,EAVT-L2-SLOW-015,nuisance_misc,L0,auxiliary_system,3515,3535,3540,1
EAVT-L2-SLOW-015-N115,EAVT-L2-SLOW-015,nuisance_misc,L0,auxiliary_system,3525,3545,3540,1
EAVT-L2-SLOW-015-N116,EAVT-L2-SLOW-015,nuisance_misc,L0,auxiliary_system,3545,3565,3565,1
EAVT-L2-SLOW-015-N117,EAVT-L2-SLOW-015,nuisance_misc,L0,auxiliary_system,3565,3585,3595,1
EAVT-L2-SLOW-015-N118,EAVT-L2-SLOW-015,nuisance_misc,L0,auxiliary_system,3570,3590,3590,1
EAVT-L2-SLOW-015-N119,EAVT-L2-SLOW-015,nuisance_misc,L0,auxiliary_system,3600,3620,3620,1
EAVT-L2-SLOW-015-N120,EAVT-L2-SLOW-015,nuisance_misc,L0,auxiliary_system,3635,3655,3650,1
EAVT-L2-SLOW-015-N121,EAVT-L2-SLOW-015,nuisance_misc,L0,auxiliary_system,3640,3660,3665,1
EAVT-L2-SLOW-015-N122,EAVT-L2-SLOW-015,nuisance_misc,L0,auxiliary_system,3680,3700,3705,1
EAVT-L2-SLOW-015-N123,EAVT-L2-SLOW-015,nuisance_misc,L0,auxiliary_system,3695,3715,3720,1
EAVT-L2-SLOW-015-N124,EAVT-L2-SLOW-015,nuisance_misc,L0,auxiliary_system,3730,3750,3755,1
EAVT-L2-SLOW-015-N125,EAVT-L2-SLOW-015,nuisance_misc,L0,auxiliary_system,3755,3775,3775,1
EAVT-L2-SLOW-015-N126,EAVT-L2-SLOW-015,nuisance_misc,L0,auxiliary_system,3820,3840,3840,1
EAVT-L2-SLOW-015-N127,EAVT-L2-SLOW-015,nuisance_misc,L0,auxiliary_system,3885,3905,3900,1
EAVT-L2-SLOW-015-S01,EAVT-L2-SLOW-015,flow_deviation_branch,L1,feed_branch_3,3240,3320,3900,0
EAVT-L2-SLOW-015-S02,EAVT-L2-SLOW-015,t11_temperature_deviation,L3,T-1...T-11,3250,3320,3900,0
EAVT-L2-SLOW-015-S03,EAVT-L2-SLOW-015,feed_flow_imbalance,L2,feed_system,3265,3320,3900,0
EAVT-L2-SLOW-015-S04,EAVT-L2-SLOW-015,elou_load_imbalance,L4,ELOU,3310,3325,3900,0
EAVT-L2-SLOW-015-S05,EAVT-L2-SLOW-015,k1_feed_deviation,L5,K-1,3395,3410,3900,0
EAVT-L2-SLOW-016-N001,EAVT-L2-SLOW-016,nuisance_misc,L0,auxiliary_system,55,75,75,1
EAVT-L2-SLOW-016-N002,EAVT-L2-SLOW-016,nuisance_misc,L0,auxiliary_system,105,125,125,1
EAVT-L2-SLOW-016-N003,EAVT-L2-SLOW-016,nuisance_misc,L0,auxiliary_system,230,250,250,1
EAVT-L2-SLOW-016-N004,EAVT-L2-SLOW-016,nuisance_misc,L0,auxiliary_system,240,260,260,1
EAVT-L2-SLOW-016-N005,EAVT-L2-SLOW-016,nuisance_misc,L0,auxiliary_system,280,300,300,1
EAVT-L2-SLOW-016-N006,EAVT-L2-SLOW-016,nuisance_misc,L0,auxiliary_system,300,320,325,1
EAVT-L2-SLOW-016-N007,EAVT-L2-SLOW-016,nuisance_misc,L0,auxiliary_system,365,385,380,1
EAVT-L2-SLOW-016-N008,EAVT-L2-SLOW-016,nuisance_misc,L0,auxiliary_system,415,435,435,1
EAVT-L2-SLOW-016-N009,EAVT-L2-SLOW-016,nuisance_misc,L0,auxiliary_system,420,440,445,1
EAVT-L2-SLOW-016-N010,EAVT-L2-SLOW-016,nuisance_misc,L0,auxiliary_system,470,490,485,1
EAVT-L2-SLOW-016-N011,EAVT-L2-SLOW-016,nuisance_misc,L0,auxiliary_system,535,555,555,1
EAVT-L2-SLOW-016-N012,EAVT-L2-SLOW-016,nuisance_misc,L0,auxiliary_system,605,625,635,1
EAVT-L2-SLOW-016-N013,EAVT-L2-SLOW-016,nuisance_misc,L0,auxiliary_system,645,665,665,1
EAVT-L2-SLOW-016-N014,EAVT-L2-SLOW-016,nuisance_misc,L0,auxiliary_system,655,675,675,1
EAVT-L2-SLOW-016-N015,EAVT-L2-SLOW-016,nuisance_misc,L0,auxiliary_system,675,695,705,1
EAVT-L2-SLOW-016-N016,EAVT-L2-SLOW-016,nuisance_misc,L0,auxiliary_system,760,780,775,1
EAVT-L2-SLOW-016-N017,EAVT-L2-SLOW-016,nuisance_misc,L0,auxiliary_system,775,795,805,1
EAVT-L2-SLOW-016-N018,EAVT-L2-SLOW-016,nuisance_misc,L0,auxiliary_system,820,840,840,1
EAVT-L2-SLOW-016-N019,EAVT-L2-SLOW-016,nuisance_misc,L0,auxiliary_system,830,850,860,1
EAVT-L2-SLOW-016-N020,EAVT-L2-SLOW-016,nuisance_misc,L0,auxiliary_system,835,855,855,1
EAVT-L2-SLOW-016-N021,EAVT-L2-SLOW-016,nuisance_misc,L0,auxiliary_system,865,885,880,1
EAVT-L2-SLOW-016-N022,EAVT-L2-SLOW-016,nuisance_misc,L0,auxiliary_system,905,925,925,1
EAVT-L2-SLOW-016-N023,EAVT-L2-SLOW-016,nuisance_misc,L0,auxiliary_system,920,940,935,1
EAVT-L2-SLOW-016-N024,EAVT-L2-SLOW-016,nuisance_misc,L0,auxiliary_system,935,955,955,1
EAVT-L2-SLOW-016-N025,EAVT-L2-SLOW-016,nuisance_misc,L0,auxiliary_system,940,960,955,1
EAVT-L2-SLOW-016-N026,EAVT-L2-SLOW-016,nuisance_misc,L0,auxiliary_system,940,960,970,1
EAVT-L2-SLOW-016-N027,EAVT-L2-SLOW-016,nuisance_misc,L0,auxiliary_system,985,1005,1015,1
EAVT-L2-SLOW-016-N028,EAVT-L2-SLOW-016,nuisance_misc,L0,auxiliary_system,1105,1125,1120,1
EAVT-L2-SLOW-016-N029,EAVT-L2-SLOW-016,nuisance_misc,L0,auxiliary_system,1120,1140,1145,1
EAVT-L2-SLOW-016-N030,EAVT-L2-SLOW-016,nuisance_misc,L0,auxiliary_system,1130,1150,1145,1
EAVT-L2-SLOW-016-N031,EAVT-L2-SLOW-016,nuisance_misc,L0,auxiliary_system,1150,1170,1175,1
EAVT-L2-SLOW-016-N032,EAVT-L2-SLOW-016,nuisance_misc,L0,auxiliary_system,1160,1180,1175,1
EAVT-L2-SLOW-016-N033,EAVT-L2-SLOW-016,nuisance_misc,L0,auxiliary_system,1175,1195,1200,1
EAVT-L2-SLOW-016-N034,EAVT-L2-SLOW-016,nuisance_misc,L0,auxiliary_system,1215,1235,1230,1
EAVT-L2-SLOW-016-N035,EAVT-L2-SLOW-016,nuisance_misc,L0,auxiliary_system,1220,1240,1245,1
EAVT-L2-SLOW-016-N036,EAVT-L2-SLOW-016,nuisance_misc,L0,auxiliary_system,1235,1255,1250,1
EAVT-L2-SLOW-016-N037,EAVT-L2-SLOW-016,nuisance_misc,L0,auxiliary_system,1235,1255,1250,1
EAVT-L2-SLOW-016-N038,EAVT-L2-SLOW-016,nuisance_misc,L0,auxiliary_system,1255,1275,1285,1
EAVT-L2-SLOW-016-N039,EAVT-L2-SLOW-016,nuisance_misc,L0,auxiliary_system,1285,1305,1300,1
EAVT-L2-SLOW-016-N040,EAVT-L2-SLOW-016,nuisance_misc,L0,auxiliary_system,1320,1340,1350,1
EAVT-L2-SLOW-016-N041,EAVT-L2-SLOW-016,nuisance_misc,L0,auxiliary_system,1370,1390,1395,1
EAVT-L2-SLOW-016-N042,EAVT-L2-SLOW-016,nuisance_misc,L0,auxiliary_system,1440,1460,1470,1
EAVT-L2-SLOW-016-N043,EAVT-L2-SLOW-016,nuisance_misc,L0,auxiliary_system,1470,1490,1490,1
EAVT-L2-SLOW-016-N044,EAVT-L2-SLOW-016,nuisance_misc,L0,auxiliary_system,1490,1510,1510,1
EAVT-L2-SLOW-016-N045,EAVT-L2-SLOW-016,nuisance_misc,L0,auxiliary_system,1510,1530,1530,1
EAVT-L2-SLOW-016-N046,EAVT-L2-SLOW-016,nuisance_misc,L0,auxiliary_system,1630,1650,1650,1
EAVT-L2-SLOW-016-N047,EAVT-L2-SLOW-016,nuisance_misc,L0,auxiliary_system,1630,1650,1645,1
EAVT-L2-SLOW-016-N048,EAVT-L2-SLOW-016,nuisance_misc,L0,auxiliary_system,1685,1705,1700,1
EAVT-L2-SLOW-016-N049,EAVT-L2-SLOW-016,nuisance_misc,L0,auxiliary_system,1690,1710,1705,1
EAVT-L2-SLOW-016-N050,EAVT-L2-SLOW-016,nuisance_misc,L0,auxiliary_system,1740,1760,1760,1
EAVT-L2-SLOW-016-N051,EAVT-L2-SLOW-016,nuisance_misc,L0,auxiliary_system,1760,1780,1790,1
EAVT-L2-SLOW-016-N052,EAVT-L2-SLOW-016,nuisance_misc,L0,auxiliary_system,1760,1780,1775,1
EAVT-L2-SLOW-016-N053,EAVT-L2-SLOW-016,nuisance_misc,L0,auxiliary_system,1765,1785,1790,1
EAVT-L2-SLOW-016-N054,EAVT-L2-SLOW-016,nuisance_misc,L0,auxiliary_system,1810,1830,1840,1
EAVT-L2-SLOW-016-N055,EAVT-L2-SLOW-016,nuisance_misc,L0,auxiliary_system,1845,1865,1865,1
EAVT-L2-SLOW-016-N056,EAVT-L2-SLOW-016,nuisance_misc,L0,auxiliary_system,1850,1870,1865,1
EAVT-L2-SLOW-016-N057,EAVT-L2-SLOW-016,nuisance_misc,L0,auxiliary_system,1930,1950,1945,1
EAVT-L2-SLOW-016-N058,EAVT-L2-SLOW-016,nuisance_misc,L0,auxiliary_system,1935,1955,1950,1
EAVT-L2-SLOW-016-N059,EAVT-L2-SLOW-016,nuisance_misc,L0,auxiliary_system,1935,1955,1965,1
EAVT-L2-SLOW-016-N060,EAVT-L2-SLOW-016,nuisance_misc,L0,auxiliary_system,1935,1955,1965,1
EAVT-L2-SLOW-016-N061,EAVT-L2-SLOW-016,nuisance_misc,L0,auxiliary_system,1995,2015,2020,1
EAVT-L2-SLOW-016-N062,EAVT-L2-SLOW-016,nuisance_misc,L0,auxiliary_system,2010,2030,2040,1
EAVT-L2-SLOW-016-N063,EAVT-L2-SLOW-016,nuisance_misc,L0,auxiliary_system,2040,2060,2065,1
EAVT-L2-SLOW-016-N064,EAVT-L2-SLOW-016,nuisance_misc,L0,auxiliary_system,2100,2120,2120,1
EAVT-L2-SLOW-016-N065,EAVT-L2-SLOW-016,nuisance_misc,L0,auxiliary_system,2125,2145,2140,1
EAVT-L2-SLOW-016-N066,EAVT-L2-SLOW-016,nuisance_misc,L0,auxiliary_system,2210,2230,2235,1
EAVT-L2-SLOW-016-N067,EAVT-L2-SLOW-016,nuisance_misc,L0,auxiliary_system,2335,2355,2365,1
EAVT-L2-SLOW-016-N068,EAVT-L2-SLOW-016,nuisance_misc,L0,auxiliary_system,2345,2365,2375,1
EAVT-L2-SLOW-016-N069,EAVT-L2-SLOW-016,nuisance_misc,L0,auxiliary_system,2400,2420,2415,1
EAVT-L2-SLOW-016-N070,EAVT-L2-SLOW-016,nuisance_misc,L0,auxiliary_system,2410,2430,2435,1
EAVT-L2-SLOW-016-N071,EAVT-L2-SLOW-016,nuisance_misc,L0,auxiliary_system,2460,2480,2485,1
EAVT-L2-SLOW-016-N072,EAVT-L2-SLOW-016,nuisance_misc,L0,auxiliary_system,2475,2495,2495,1
EAVT-L2-SLOW-016-N073,EAVT-L2-SLOW-016,nuisance_misc,L0,auxiliary_system,2485,2505,2510,1
EAVT-L2-SLOW-016-N074,EAVT-L2-SLOW-016,nuisance_misc,L0,auxiliary_system,2510,2530,2525,1
EAVT-L2-SLOW-016-N075,EAVT-L2-SLOW-016,nuisance_misc,L0,auxiliary_system,2540,2560,2570,1
EAVT-L2-SLOW-016-N076,EAVT-L2-SLOW-016,nuisance_misc,L0,auxiliary_system,2585,2605,2615,1
EAVT-L2-SLOW-016-N077,EAVT-L2-SLOW-016,nuisance_misc,L0,auxiliary_system,2640,2660,2665,1
EAVT-L2-SLOW-016-N078,EAVT-L2-SLOW-016,nuisance_misc,L0,auxiliary_system,2675,2695,2695,1
EAVT-L2-SLOW-016-N079,EAVT-L2-SLOW-016,nuisance_misc,L0,auxiliary_system,2680,2700,2705,1
EAVT-L2-SLOW-016-N080,EAVT-L2-SLOW-016,nuisance_misc,L0,auxiliary_system,2680,2700,2700,1
EAVT-L2-SLOW-016-N081,EAVT-L2-SLOW-016,nuisance_misc,L0,auxiliary_system,2730,2750,2755,1
EAVT-L2-SLOW-016-N082,EAVT-L2-SLOW-016,nuisance_misc,L0,auxiliary_system,2735,2755,2760,1
EAVT-L2-SLOW-016-N083,EAVT-L2-SLOW-016,nuisance_misc,L0,auxiliary_system,2775,2795,2795,1
EAVT-L2-SLOW-016-N084,EAVT-L2-SLOW-016,nuisance_misc,L0,auxiliary_system,2785,2805,2810,1
EAVT-L2-SLOW-016-N085,EAVT-L2-SLOW-016,nuisance_misc,L0,auxiliary_system,2810,2830,2830,1
EAVT-L2-SLOW-016-N086,EAVT-L2-SLOW-016,nuisance_misc,L0,auxiliary_system,2850,2870,2875,1
EAVT-L2-SLOW-016-N087,EAVT-L2-SLOW-016,nuisance_misc,L0,auxiliary_system,2855,2875,2875,1
EAVT-L2-SLOW-016-N088,EAVT-L2-SLOW-016,nuisance_misc,L0,auxiliary_system,2870,2890,2900,1
EAVT-L2-SLOW-016-N089,EAVT-L2-SLOW-016,nuisance_misc,L0,auxiliary_system,2960,2980,2980,1
EAVT-L2-SLOW-016-N090,EAVT-L2-SLOW-016,nuisance_misc,L0,auxiliary_system,2980,3000,3000,1
EAVT-L2-SLOW-016-N091,EAVT-L2-SLOW-016,nuisance_misc,L0,auxiliary_system,2980,3000,3000,1
EAVT-L2-SLOW-016-N092,EAVT-L2-SLOW-016,nuisance_misc,L0,auxiliary_system,2985,3005,3010,1
EAVT-L2-SLOW-016-N093,EAVT-L2-SLOW-016,nuisance_misc,L0,auxiliary_system,3050,3070,3080,1
EAVT-L2-SLOW-016-N094,EAVT-L2-SLOW-016,nuisance_misc,L0,auxiliary_system,3065,3085,3085,1
EAVT-L2-SLOW-016-N095,EAVT-L2-SLOW-016,nuisance_misc,L0,auxiliary_system,3070,3090,3100,1
EAVT-L2-SLOW-016-N096,EAVT-L2-SLOW-016,nuisance_misc,L0,auxiliary_system,3140,3160,3165,1
EAVT-L2-SLOW-016-N097,EAVT-L2-SLOW-016,nuisance_misc,L0,auxiliary_system,3205,3225,3225,1
EAVT-L2-SLOW-016-N098,EAVT-L2-SLOW-016,nuisance_misc,L0,auxiliary_system,3220,3240,3250,1
EAVT-L2-SLOW-016-N099,EAVT-L2-SLOW-016,nuisance_misc,L0,auxiliary_system,3240,3260,3255,1
EAVT-L2-SLOW-016-N100,EAVT-L2-SLOW-016,nuisance_misc,L0,auxiliary_system,3275,3295,3305,1
EAVT-L2-SLOW-016-N101,EAVT-L2-SLOW-016,nuisance_misc,L0,auxiliary_system,3275,3295,3290,1
EAVT-L2-SLOW-016-N102,EAVT-L2-SLOW-016,nuisance_misc,L0,auxiliary_system,3330,3350,3360,1
EAVT-L2-SLOW-016-N103,EAVT-L2-SLOW-016,nuisance_misc,L0,auxiliary_system,3365,3385,3395,1
EAVT-L2-SLOW-016-N104,EAVT-L2-SLOW-016,nuisance_misc,L0,auxiliary_system,3400,3420,3420,1
EAVT-L2-SLOW-016-N105,EAVT-L2-SLOW-016,nuisance_misc,L0,auxiliary_system,3410,3430,3425,1
EAVT-L2-SLOW-016-N106,EAVT-L2-SLOW-016,nuisance_misc,L0,auxiliary_system,3410,3430,3440,1
EAVT-L2-SLOW-016-N107,EAVT-L2-SLOW-016,nuisance_misc,L0,auxiliary_system,3415,3435,3435,1
EAVT-L2-SLOW-016-N108,EAVT-L2-SLOW-016,nuisance_misc,L0,auxiliary_system,3435,3455,3465,1
EAVT-L2-SLOW-016-N109,EAVT-L2-SLOW-016,nuisance_misc,L0,auxiliary_system,3450,3470,3475,1
EAVT-L2-SLOW-016-N110,EAVT-L2-SLOW-016,nuisance_misc,L0,auxiliary_system,3460,3480,3485,1
EAVT-L2-SLOW-016-N111,EAVT-L2-SLOW-016,nuisance_misc,L0,auxiliary_system,3500,3520,3520,1
EAVT-L2-SLOW-016-N112,EAVT-L2-SLOW-016,nuisance_misc,L0,auxiliary_system,3505,3525,3520,1
EAVT-L2-SLOW-016-N113,EAVT-L2-SLOW-016,nuisance_misc,L0,auxiliary_system,3505,3525,3530,1
EAVT-L2-SLOW-016-N114,EAVT-L2-SLOW-016,nuisance_misc,L0,auxiliary_system,3565,3585,3595,1
EAVT-L2-SLOW-016-N115,EAVT-L2-SLOW-016,nuisance_misc,L0,auxiliary_system,3590,3610,3605,1
EAVT-L2-SLOW-016-N116,EAVT-L2-SLOW-016,nuisance_misc,L0,auxiliary_system,3595,3615,3620,1
EAVT-L2-SLOW-016-N117,EAVT-L2-SLOW-016,nuisance_misc,L0,auxiliary_system,3600,3620,3625,1
EAVT-L2-SLOW-016-N118,EAVT-L2-SLOW-016,nuisance_misc,L0,auxiliary_system,3650,3670,3680,1
EAVT-L2-SLOW-016-N119,EAVT-L2-SLOW-016,nuisance_misc,L0,auxiliary_system,3715,3735,3735,1
EAVT-L2-SLOW-016-N120,EAVT-L2-SLOW-016,nuisance_misc,L0,auxiliary_system,3775,3795,3790,1
EAVT-L2-SLOW-016-N121,EAVT-L2-SLOW-016,nuisance_misc,L0,auxiliary_system,3780,3800,3795,1
EAVT-L2-SLOW-016-N122,EAVT-L2-SLOW-016,nuisance_misc,L0,auxiliary_system,3825,3845,3840,1
EAVT-L2-SLOW-016-N123,EAVT-L2-SLOW-016,nuisance_misc,L0,auxiliary_system,3825,3845,3855,1
EAVT-L2-SLOW-016-N124,EAVT-L2-SLOW-016,nuisance_misc,L0,auxiliary_system,3830,3850,3855,1
EAVT-L2-SLOW-016-N125,EAVT-L2-SLOW-016,nuisance_misc,L0,auxiliary_system,3855,3875,3885,1
EAVT-L2-SLOW-016-S01,EAVT-L2-SLOW-016,flow_deviation_branch,L1,feed_branch_1,3205,3310,3545,0
EAVT-L2-SLOW-016-S02,EAVT-L2-SLOW-016,t11_temperature_deviation,L3,T-1...T-11,3215,3310,3530,0
EAVT-L2-SLOW-016-S03,EAVT-L2-SLOW-016,feed_flow_imbalance,L2,feed_system,3230,3310,3520,0
EAVT-L2-SLOW-016-S04,EAVT-L2-SLOW-016,elou_load_imbalance,L4,ELOU,3280,3310,3470,0
EAVT-L2-SLOW-016-S05,EAVT-L2-SLOW-016,k1_feed_deviation,L5,K-1,3370,3385,3380,0
EAVT-L2-SLOW-016-S06,EAVT-L2-SLOW-016,k1_feed_deviation,L5,K-1,3385,3400,3390,0
EAVT-L2-ALARM-OVERLOAD-017-N001,EAVT-L2-ALARM-OVERLOAD-017,nuisance_misc,L0,auxiliary_system,35,,50,1
EAVT-L2-ALARM-OVERLOAD-017-N002,EAVT-L2-ALARM-OVERLOAD-017,nuisance_misc,L0,auxiliary_system,55,,85,1
EAVT-L2-ALARM-OVERLOAD-017-N003,EAVT-L2-ALARM-OVERLOAD-017,nuisance_misc,L0,auxiliary_system,70,,85,1
EAVT-L2-ALARM-OVERLOAD-017-N004,EAVT-L2-ALARM-OVERLOAD-017,nuisance_misc,L0,auxiliary_system,110,,140,1
EAVT-L2-ALARM-OVERLOAD-017-N005,EAVT-L2-ALARM-OVERLOAD-017,nuisance_misc,L0,auxiliary_system,180,,205,1
EAVT-L2-ALARM-OVERLOAD-017-N006,EAVT-L2-ALARM-OVERLOAD-017,nuisance_misc,L0,auxiliary_system,265,,295,1
EAVT-L2-ALARM-OVERLOAD-017-N007,EAVT-L2-ALARM-OVERLOAD-017,nuisance_misc,L0,auxiliary_system,285,,315,1
EAVT-L2-ALARM-OVERLOAD-017-N008,EAVT-L2-ALARM-OVERLOAD-017,nuisance_misc,L0,auxiliary_system,430,,445,1
EAVT-L2-ALARM-OVERLOAD-017-N009,EAVT-L2-ALARM-OVERLOAD-017,nuisance_misc,L0,auxiliary_system,460,,490,1
EAVT-L2-ALARM-OVERLOAD-017-N010,EAVT-L2-ALARM-OVERLOAD-017,nuisance_misc,L0,auxiliary_system,475,,505,1
EAVT-L2-ALARM-OVERLOAD-017-N011,EAVT-L2-ALARM-OVERLOAD-017,nuisance_misc,L0,auxiliary_system,475,,505,1
EAVT-L2-ALARM-OVERLOAD-017-N012,EAVT-L2-ALARM-OVERLOAD-017,nuisance_misc,L0,auxiliary_system,495,,515,1
EAVT-L2-ALARM-OVERLOAD-017-N013,EAVT-L2-ALARM-OVERLOAD-017,nuisance_misc,L0,auxiliary_system,500,,515,1
EAVT-L2-ALARM-OVERLOAD-017-N014,EAVT-L2-ALARM-OVERLOAD-017,nuisance_misc,L0,auxiliary_system,515,,535,1
EAVT-L2-ALARM-OVERLOAD-017-N015,EAVT-L2-ALARM-OVERLOAD-017,nuisance_misc,L0,auxiliary_system,575,,600,1
EAVT-L2-ALARM-OVERLOAD-017-N016,EAVT-L2-ALARM-OVERLOAD-017,nuisance_misc,L0,auxiliary_system,605,,625,1
EAVT-L2-ALARM-OVERLOAD-017-N017,EAVT-L2-ALARM-OVERLOAD-017,nuisance_misc,L0,auxiliary_system,610,,625,1
EAVT-L2-ALARM-OVERLOAD-017-N018,EAVT-L2-ALARM-OVERLOAD-017,nuisance_misc,L0,auxiliary_system,720,,750,1
EAVT-L2-ALARM-OVERLOAD-017-N019,EAVT-L2-ALARM-OVERLOAD-017,nuisance_misc,L0,auxiliary_system,785,,810,1
EAVT-L2-ALARM-OVERLOAD-017-N020,EAVT-L2-ALARM-OVERLOAD-017,nuisance_misc,L0,auxiliary_system,790,,805,1
EAVT-L2-ALARM-OVERLOAD-017-N021,EAVT-L2-ALARM-OVERLOAD-017,nuisance_misc,L0,auxiliary_system,815,,835,1
EAVT-L2-ALARM-OVERLOAD-017-N022,EAVT-L2-ALARM-OVERLOAD-017,nuisance_misc,L0,auxiliary_system,820,,840,1
EAVT-L2-ALARM-OVERLOAD-017-N023,EAVT-L2-ALARM-OVERLOAD-017,nuisance_misc,L0,auxiliary_system,920,,950,1
EAVT-L2-ALARM-OVERLOAD-017-N024,EAVT-L2-ALARM-OVERLOAD-017,nuisance_misc,L0,auxiliary_system,920,,940,1
EAVT-L2-ALARM-OVERLOAD-017-N025,EAVT-L2-ALARM-OVERLOAD-017,nuisance_misc,L0,auxiliary_system,925,,950,1
EAVT-L2-ALARM-OVERLOAD-017-N026,EAVT-L2-ALARM-OVERLOAD-017,nuisance_misc,L0,auxiliary_system,935,,955,1
EAVT-L2-ALARM-OVERLOAD-017-N027,EAVT-L2-ALARM-OVERLOAD-017,nuisance_misc,L0,auxiliary_system,940,,960,1
EAVT-L2-ALARM-OVERLOAD-017-N028,EAVT-L2-ALARM-OVERLOAD-017,nuisance_misc,L0,auxiliary_system,1050,,1070,1
EAVT-L2-ALARM-OVERLOAD-017-N029,EAVT-L2-ALARM-OVERLOAD-017,nuisance_misc,L0,auxiliary_system,1125,,1155,1
EAVT-L2-ALARM-OVERLOAD-017-N030,EAVT-L2-ALARM-OVERLOAD-017,nuisance_misc,L0,auxiliary_system,1130,,1155,1
EAVT-L2-ALARM-OVERLOAD-017-N031,EAVT-L2-ALARM-OVERLOAD-017,nuisance_misc,L0,auxiliary_system,1145,,1165,1
EAVT-L2-ALARM-OVERLOAD-017-N032,EAVT-L2-ALARM-OVERLOAD-017,nuisance_misc,L0,auxiliary_system,1180,,1200,1
EAVT-L2-ALARM-OVERLOAD-017-N033,EAVT-L2-ALARM-OVERLOAD-017,nuisance_misc,L0,auxiliary_system,1185,,1215,1
EAVT-L2-ALARM-OVERLOAD-017-N034,EAVT-L2-ALARM-OVERLOAD-017,nuisance_misc,L0,auxiliary_system,1220,,1235,1
EAVT-L2-ALARM-OVERLOAD-017-N035,EAVT-L2-ALARM-OVERLOAD-017,nuisance_misc,L0,auxiliary_system,1290,,1315,1
EAVT-L2-ALARM-OVERLOAD-017-N036,EAVT-L2-ALARM-OVERLOAD-017,nuisance_misc,L0,auxiliary_system,1390,,1405,1
EAVT-L2-ALARM-OVERLOAD-017-N037,EAVT-L2-ALARM-OVERLOAD-017,nuisance_misc,L0,auxiliary_system,1420,,1445,1
EAVT-L2-ALARM-OVERLOAD-017-N038,EAVT-L2-ALARM-OVERLOAD-017,nuisance_misc,L0,auxiliary_system,1485,,1505,1
EAVT-L2-ALARM-OVERLOAD-017-N039,EAVT-L2-ALARM-OVERLOAD-017,nuisance_misc,L0,auxiliary_system,1580,,1600,1
EAVT-L2-ALARM-OVERLOAD-017-N040,EAVT-L2-ALARM-OVERLOAD-017,nuisance_misc,L0,auxiliary_system,1595,,1620,1
EAVT-L2-ALARM-OVERLOAD-017-N041,EAVT-L2-ALARM-OVERLOAD-017,nuisance_misc,L0,auxiliary_system,1630,,1660,1
EAVT-L2-ALARM-OVERLOAD-017-N042,EAVT-L2-ALARM-OVERLOAD-017,nuisance_misc,L0,auxiliary_system,1630,,1650,1
EAVT-L2-ALARM-OVERLOAD-017-N043,EAVT-L2-ALARM-OVERLOAD-017,nuisance_misc,L0,auxiliary_system,1640,,1660,1
EAVT-L2-ALARM-OVERLOAD-017-N044,EAVT-L2-ALARM-OVERLOAD-017,nuisance_misc,L0,auxiliary_system,1650,,1675,1
EAVT-L2-ALARM-OVERLOAD-017-N045,EAVT-L2-ALARM-OVERLOAD-017,nuisance_misc,L0,auxiliary_system,1650,,1675,1
EAVT-L2-ALARM-OVERLOAD-017-N046,EAVT-L2-ALARM-OVERLOAD-017,nuisance_misc,L0,auxiliary_system,1685,,1700,1
EAVT-L2-ALARM-OVERLOAD-017-N047,EAVT-L2-ALARM-OVERLOAD-017,nuisance_misc,L0,auxiliary_system,1685,,1715,1
EAVT-L2-ALARM-OVERLOAD-017-N048,EAVT-L2-ALARM-OVERLOAD-017,nuisance_misc,L0,auxiliary_system,1695,,1710,1
EAVT-L2-ALARM-OVERLOAD-017-N049,EAVT-L2-ALARM-OVERLOAD-017,nuisance_misc,L0,auxiliary_system,1840,,1860,1
EAVT-L2-ALARM-OVERLOAD-017-N050,EAVT-L2-ALARM-OVERLOAD-017,nuisance_misc,L0,auxiliary_system,1845,,1870,1
EAVT-L2-ALARM-OVERLOAD-017-N051,EAVT-L2-ALARM-OVERLOAD-017,nuisance_misc,L0,auxiliary_system,1850,,1875,1
EAVT-L2-ALARM-OVERLOAD-017-N052,EAVT-L2-ALARM-OVERLOAD-017,nuisance_misc,L0,auxiliary_system,1860,,1890,1
EAVT-L2-ALARM-OVERLOAD-017-N053,EAVT-L2-ALARM-OVERLOAD-017,nuisance_misc,L0,auxiliary_system,1870,,1885,1
EAVT-L2-ALARM-OVERLOAD-017-N054,EAVT-L2-ALARM-OVERLOAD-017,nuisance_misc,L0,auxiliary_system,1970,,1995,1
EAVT-L2-ALARM-OVERLOAD-017-N055,EAVT-L2-ALARM-OVERLOAD-017,nuisance_misc,L0,auxiliary_system,1970,,1985,1
EAVT-L2-ALARM-OVERLOAD-017-N056,EAVT-L2-ALARM-OVERLOAD-017,nuisance_misc,L0,auxiliary_system,2020,,2040,1
EAVT-L2-ALARM-OVERLOAD-017-N057,EAVT-L2-ALARM-OVERLOAD-017,nuisance_misc,L0,auxiliary_system,2045,,2060,1
EAVT-L2-ALARM-OVERLOAD-017-N058,EAVT-L2-ALARM-OVERLOAD-017,nuisance_misc,L0,auxiliary_system,2060,,2085,1
EAVT-L2-ALARM-OVERLOAD-017-N059,EAVT-L2-ALARM-OVERLOAD-017,nuisance_misc,L0,auxiliary_system,2070,,2090,1
EAVT-L2-ALARM-OVERLOAD-017-N060,EAVT-L2-ALARM-OVERLOAD-017,nuisance_misc,L0,auxiliary_system,2095,,2115,1
EAVT-L2-ALARM-OVERLOAD-017-N061,EAVT-L2-ALARM-OVERLOAD-017,nuisance_misc,L0,auxiliary_system,2255,,2285,1
EAVT-L2-ALARM-OVERLOAD-017-N062,EAVT-L2-ALARM-OVERLOAD-017,nuisance_misc,L0,auxiliary_system,2275,,2290,1
EAVT-L2-ALARM-OVERLOAD-017-N063,EAVT-L2-ALARM-OVERLOAD-017,nuisance_misc,L0,auxiliary_system,2285,,2300,1
EAVT-L2-ALARM-OVERLOAD-017-N064,EAVT-L2-ALARM-OVERLOAD-017,nuisance_misc,L0,auxiliary_system,2305,,2325,1
EAVT-L2-ALARM-OVERLOAD-017-N065,EAVT-L2-ALARM-OVERLOAD-017,nuisance_misc,L0,auxiliary_system,2335,,2350,1
EAVT-L2-ALARM-OVERLOAD-017-N066,EAVT-L2-ALARM-OVERLOAD-017,nuisance_misc,L0,auxiliary_system,2350,,2375,1
EAVT-L2-ALARM-OVERLOAD-017-N067,EAVT-L2-ALARM-OVERLOAD-017,nuisance_misc,L0,auxiliary_system,2490,,2510,1
EAVT-L2-ALARM-OVERLOAD-017-N068,EAVT-L2-ALARM-OVERLOAD-017,nuisance_misc,L0,auxiliary_system,2550,,2570,1
EAVT-L2-ALARM-OVERLOAD-017-N069,EAVT-L2-ALARM-OVERLOAD-017,nuisance_misc,L0,auxiliary_system,2560,,2575,1
EAVT-L2-ALARM-OVERLOAD-017-N070,EAVT-L2-ALARM-OVERLOAD-017,nuisance_misc,L0,auxiliary_system,2565,,2595,1
EAVT-L2-ALARM-OVERLOAD-017-N071,EAVT-L2-ALARM-OVERLOAD-017,nuisance_misc,L0,auxiliary_system,2610,,2640,1
EAVT-L2-ALARM-OVERLOAD-017-N072,EAVT-L2-ALARM-OVERLOAD-017,nuisance_misc,L0,auxiliary_system,2615,,2640,1
EAVT-L2-ALARM-OVERLOAD-017-N073,EAVT-L2-ALARM-OVERLOAD-017,nuisance_misc,L0,auxiliary_system,2645,,2665,1
EAVT-L2-ALARM-OVERLOAD-017-N074,EAVT-L2-ALARM-OVERLOAD-017,nuisance_misc,L0,auxiliary_system,2645,,2675,1
EAVT-L2-ALARM-OVERLOAD-017-N075,EAVT-L2-ALARM-OVERLOAD-017,nuisance_misc,L0,auxiliary_system,2655,,2685,1
EAVT-L2-ALARM-OVERLOAD-017-N076,EAVT-L2-ALARM-OVERLOAD-017,nuisance_misc,L0,auxiliary_system,2685,,2710,1
EAVT-L2-ALARM-OVERLOAD-017-N077,EAVT-L2-ALARM-OVERLOAD-017,nuisance_misc,L0,auxiliary_system,2695,,2710,1
EAVT-L2-ALARM-OVERLOAD-017-N078,EAVT-L2-ALARM-OVERLOAD-017,nuisance_misc,L0,auxiliary_system,2765,,2785,1
EAVT-L2-ALARM-OVERLOAD-017-N079,EAVT-L2-ALARM-OVERLOAD-017,nuisance_misc,L0,auxiliary_system,2780,,2805,1
EAVT-L2-ALARM-OVERLOAD-017-N080,EAVT-L2-ALARM-OVERLOAD-017,nuisance_misc,L0,auxiliary_system,2830,,2860,1
EAVT-L2-ALARM-OVERLOAD-017-N081,EAVT-L2-ALARM-OVERLOAD-017,nuisance_misc,L0,auxiliary_system,2835,,2860,1
EAVT-L2-ALARM-OVERLOAD-017-N082,EAVT-L2-ALARM-OVERLOAD-017,nuisance_misc,L0,auxiliary_system,2860,,2880,1
EAVT-L2-ALARM-OVERLOAD-017-N083,EAVT-L2-ALARM-OVERLOAD-017,nuisance_misc,L0,auxiliary_system,2860,,2890,1
EAVT-L2-ALARM-OVERLOAD-017-N084,EAVT-L2-ALARM-OVERLOAD-017,nuisance_misc,L0,auxiliary_system,2885,,2910,1
EAVT-L2-ALARM-OVERLOAD-017-N085,EAVT-L2-ALARM-OVERLOAD-017,nuisance_misc,L0,auxiliary_system,2895,,2925,1
EAVT-L2-ALARM-OVERLOAD-017-N086,EAVT-L2-ALARM-OVERLOAD-017,nuisance_misc,L0,auxiliary_system,2910,,2940,1
EAVT-L2-ALARM-OVERLOAD-017-N087,EAVT-L2-ALARM-OVERLOAD-017,nuisance_misc,L0,auxiliary_system,2935,,2955,1
EAVT-L2-ALARM-OVERLOAD-017-N088,EAVT-L2-ALARM-OVERLOAD-017,nuisance_misc,L0,auxiliary_system,2945,,2975,1
EAVT-L2-ALARM-OVERLOAD-017-N089,EAVT-L2-ALARM-OVERLOAD-017,nuisance_misc,L0,auxiliary_system,3000,,3025,1
EAVT-L2-ALARM-OVERLOAD-017-N090,EAVT-L2-ALARM-OVERLOAD-017,nuisance_misc,L0,auxiliary_system,3025,,3040,1
EAVT-L2-ALARM-OVERLOAD-017-N091,EAVT-L2-ALARM-OVERLOAD-017,nuisance_misc,L0,auxiliary_system,3055,,3075,1
EAVT-L2-ALARM-OVERLOAD-017-N092,EAVT-L2-ALARM-OVERLOAD-017,nuisance_misc,L0,auxiliary_system,3140,,3170,1
EAVT-L2-ALARM-OVERLOAD-017-N093,EAVT-L2-ALARM-OVERLOAD-017,nuisance_misc,L0,auxiliary_system,3190,,3210,1
EAVT-L2-ALARM-OVERLOAD-017-N094,EAVT-L2-ALARM-OVERLOAD-017,nuisance_misc,L0,auxiliary_system,3245,,3270,1
EAVT-L2-ALARM-OVERLOAD-017-N095,EAVT-L2-ALARM-OVERLOAD-017,nuisance_misc,L0,auxiliary_system,3250,,3280,1
EAVT-L2-ALARM-OVERLOAD-017-N096,EAVT-L2-ALARM-OVERLOAD-017,nuisance_misc,L0,auxiliary_system,3260,,3280,1
EAVT-L2-ALARM-OVERLOAD-017-N097,EAVT-L2-ALARM-OVERLOAD-017,nuisance_misc,L0,auxiliary_system,3270,,3295,1
EAVT-L2-ALARM-OVERLOAD-017-N098,EAVT-L2-ALARM-OVERLOAD-017,nuisance_misc,L0,auxiliary_system,3270,,3285,1
EAVT-L2-ALARM-OVERLOAD-017-N099,EAVT-L2-ALARM-OVERLOAD-017,nuisance_misc,L0,auxiliary_system,3280,,3310,1
EAVT-L2-ALARM-OVERLOAD-017-N100,EAVT-L2-ALARM-OVERLOAD-017,nuisance_misc,L0,auxiliary_system,3345,,3365,1
EAVT-L2-ALARM-OVERLOAD-017-N101,EAVT-L2-ALARM-OVERLOAD-017,nuisance_misc,L0,auxiliary_system,3380,,3395,1
EAVT-L2-ALARM-OVERLOAD-017-N102,EAVT-L2-ALARM-OVERLOAD-017,nuisance_misc,L0,auxiliary_system,3385,,3400,1
EAVT-L2-ALARM-OVERLOAD-017-N103,EAVT-L2-ALARM-OVERLOAD-017,nuisance_misc,L0,auxiliary_system,3410,,3435,1
EAVT-L2-ALARM-OVERLOAD-017-N104,EAVT-L2-ALARM-OVERLOAD-017,nuisance_misc,L0,auxiliary_system,3415,,3435,1
EAVT-L2-ALARM-OVERLOAD-017-N105,EAVT-L2-ALARM-OVERLOAD-017,nuisance_misc,L0,auxiliary_system,3435,,3450,1
EAVT-L2-ALARM-OVERLOAD-017-N106,EAVT-L2-ALARM-OVERLOAD-017,nuisance_misc,L0,auxiliary_system,3465,,3490,1
EAVT-L2-ALARM-OVERLOAD-017-N107,EAVT-L2-ALARM-OVERLOAD-017,nuisance_misc,L0,auxiliary_system,3495,,3525,1
EAVT-L2-ALARM-OVERLOAD-017-N108,EAVT-L2-ALARM-OVERLOAD-017,nuisance_misc,L0,auxiliary_system,3510,,3525,1
EAVT-L2-ALARM-OVERLOAD-017-N109,EAVT-L2-ALARM-OVERLOAD-017,nuisance_misc,L0,auxiliary_system,3535,,3565,1
EAVT-L2-ALARM-OVERLOAD-017-N110,EAVT-L2-ALARM-OVERLOAD-017,nuisance_misc,L0,auxiliary_system,3550,,3580,1
EAVT-L2-ALARM-OVERLOAD-017-N111,EAVT-L2-ALARM-OVERLOAD-017,nuisance_misc,L0,auxiliary_system,3560,,3590,1
EAVT-L2-ALARM-OVERLOAD-017-N112,EAVT-L2-ALARM-OVERLOAD-017,nuisance_misc,L0,auxiliary_system,3580,,3595,1
EAVT-L2-ALARM-OVERLOAD-017-N113,EAVT-L2-ALARM-OVERLOAD-017,nuisance_misc,L0,auxiliary_system,3600,,3630,1
EAVT-L2-ALARM-OVERLOAD-017-N114,EAVT-L2-ALARM-OVERLOAD-017,nuisance_misc,L0,auxiliary_system,3615,,3645,1
EAVT-L2-ALARM-OVERLOAD-017-N115,EAVT-L2-ALARM-OVERLOAD-017,nuisance_misc,L0,auxiliary_system,3625,,3650,1
EAVT-L2-ALARM-OVERLOAD-017-N116,EAVT-L2-ALARM-OVERLOAD-017,nuisance_misc,L0,auxiliary_system,3635,,3655,1
EAVT-L2-ALARM-OVERLOAD-017-N117,EAVT-L2-ALARM-OVERLOAD-017,nuisance_misc,L0,auxiliary_system,3665,,3690,1
EAVT-L2-ALARM-OVERLOAD-017-N118,EAVT-L2-ALARM-OVERLOAD-017,nuisance_misc,L0,auxiliary_system,3670,,3685,1
EAVT-L2-ALARM-OVERLOAD-017-N119,EAVT-L2-ALARM-OVERLOAD-017,nuisance_misc,L0,auxiliary_system,3695,,3720,1
EAVT-L2-ALARM-OVERLOAD-017-N120,EAVT-L2-ALARM-OVERLOAD-017,nuisance_misc,L0,auxiliary_system,3710,,3725,1
EAVT-L2-ALARM-OVERLOAD-017-N121,EAVT-L2-ALARM-OVERLOAD-017,nuisance_misc,L0,auxiliary_system,3835,,3860,1
EAVT-L2-ALARM-OVERLOAD-017-N122,EAVT-L2-ALARM-OVERLOAD-017,nuisance_misc,L0,auxiliary_system,3845,,3865,1
EAVT-L2-ALARM-OVERLOAD-017-N123,EAVT-L2-ALARM-OVERLOAD-017,nuisance_misc,L0,auxiliary_system,3895,,3900,1
EAVT-L2-ALARM-OVERLOAD-017-S01,EAVT-L2-ALARM-OVERLOAD-017,flow_deviation_branch,L1,feed_branch_2,3285,3335,3900,0
EAVT-L2-ALARM-OVERLOAD-017-S02,EAVT-L2-ALARM-OVERLOAD-017,t11_temperature_deviation,L3,T-1...T-11,3290,3335,3900,0
EAVT-L2-ALARM-OVERLOAD-017-S03,EAVT-L2-ALARM-OVERLOAD-017,feed_flow_imbalance,L2,feed_system,3305,3350,3900,0
EAVT-L2-ALARM-OVERLOAD-017-S04,EAVT-L2-ALARM-OVERLOAD-017,elou_load_imbalance,L4,ELOU,3355,3400,3900,0
EAVT-L2-ALARM-OVERLOAD-017-S05,EAVT-L2-ALARM-OVERLOAD-017,k1_feed_deviation,L5,K-1,3440,3485,3900,0
EAVT-L2-ALARM-OVERLOAD-018-N001,EAVT-L2-ALARM-OVERLOAD-018,nuisance_misc,L0,auxiliary_system,10,,30,1
EAVT-L2-ALARM-OVERLOAD-018-N002,EAVT-L2-ALARM-OVERLOAD-018,nuisance_misc,L0,auxiliary_system,20,,45,1
EAVT-L2-ALARM-OVERLOAD-018-N003,EAVT-L2-ALARM-OVERLOAD-018,nuisance_misc,L0,auxiliary_system,50,,70,1
EAVT-L2-ALARM-OVERLOAD-018-N004,EAVT-L2-ALARM-OVERLOAD-018,nuisance_misc,L0,auxiliary_system,70,,90,1
EAVT-L2-ALARM-OVERLOAD-018-N005,EAVT-L2-ALARM-OVERLOAD-018,nuisance_misc,L0,auxiliary_system,75,,100,1
EAVT-L2-ALARM-OVERLOAD-018-N006,EAVT-L2-ALARM-OVERLOAD-018,nuisance_misc,L0,auxiliary_system,100,,130,1
EAVT-L2-ALARM-OVERLOAD-018-N007,EAVT-L2-ALARM-OVERLOAD-018,nuisance_misc,L0,auxiliary_system,115,,145,1
EAVT-L2-ALARM-OVERLOAD-018-N008,EAVT-L2-ALARM-OVERLOAD-018,nuisance_misc,L0,auxiliary_system,120,,145,1
EAVT-L2-ALARM-OVERLOAD-018-N009,EAVT-L2-ALARM-OVERLOAD-018,nuisance_misc,L0,auxiliary_system,140,,165,1
EAVT-L2-ALARM-OVERLOAD-018-N010,EAVT-L2-ALARM-OVERLOAD-018,nuisance_misc,L0,auxiliary_system,155,,170,1
EAVT-L2-ALARM-OVERLOAD-018-N011,EAVT-L2-ALARM-OVERLOAD-018,nuisance_misc,L0,auxiliary_system,155,,175,1
EAVT-L2-ALARM-OVERLOAD-018-N012,EAVT-L2-ALARM-OVERLOAD-018,nuisance_misc,L0,auxiliary_system,165,,180,1
EAVT-L2-ALARM-OVERLOAD-018-N013,EAVT-L2-ALARM-OVERLOAD-018,nuisance_misc,L0,auxiliary_system,180,,210,1
EAVT-L2-ALARM-OVERLOAD-018-N014,EAVT-L2-ALARM-OVERLOAD-018,nuisance_misc,L0,auxiliary_system,195,,215,1
EAVT-L2-ALARM-OVERLOAD-018-N015,EAVT-L2-ALARM-OVERLOAD-018,nuisance_misc,L0,auxiliary_system,335,,360,1
EAVT-L2-ALARM-OVERLOAD-018-N016,EAVT-L2-ALARM-OVERLOAD-018,nuisance_misc,L0,auxiliary_system,355,,375,1
EAVT-L2-ALARM-OVERLOAD-018-N017,EAVT-L2-ALARM-OVERLOAD-018,nuisance_misc,L0,auxiliary_system,425,,445,1
EAVT-L2-ALARM-OVERLOAD-018-N018,EAVT-L2-ALARM-OVERLOAD-018,nuisance_misc,L0,auxiliary_system,430,,455,1
EAVT-L2-ALARM-OVERLOAD-018-N019,EAVT-L2-ALARM-OVERLOAD-018,nuisance_misc,L0,auxiliary_system,445,,460,1
EAVT-L2-ALARM-OVERLOAD-018-N020,EAVT-L2-ALARM-OVERLOAD-018,nuisance_misc,L0,auxiliary_system,460,,490,1
EAVT-L2-ALARM-OVERLOAD-018-N021,EAVT-L2-ALARM-OVERLOAD-018,nuisance_misc,L0,auxiliary_system,490,,520,1
EAVT-L2-ALARM-OVERLOAD-018-N022,EAVT-L2-ALARM-OVERLOAD-018,nuisance_misc,L0,auxiliary_system,525,,555,1
EAVT-L2-ALARM-OVERLOAD-018-N023,EAVT-L2-ALARM-OVERLOAD-018,nuisance_misc,L0,auxiliary_system,550,,570,1
EAVT-L2-ALARM-OVERLOAD-018-N024,EAVT-L2-ALARM-OVERLOAD-018,nuisance_misc,L0,auxiliary_system,620,,645,1
EAVT-L2-ALARM-OVERLOAD-018-N025,EAVT-L2-ALARM-OVERLOAD-018,nuisance_misc,L0,auxiliary_system,640,,670,1
EAVT-L2-ALARM-OVERLOAD-018-N026,EAVT-L2-ALARM-OVERLOAD-018,nuisance_misc,L0,auxiliary_system,650,,665,1
EAVT-L2-ALARM-OVERLOAD-018-N027,EAVT-L2-ALARM-OVERLOAD-018,nuisance_misc,L0,auxiliary_system,650,,675,1
EAVT-L2-ALARM-OVERLOAD-018-N028,EAVT-L2-ALARM-OVERLOAD-018,nuisance_misc,L0,auxiliary_system,660,,685,1
EAVT-L2-ALARM-OVERLOAD-018-N029,EAVT-L2-ALARM-OVERLOAD-018,nuisance_misc,L0,auxiliary_system,665,,695,1
EAVT-L2-ALARM-OVERLOAD-018-N030,EAVT-L2-ALARM-OVERLOAD-018,nuisance_misc,L0,auxiliary_system,705,,720,1
EAVT-L2-ALARM-OVERLOAD-018-N031,EAVT-L2-ALARM-OVERLOAD-018,nuisance_misc,L0,auxiliary_system,710,,730,1
EAVT-L2-ALARM-OVERLOAD-018-N032,EAVT-L2-ALARM-OVERLOAD-018,nuisance_misc,L0,auxiliary_system,725,,755,1
EAVT-L2-ALARM-OVERLOAD-018-N033,EAVT-L2-ALARM-OVERLOAD-018,nuisance_misc,L0,auxiliary_system,745,,760,1
EAVT-L2-ALARM-OVERLOAD-018-N034,EAVT-L2-ALARM-OVERLOAD-018,nuisance_misc,L0,auxiliary_system,755,,780,1
EAVT-L2-ALARM-OVERLOAD-018-N035,EAVT-L2-ALARM-OVERLOAD-018,nuisance_misc,L0,auxiliary_system,810,,825,1
EAVT-L2-ALARM-OVERLOAD-018-N036,EAVT-L2-ALARM-OVERLOAD-018,nuisance_misc,L0,auxiliary_system,820,,840,1
EAVT-L2-ALARM-OVERLOAD-018-N037,EAVT-L2-ALARM-OVERLOAD-018,nuisance_misc,L0,auxiliary_system,860,,880,1
EAVT-L2-ALARM-OVERLOAD-018-N038,EAVT-L2-ALARM-OVERLOAD-018,nuisance_misc,L0,auxiliary_system,1010,,1025,1
EAVT-L2-ALARM-OVERLOAD-018-N039,EAVT-L2-ALARM-OVERLOAD-018,nuisance_misc,L0,auxiliary_system,1030,,1060,1
EAVT-L2-ALARM-OVERLOAD-018-N040,EAVT-L2-ALARM-OVERLOAD-018,nuisance_misc,L0,auxiliary_system,1035,,1050,1
EAVT-L2-ALARM-OVERLOAD-018-N041,EAVT-L2-ALARM-OVERLOAD-018,nuisance_misc,L0,auxiliary_system,1050,,1065,1
EAVT-L2-ALARM-OVERLOAD-018-N042,EAVT-L2-ALARM-OVERLOAD-018,nuisance_misc,L0,auxiliary_system,1135,,1160,1
EAVT-L2-ALARM-OVERLOAD-018-N043,EAVT-L2-ALARM-OVERLOAD-018,nuisance_misc,L0,auxiliary_system,1150,,1170,1
EAVT-L2-ALARM-OVERLOAD-018-N044,EAVT-L2-ALARM-OVERLOAD-018,nuisance_misc,L0,auxiliary_system,1190,,1210,1
EAVT-L2-ALARM-OVERLOAD-018-N045,EAVT-L2-ALARM-OVERLOAD-018,nuisance_misc,L0,auxiliary_system,1330,,1345,1
EAVT-L2-ALARM-OVERLOAD-018-N046,EAVT-L2-ALARM-OVERLOAD-018,nuisance_misc,L0,auxiliary_system,1345,,1370,1
EAVT-L2-ALARM-OVERLOAD-018-N047,EAVT-L2-ALARM-OVERLOAD-018,nuisance_misc,L0,auxiliary_system,1350,,1375,1
EAVT-L2-ALARM-OVERLOAD-018-N048,EAVT-L2-ALARM-OVERLOAD-018,nuisance_misc,L0,auxiliary_system,1360,,1385,1
EAVT-L2-ALARM-OVERLOAD-018-N049,EAVT-L2-ALARM-OVERLOAD-018,nuisance_misc,L0,auxiliary_system,1385,,1400,1
EAVT-L2-ALARM-OVERLOAD-018-N050,EAVT-L2-ALARM-OVERLOAD-018,nuisance_misc,L0,auxiliary_system,1400,,1415,1
EAVT-L2-ALARM-OVERLOAD-018-N051,EAVT-L2-ALARM-OVERLOAD-018,nuisance_misc,L0,auxiliary_system,1425,,1445,1
EAVT-L2-ALARM-OVERLOAD-018-N052,EAVT-L2-ALARM-OVERLOAD-018,nuisance_misc,L0,auxiliary_system,1490,,1520,1
EAVT-L2-ALARM-OVERLOAD-018-N053,EAVT-L2-ALARM-OVERLOAD-018,nuisance_misc,L0,auxiliary_system,1505,,1520,1
EAVT-L2-ALARM-OVERLOAD-018-N054,EAVT-L2-ALARM-OVERLOAD-018,nuisance_misc,L0,auxiliary_system,1530,,1545,1
EAVT-L2-ALARM-OVERLOAD-018-N055,EAVT-L2-ALARM-OVERLOAD-018,nuisance_misc,L0,auxiliary_system,1535,,1550,1
EAVT-L2-ALARM-OVERLOAD-018-N056,EAVT-L2-ALARM-OVERLOAD-018,nuisance_misc,L0,auxiliary_system,1550,,1570,1
EAVT-L2-ALARM-OVERLOAD-018-N057,EAVT-L2-ALARM-OVERLOAD-018,nuisance_misc,L0,auxiliary_system,1555,,1575,1
EAVT-L2-ALARM-OVERLOAD-018-N058,EAVT-L2-ALARM-OVERLOAD-018,nuisance_misc,L0,auxiliary_system,1575,,1605,1
EAVT-L2-ALARM-OVERLOAD-018-N059,EAVT-L2-ALARM-OVERLOAD-018,nuisance_misc,L0,auxiliary_system,1580,,1600,1
EAVT-L2-ALARM-OVERLOAD-018-N060,EAVT-L2-ALARM-OVERLOAD-018,nuisance_misc,L0,auxiliary_system,1585,,1600,1
EAVT-L2-ALARM-OVERLOAD-018-N061,EAVT-L2-ALARM-OVERLOAD-018,nuisance_misc,L0,auxiliary_system,1585,,1610,1
EAVT-L2-ALARM-OVERLOAD-018-N062,EAVT-L2-ALARM-OVERLOAD-018,nuisance_misc,L0,auxiliary_system,1640,,1660,1
EAVT-L2-ALARM-OVERLOAD-018-N063,EAVT-L2-ALARM-OVERLOAD-018,nuisance_misc,L0,auxiliary_system,1660,,1675,1
EAVT-L2-ALARM-OVERLOAD-018-N064,EAVT-L2-ALARM-OVERLOAD-018,nuisance_misc,L0,auxiliary_system,1675,,1695,1
EAVT-L2-ALARM-OVERLOAD-018-N065,EAVT-L2-ALARM-OVERLOAD-018,nuisance_misc,L0,auxiliary_system,1780,,1805,1
EAVT-L2-ALARM-OVERLOAD-018-N066,EAVT-L2-ALARM-OVERLOAD-018,nuisance_misc,L0,auxiliary_system,1780,,1810,1
EAVT-L2-ALARM-OVERLOAD-018-N067,EAVT-L2-ALARM-OVERLOAD-018,nuisance_misc,L0,auxiliary_system,1795,,1810,1
EAVT-L2-ALARM-OVERLOAD-018-N068,EAVT-L2-ALARM-OVERLOAD-018,nuisance_misc,L0,auxiliary_system,1825,,1855,1
EAVT-L2-ALARM-OVERLOAD-018-N069,EAVT-L2-ALARM-OVERLOAD-018,nuisance_misc,L0,auxiliary_system,1835,,1850,1
EAVT-L2-ALARM-OVERLOAD-018-N070,EAVT-L2-ALARM-OVERLOAD-018,nuisance_misc,L0,auxiliary_system,1860,,1880,1
EAVT-L2-ALARM-OVERLOAD-018-N071,EAVT-L2-ALARM-OVERLOAD-018,nuisance_misc,L0,auxiliary_system,1885,,1910,1
EAVT-L2-ALARM-OVERLOAD-018-N072,EAVT-L2-ALARM-OVERLOAD-018,nuisance_misc,L0,auxiliary_system,2055,,2070,1
EAVT-L2-ALARM-OVERLOAD-018-N073,EAVT-L2-ALARM-OVERLOAD-018,nuisance_misc,L0,auxiliary_system,2070,,2085,1
EAVT-L2-ALARM-OVERLOAD-018-N074,EAVT-L2-ALARM-OVERLOAD-018,nuisance_misc,L0,auxiliary_system,2215,,2230,1
EAVT-L2-ALARM-OVERLOAD-018-N075,EAVT-L2-ALARM-OVERLOAD-018,nuisance_misc,L0,auxiliary_system,2225,,2250,1
EAVT-L2-ALARM-OVERLOAD-018-N076,EAVT-L2-ALARM-OVERLOAD-018,nuisance_misc,L0,auxiliary_system,2230,,2260,1
EAVT-L2-ALARM-OVERLOAD-018-N077,EAVT-L2-ALARM-OVERLOAD-018,nuisance_misc,L0,auxiliary_system,2230,,2250,1
EAVT-L2-ALARM-OVERLOAD-018-N078,EAVT-L2-ALARM-OVERLOAD-018,nuisance_misc,L0,auxiliary_system,2275,,2295,1
EAVT-L2-ALARM-OVERLOAD-018-N079,EAVT-L2-ALARM-OVERLOAD-018,nuisance_misc,L0,auxiliary_system,2310,,2340,1
EAVT-L2-ALARM-OVERLOAD-018-N080,EAVT-L2-ALARM-OVERLOAD-018,nuisance_misc,L0,auxiliary_system,2355,,2385,1
EAVT-L2-ALARM-OVERLOAD-018-N081,EAVT-L2-ALARM-OVERLOAD-018,nuisance_misc,L0,auxiliary_system,2360,,2385,1
EAVT-L2-ALARM-OVERLOAD-018-N082,EAVT-L2-ALARM-OVERLOAD-018,nuisance_misc,L0,auxiliary_system,2370,,2400,1
EAVT-L2-ALARM-OVERLOAD-018-N083,EAVT-L2-ALARM-OVERLOAD-018,nuisance_misc,L0,auxiliary_system,2380,,2395,1
EAVT-L2-ALARM-OVERLOAD-018-N084,EAVT-L2-ALARM-OVERLOAD-018,nuisance_misc,L0,auxiliary_system,2395,,2410,1
EAVT-L2-ALARM-OVERLOAD-018-N085,EAVT-L2-ALARM-OVERLOAD-018,nuisance_misc,L0,auxiliary_system,2400,,2430,1
EAVT-L2-ALARM-OVERLOAD-018-N086,EAVT-L2-ALARM-OVERLOAD-018,nuisance_misc,L0,auxiliary_system,2435,,2465,1
EAVT-L2-ALARM-OVERLOAD-018-N087,EAVT-L2-ALARM-OVERLOAD-018,nuisance_misc,L0,auxiliary_system,2455,,2475,1
EAVT-L2-ALARM-OVERLOAD-018-N088,EAVT-L2-ALARM-OVERLOAD-018,nuisance_misc,L0,auxiliary_system,2480,,2510,1
EAVT-L2-ALARM-OVERLOAD-018-N089,EAVT-L2-ALARM-OVERLOAD-018,nuisance_misc,L0,auxiliary_system,2480,,2505,1
EAVT-L2-ALARM-OVERLOAD-018-N090,EAVT-L2-ALARM-OVERLOAD-018,nuisance_misc,L0,auxiliary_system,2495,,2515,1
EAVT-L2-ALARM-OVERLOAD-018-N091,EAVT-L2-ALARM-OVERLOAD-018,nuisance_misc,L0,auxiliary_system,2605,,2620,1
EAVT-L2-ALARM-OVERLOAD-018-N092,EAVT-L2-ALARM-OVERLOAD-018,nuisance_misc,L0,auxiliary_system,2640,,2665,1
EAVT-L2-ALARM-OVERLOAD-018-N093,EAVT-L2-ALARM-OVERLOAD-018,nuisance_misc,L0,auxiliary_system,2775,,2800,1
EAVT-L2-ALARM-OVERLOAD-018-N094,EAVT-L2-ALARM-OVERLOAD-018,nuisance_misc,L0,auxiliary_system,2795,,2825,1
EAVT-L2-ALARM-OVERLOAD-018-N095,EAVT-L2-ALARM-OVERLOAD-018,nuisance_misc,L0,auxiliary_system,2805,,2825,1
EAVT-L2-ALARM-OVERLOAD-018-N096,EAVT-L2-ALARM-OVERLOAD-018,nuisance_misc,L0,auxiliary_system,2810,,2835,1
EAVT-L2-ALARM-OVERLOAD-018-N097,EAVT-L2-ALARM-OVERLOAD-018,nuisance_misc,L0,auxiliary_system,2815,,2830,1
EAVT-L2-ALARM-OVERLOAD-018-N098,EAVT-L2-ALARM-OVERLOAD-018,nuisance_misc,L0,auxiliary_system,2815,,2835,1
EAVT-L2-ALARM-OVERLOAD-018-N099,EAVT-L2-ALARM-OVERLOAD-018,nuisance_misc,L0,auxiliary_system,2895,,2910,1
EAVT-L2-ALARM-OVERLOAD-018-N100,EAVT-L2-ALARM-OVERLOAD-018,nuisance_misc,L0,auxiliary_system,2935,,2965,1
EAVT-L2-ALARM-OVERLOAD-018-N101,EAVT-L2-ALARM-OVERLOAD-018,nuisance_misc,L0,auxiliary_system,2940,,2965,1
EAVT-L2-ALARM-OVERLOAD-018-N102,EAVT-L2-ALARM-OVERLOAD-018,nuisance_misc,L0,auxiliary_system,2985,,3005,1
EAVT-L2-ALARM-OVERLOAD-018-N103,EAVT-L2-ALARM-OVERLOAD-018,nuisance_misc,L0,auxiliary_system,2995,,3015,1
EAVT-L2-ALARM-OVERLOAD-018-N104,EAVT-L2-ALARM-OVERLOAD-018,nuisance_misc,L0,auxiliary_system,3000,,3020,1
EAVT-L2-ALARM-OVERLOAD-018-N105,EAVT-L2-ALARM-OVERLOAD-018,nuisance_misc,L0,auxiliary_system,3000,,3015,1
EAVT-L2-ALARM-OVERLOAD-018-N106,EAVT-L2-ALARM-OVERLOAD-018,nuisance_misc,L0,auxiliary_system,3000,,3020,1
EAVT-L2-ALARM-OVERLOAD-018-N107,EAVT-L2-ALARM-OVERLOAD-018,nuisance_misc,L0,auxiliary_system,3020,,3050,1
EAVT-L2-ALARM-OVERLOAD-018-N108,EAVT-L2-ALARM-OVERLOAD-018,nuisance_misc,L0,auxiliary_system,3075,,3105,1
EAVT-L2-ALARM-OVERLOAD-018-N109,EAVT-L2-ALARM-OVERLOAD-018,nuisance_misc,L0,auxiliary_system,3110,,3140,1
EAVT-L2-ALARM-OVERLOAD-018-N110,EAVT-L2-ALARM-OVERLOAD-018,nuisance_misc,L0,auxiliary_system,3115,,3130,1
EAVT-L2-ALARM-OVERLOAD-018-N111,EAVT-L2-ALARM-OVERLOAD-018,nuisance_misc,L0,auxiliary_system,3140,,3170,1
EAVT-L2-ALARM-OVERLOAD-018-N112,EAVT-L2-ALARM-OVERLOAD-018,nuisance_misc,L0,auxiliary_system,3145,,3165,1
EAVT-L2-ALARM-OVERLOAD-018-N113,EAVT-L2-ALARM-OVERLOAD-018,nuisance_misc,L0,auxiliary_system,3145,,3165,1
EAVT-L2-ALARM-OVERLOAD-018-N114,EAVT-L2-ALARM-OVERLOAD-018,nuisance_misc,L0,auxiliary_system,3165,,3180,1
EAVT-L2-ALARM-OVERLOAD-018-N115,EAVT-L2-ALARM-OVERLOAD-018,nuisance_misc,L0,auxiliary_system,3185,,3200,1
EAVT-L2-ALARM-OVERLOAD-018-N116,EAVT-L2-ALARM-OVERLOAD-018,nuisance_misc,L0,auxiliary_system,3195,,3215,1
EAVT-L2-ALARM-OVERLOAD-018-N117,EAVT-L2-ALARM-OVERLOAD-018,nuisance_misc,L0,auxiliary_system,3260,,3275,1
EAVT-L2-ALARM-OVERLOAD-018-N118,EAVT-L2-ALARM-OVERLOAD-018,nuisance_misc,L0,auxiliary_system,3275,,3290,1
EAVT-L2-ALARM-OVERLOAD-018-N119,EAVT-L2-ALARM-OVERLOAD-018,nuisance_misc,L0,auxiliary_system,3295,,3310,1
EAVT-L2-ALARM-OVERLOAD-018-N120,EAVT-L2-ALARM-OVERLOAD-018,nuisance_misc,L0,auxiliary_system,3375,,3395,1
EAVT-L2-ALARM-OVERLOAD-018-N121,EAVT-L2-ALARM-OVERLOAD-018,nuisance_misc,L0,auxiliary_system,3415,,3440,1
EAVT-L2-ALARM-OVERLOAD-018-N122,EAVT-L2-ALARM-OVERLOAD-018,nuisance_misc,L0,auxiliary_system,3430,,3450,1
EAVT-L2-ALARM-OVERLOAD-018-N123,EAVT-L2-ALARM-OVERLOAD-018,nuisance_misc,L0,auxiliary_system,3455,,3480,1
EAVT-L2-ALARM-OVERLOAD-018-N124,EAVT-L2-ALARM-OVERLOAD-018,nuisance_misc,L0,auxiliary_system,3480,,3500,1
EAVT-L2-ALARM-OVERLOAD-018-N125,EAVT-L2-ALARM-OVERLOAD-018,nuisance_misc,L0,auxiliary_system,3500,,3530,1
EAVT-L2-ALARM-OVERLOAD-018-N126,EAVT-L2-ALARM-OVERLOAD-018,nuisance_misc,L0,auxiliary_system,3545,,3565,1
EAVT-L2-ALARM-OVERLOAD-018-N127,EAVT-L2-ALARM-OVERLOAD-018,nuisance_misc,L0,auxiliary_system,3560,,3580,1
EAVT-L2-ALARM-OVERLOAD-018-N128,EAVT-L2-ALARM-OVERLOAD-018,nuisance_misc,L0,auxiliary_system,3595,,3610,1
EAVT-L2-ALARM-OVERLOAD-018-N129,EAVT-L2-ALARM-OVERLOAD-018,nuisance_misc,L0,auxiliary_system,3595,,3620,1
EAVT-L2-ALARM-OVERLOAD-018-N130,EAVT-L2-ALARM-OVERLOAD-018,nuisance_misc,L0,auxiliary_system,3615,,3640,1
EAVT-L2-ALARM-OVERLOAD-018-N131,EAVT-L2-ALARM-OVERLOAD-018,nuisance_misc,L0,auxiliary_system,3650,,3665,1
EAVT-L2-ALARM-OVERLOAD-018-N132,EAVT-L2-ALARM-OVERLOAD-018,nuisance_misc,L0,auxiliary_system,3690,,3720,1
EAVT-L2-ALARM-OVERLOAD-018-N133,EAVT-L2-ALARM-OVERLOAD-018,nuisance_misc,L0,auxiliary_system,3695,,3720,1
EAVT-L2-ALARM-OVERLOAD-018-N134,EAVT-L2-ALARM-OVERLOAD-018,nuisance_misc,L0,auxiliary_system,3795,,3825,1
EAVT-L2-ALARM-OVERLOAD-018-N135,EAVT-L2-ALARM-OVERLOAD-018,nuisance_misc,L0,auxiliary_system,3800,,3815,1
EAVT-L2-ALARM-OVERLOAD-018-N136,EAVT-L2-ALARM-OVERLOAD-018,nuisance_misc,L0,auxiliary_system,3805,,3835,1
EAVT-L2-ALARM-OVERLOAD-018-N137,EAVT-L2-ALARM-OVERLOAD-018,nuisance_misc,L0,auxiliary_system,3830,,3845,1
EAVT-L2-ALARM-OVERLOAD-018-N138,EAVT-L2-ALARM-OVERLOAD-018,nuisance_misc,L0,auxiliary_system,3860,,3875,1
EAVT-L2-ALARM-OVERLOAD-018-N139,EAVT-L2-ALARM-OVERLOAD-018,nuisance_misc,L0,auxiliary_system,3865,,3890,1
EAVT-L2-ALARM-OVERLOAD-018-N140,EAVT-L2-ALARM-OVERLOAD-018,nuisance_misc,L0,auxiliary_system,3880,,3900,1
EAVT-L2-ALARM-OVERLOAD-018-N141,EAVT-L2-ALARM-OVERLOAD-018,nuisance_misc,L0,auxiliary_system,3890,,3900,1
EAVT-L2-ALARM-OVERLOAD-018-N142,EAVT-L2-ALARM-OVERLOAD-018,nuisance_misc,L0,auxiliary_system,3900,,3900,1
EAVT-L2-ALARM-OVERLOAD-018-S01,EAVT-L2-ALARM-OVERLOAD-018,flow_deviation_branch,L1,feed_branch_3,3270,3375,3610,0
EAVT-L2-ALARM-OVERLOAD-018-S02,EAVT-L2-ALARM-OVERLOAD-018,t11_temperature_deviation,L3,T-1...T-11,3275,3375,3595,0
EAVT-L2-ALARM-OVERLOAD-018-S03,EAVT-L2-ALARM-OVERLOAD-018,feed_flow_imbalance,L2,feed_system,3290,3375,3590,0
EAVT-L2-ALARM-OVERLOAD-018-S04,EAVT-L2-ALARM-OVERLOAD-018,elou_load_imbalance,L4,ELOU,3335,3380,3540,0
EAVT-L2-ALARM-OVERLOAD-018-S05,EAVT-L2-ALARM-OVERLOAD-018,k1_feed_deviation,L5,K-1,3425,3470,3455,0
EAVT-L2-WRONG-DIAGNOSIS-019-N001,EAVT-L2-WRONG-DIAGNOSIS-019,nuisance_misc,L0,auxiliary_system,15,35,30,1
EAVT-L2-WRONG-DIAGNOSIS-019-N002,EAVT-L2-WRONG-DIAGNOSIS-019,nuisance_misc,L0,auxiliary_system,30,50,45,1
EAVT-L2-WRONG-DIAGNOSIS-019-N003,EAVT-L2-WRONG-DIAGNOSIS-019,nuisance_misc,L0,auxiliary_system,55,75,85,1
EAVT-L2-WRONG-DIAGNOSIS-019-N004,EAVT-L2-WRONG-DIAGNOSIS-019,nuisance_misc,L0,auxiliary_system,80,100,100,1
EAVT-L2-WRONG-DIAGNOSIS-019-N005,EAVT-L2-WRONG-DIAGNOSIS-019,nuisance_misc,L0,auxiliary_system,120,140,135,1
EAVT-L2-WRONG-DIAGNOSIS-019-N006,EAVT-L2-WRONG-DIAGNOSIS-019,nuisance_misc,L0,auxiliary_system,190,210,215,1
EAVT-L2-WRONG-DIAGNOSIS-019-N007,EAVT-L2-WRONG-DIAGNOSIS-019,nuisance_misc,L0,auxiliary_system,215,235,235,1
EAVT-L2-WRONG-DIAGNOSIS-019-N008,EAVT-L2-WRONG-DIAGNOSIS-019,nuisance_misc,L0,auxiliary_system,245,265,270,1
EAVT-L2-WRONG-DIAGNOSIS-019-N009,EAVT-L2-WRONG-DIAGNOSIS-019,nuisance_misc,L0,auxiliary_system,265,285,285,1
EAVT-L2-WRONG-DIAGNOSIS-019-N010,EAVT-L2-WRONG-DIAGNOSIS-019,nuisance_misc,L0,auxiliary_system,275,295,295,1
EAVT-L2-WRONG-DIAGNOSIS-019-N011,EAVT-L2-WRONG-DIAGNOSIS-019,nuisance_misc,L0,auxiliary_system,280,300,305,1
EAVT-L2-WRONG-DIAGNOSIS-019-N012,EAVT-L2-WRONG-DIAGNOSIS-019,nuisance_misc,L0,auxiliary_system,450,470,470,1
EAVT-L2-WRONG-DIAGNOSIS-019-N013,EAVT-L2-WRONG-DIAGNOSIS-019,nuisance_misc,L0,auxiliary_system,450,470,475,1
EAVT-L2-WRONG-DIAGNOSIS-019-N014,EAVT-L2-WRONG-DIAGNOSIS-019,nuisance_misc,L0,auxiliary_system,465,485,495,1
EAVT-L2-WRONG-DIAGNOSIS-019-N015,EAVT-L2-WRONG-DIAGNOSIS-019,nuisance_misc,L0,auxiliary_system,475,495,490,1
EAVT-L2-WRONG-DIAGNOSIS-019-N016,EAVT-L2-WRONG-DIAGNOSIS-019,nuisance_misc,L0,auxiliary_system,490,510,520,1
EAVT-L2-WRONG-DIAGNOSIS-019-N017,EAVT-L2-WRONG-DIAGNOSIS-019,nuisance_misc,L0,auxiliary_system,500,520,515,1
EAVT-L2-WRONG-DIAGNOSIS-019-N018,EAVT-L2-WRONG-DIAGNOSIS-019,nuisance_misc,L0,auxiliary_system,530,550,545,1
EAVT-L2-WRONG-DIAGNOSIS-019-N019,EAVT-L2-WRONG-DIAGNOSIS-019,nuisance_misc,L0,auxiliary_system,540,560,555,1
EAVT-L2-WRONG-DIAGNOSIS-019-N020,EAVT-L2-WRONG-DIAGNOSIS-019,nuisance_misc,L0,auxiliary_system,550,570,565,1
EAVT-L2-WRONG-DIAGNOSIS-019-N021,EAVT-L2-WRONG-DIAGNOSIS-019,nuisance_misc,L0,auxiliary_system,565,585,585,1
EAVT-L2-WRONG-DIAGNOSIS-019-N022,EAVT-L2-WRONG-DIAGNOSIS-019,nuisance_misc,L0,auxiliary_system,565,585,580,1
EAVT-L2-WRONG-DIAGNOSIS-019-N023,EAVT-L2-WRONG-DIAGNOSIS-019,nuisance_misc,L0,auxiliary_system,570,590,595,1
EAVT-L2-WRONG-DIAGNOSIS-019-N024,EAVT-L2-WRONG-DIAGNOSIS-019,nuisance_misc,L0,auxiliary_system,635,655,655,1
EAVT-L2-WRONG-DIAGNOSIS-019-N025,EAVT-L2-WRONG-DIAGNOSIS-019,nuisance_misc,L0,auxiliary_system,655,675,685,1
EAVT-L2-WRONG-DIAGNOSIS-019-N026,EAVT-L2-WRONG-DIAGNOSIS-019,nuisance_misc,L0,auxiliary_system,665,685,680,1
EAVT-L2-WRONG-DIAGNOSIS-019-N027,EAVT-L2-WRONG-DIAGNOSIS-019,nuisance_misc,L0,auxiliary_system,690,710,715,1
EAVT-L2-WRONG-DIAGNOSIS-019-N028,EAVT-L2-WRONG-DIAGNOSIS-019,nuisance_misc,L0,auxiliary_system,740,760,755,1
EAVT-L2-WRONG-DIAGNOSIS-019-N029,EAVT-L2-WRONG-DIAGNOSIS-019,nuisance_misc,L0,auxiliary_system,795,815,810,1
EAVT-L2-WRONG-DIAGNOSIS-019-N030,EAVT-L2-WRONG-DIAGNOSIS-019,nuisance_misc,L0,auxiliary_system,810,830,840,1
EAVT-L2-WRONG-DIAGNOSIS-019-N031,EAVT-L2-WRONG-DIAGNOSIS-019,nuisance_misc,L0,auxiliary_system,820,840,840,1
EAVT-L2-WRONG-DIAGNOSIS-019-N032,EAVT-L2-WRONG-DIAGNOSIS-019,nuisance_misc,L0,auxiliary_system,825,845,855,1
EAVT-L2-WRONG-DIAGNOSIS-019-N033,EAVT-L2-WRONG-DIAGNOSIS-019,nuisance_misc,L0,auxiliary_system,920,940,940,1
EAVT-L2-WRONG-DIAGNOSIS-019-N034,EAVT-L2-WRONG-DIAGNOSIS-019,nuisance_misc,L0,auxiliary_system,1000,1020,1020,1
EAVT-L2-WRONG-DIAGNOSIS-019-N035,EAVT-L2-WRONG-DIAGNOSIS-019,nuisance_misc,L0,auxiliary_system,1015,1035,1035,1
EAVT-L2-WRONG-DIAGNOSIS-019-N036,EAVT-L2-WRONG-DIAGNOSIS-019,nuisance_misc,L0,auxiliary_system,1055,1075,1075,1
EAVT-L2-WRONG-DIAGNOSIS-019-N037,EAVT-L2-WRONG-DIAGNOSIS-019,nuisance_misc,L0,auxiliary_system,1245,1265,1260,1
EAVT-L2-WRONG-DIAGNOSIS-019-N038,EAVT-L2-WRONG-DIAGNOSIS-019,nuisance_misc,L0,auxiliary_system,1250,1270,1270,1
EAVT-L2-WRONG-DIAGNOSIS-019-N039,EAVT-L2-WRONG-DIAGNOSIS-019,nuisance_misc,L0,auxiliary_system,1270,1290,1295,1
EAVT-L2-WRONG-DIAGNOSIS-019-N040,EAVT-L2-WRONG-DIAGNOSIS-019,nuisance_misc,L0,auxiliary_system,1275,1295,1305,1
EAVT-L2-WRONG-DIAGNOSIS-019-N041,EAVT-L2-WRONG-DIAGNOSIS-019,nuisance_misc,L0,auxiliary_system,1290,1310,1320,1
EAVT-L2-WRONG-DIAGNOSIS-019-N042,EAVT-L2-WRONG-DIAGNOSIS-019,nuisance_misc,L0,auxiliary_system,1295,1315,1310,1
EAVT-L2-WRONG-DIAGNOSIS-019-N043,EAVT-L2-WRONG-DIAGNOSIS-019,nuisance_misc,L0,auxiliary_system,1320,1340,1340,1
EAVT-L2-WRONG-DIAGNOSIS-019-N044,EAVT-L2-WRONG-DIAGNOSIS-019,nuisance_misc,L0,auxiliary_system,1350,1370,1375,1
EAVT-L2-WRONG-DIAGNOSIS-019-N045,EAVT-L2-WRONG-DIAGNOSIS-019,nuisance_misc,L0,auxiliary_system,1400,1420,1415,1
EAVT-L2-WRONG-DIAGNOSIS-019-N046,EAVT-L2-WRONG-DIAGNOSIS-019,nuisance_misc,L0,auxiliary_system,1405,1425,1435,1
EAVT-L2-WRONG-DIAGNOSIS-019-N047,EAVT-L2-WRONG-DIAGNOSIS-019,nuisance_misc,L0,auxiliary_system,1510,1530,1525,1
EAVT-L2-WRONG-DIAGNOSIS-019-N048,EAVT-L2-WRONG-DIAGNOSIS-019,nuisance_misc,L0,auxiliary_system,1525,1545,1545,1
EAVT-L2-WRONG-DIAGNOSIS-019-N049,EAVT-L2-WRONG-DIAGNOSIS-019,nuisance_misc,L0,auxiliary_system,1550,1570,1580,1
EAVT-L2-WRONG-DIAGNOSIS-019-N050,EAVT-L2-WRONG-DIAGNOSIS-019,nuisance_misc,L0,auxiliary_system,1580,1600,1610,1
EAVT-L2-WRONG-DIAGNOSIS-019-N051,EAVT-L2-WRONG-DIAGNOSIS-019,nuisance_misc,L0,auxiliary_system,1595,1615,1625,1
EAVT-L2-WRONG-DIAGNOSIS-019-N052,EAVT-L2-WRONG-DIAGNOSIS-019,nuisance_misc,L0,auxiliary_system,1600,1620,1620,1
EAVT-L2-WRONG-DIAGNOSIS-019-N053,EAVT-L2-WRONG-DIAGNOSIS-019,nuisance_misc,L0,auxiliary_system,1620,1640,1635,1
EAVT-L2-WRONG-DIAGNOSIS-019-N054,EAVT-L2-WRONG-DIAGNOSIS-019,nuisance_misc,L0,auxiliary_system,1635,1655,1650,1
EAVT-L2-WRONG-DIAGNOSIS-019-N055,EAVT-L2-WRONG-DIAGNOSIS-019,nuisance_misc,L0,auxiliary_system,1655,1675,1675,1
EAVT-L2-WRONG-DIAGNOSIS-019-N056,EAVT-L2-WRONG-DIAGNOSIS-019,nuisance_misc,L0,auxiliary_system,1705,1725,1735,1
EAVT-L2-WRONG-DIAGNOSIS-019-N057,EAVT-L2-WRONG-DIAGNOSIS-019,nuisance_misc,L0,auxiliary_system,1805,1825,1820,1
EAVT-L2-WRONG-DIAGNOSIS-019-N058,EAVT-L2-WRONG-DIAGNOSIS-019,nuisance_misc,L0,auxiliary_system,1825,1845,1850,1
EAVT-L2-WRONG-DIAGNOSIS-019-N059,EAVT-L2-WRONG-DIAGNOSIS-019,nuisance_misc,L0,auxiliary_system,1835,1855,1850,1
EAVT-L2-WRONG-DIAGNOSIS-019-N060,EAVT-L2-WRONG-DIAGNOSIS-019,nuisance_misc,L0,auxiliary_system,1875,1895,1890,1
EAVT-L2-WRONG-DIAGNOSIS-019-N061,EAVT-L2-WRONG-DIAGNOSIS-019,nuisance_misc,L0,auxiliary_system,1945,1965,1960,1
EAVT-L2-WRONG-DIAGNOSIS-019-N062,EAVT-L2-WRONG-DIAGNOSIS-019,nuisance_misc,L0,auxiliary_system,1990,2010,2005,1
EAVT-L2-WRONG-DIAGNOSIS-019-N063,EAVT-L2-WRONG-DIAGNOSIS-019,nuisance_misc,L0,auxiliary_system,2055,2075,2080,1
EAVT-L2-WRONG-DIAGNOSIS-019-N064,EAVT-L2-WRONG-DIAGNOSIS-019,nuisance_misc,L0,auxiliary_system,2065,2085,2090,1
EAVT-L2-WRONG-DIAGNOSIS-019-N065,EAVT-L2-WRONG-DIAGNOSIS-019,nuisance_misc,L0,auxiliary_system,2125,2145,2155,1
EAVT-L2-WRONG-DIAGNOSIS-019-N066,EAVT-L2-WRONG-DIAGNOSIS-019,nuisance_misc,L0,auxiliary_system,2235,2255,2260,1
EAVT-L2-WRONG-DIAGNOSIS-019-N067,EAVT-L2-WRONG-DIAGNOSIS-019,nuisance_misc,L0,auxiliary_system,2245,2265,2265,1
EAVT-L2-WRONG-DIAGNOSIS-019-N068,EAVT-L2-WRONG-DIAGNOSIS-019,nuisance_misc,L0,auxiliary_system,2250,2270,2275,1
EAVT-L2-WRONG-DIAGNOSIS-019-N069,EAVT-L2-WRONG-DIAGNOSIS-019,nuisance_misc,L0,auxiliary_system,2320,2340,2335,1
EAVT-L2-WRONG-DIAGNOSIS-019-N070,EAVT-L2-WRONG-DIAGNOSIS-019,nuisance_misc,L0,auxiliary_system,2330,2350,2355,1
EAVT-L2-WRONG-DIAGNOSIS-019-N071,EAVT-L2-WRONG-DIAGNOSIS-019,nuisance_misc,L0,auxiliary_system,2405,2425,2430,1
EAVT-L2-WRONG-DIAGNOSIS-019-N072,EAVT-L2-WRONG-DIAGNOSIS-019,nuisance_misc,L0,auxiliary_system,2425,2445,2445,1
EAVT-L2-WRONG-DIAGNOSIS-019-N073,EAVT-L2-WRONG-DIAGNOSIS-019,nuisance_misc,L0,auxiliary_system,2490,2510,2515,1
EAVT-L2-WRONG-DIAGNOSIS-019-N074,EAVT-L2-WRONG-DIAGNOSIS-019,nuisance_misc,L0,auxiliary_system,2495,2515,2515,1
EAVT-L2-WRONG-DIAGNOSIS-019-N075,EAVT-L2-WRONG-DIAGNOSIS-019,nuisance_misc,L0,auxiliary_system,2580,2600,2600,1
EAVT-L2-WRONG-DIAGNOSIS-019-N076,EAVT-L2-WRONG-DIAGNOSIS-019,nuisance_misc,L0,auxiliary_system,2665,2685,2690,1
EAVT-L2-WRONG-DIAGNOSIS-019-N077,EAVT-L2-WRONG-DIAGNOSIS-019,nuisance_misc,L0,auxiliary_system,2700,2720,2725,1
EAVT-L2-WRONG-DIAGNOSIS-019-N078,EAVT-L2-WRONG-DIAGNOSIS-019,nuisance_misc,L0,auxiliary_system,2735,2755,2765,1
EAVT-L2-WRONG-DIAGNOSIS-019-N079,EAVT-L2-WRONG-DIAGNOSIS-019,nuisance_misc,L0,auxiliary_system,2785,2805,2815,1
EAVT-L2-WRONG-DIAGNOSIS-019-N080,EAVT-L2-WRONG-DIAGNOSIS-019,nuisance_misc,L0,auxiliary_system,2860,2880,2880,1
EAVT-L2-WRONG-DIAGNOSIS-019-N081,EAVT-L2-WRONG-DIAGNOSIS-019,nuisance_misc,L0,auxiliary_system,2870,2890,2890,1
EAVT-L2-WRONG-DIAGNOSIS-019-N082,EAVT-L2-WRONG-DIAGNOSIS-019,nuisance_misc,L0,auxiliary_system,2875,2895,2895,1
EAVT-L2-WRONG-DIAGNOSIS-019-N083,EAVT-L2-WRONG-DIAGNOSIS-019,nuisance_misc,L0,auxiliary_system,2875,2895,2895,1
EAVT-L2-WRONG-DIAGNOSIS-019-N084,EAVT-L2-WRONG-DIAGNOSIS-019,nuisance_misc,L0,auxiliary_system,2880,2900,2905,1
EAVT-L2-WRONG-DIAGNOSIS-019-N085,EAVT-L2-WRONG-DIAGNOSIS-019,nuisance_misc,L0,auxiliary_system,2910,2930,2925,1
EAVT-L2-WRONG-DIAGNOSIS-019-N086,EAVT-L2-WRONG-DIAGNOSIS-019,nuisance_misc,L0,auxiliary_system,2930,2950,2960,1
EAVT-L2-WRONG-DIAGNOSIS-019-N087,EAVT-L2-WRONG-DIAGNOSIS-019,nuisance_misc,L0,auxiliary_system,3005,3025,3035,1
EAVT-L2-WRONG-DIAGNOSIS-019-N088,EAVT-L2-WRONG-DIAGNOSIS-019,nuisance_misc,L0,auxiliary_system,3095,3115,3115,1
EAVT-L2-WRONG-DIAGNOSIS-019-N089,EAVT-L2-WRONG-DIAGNOSIS-019,nuisance_misc,L0,auxiliary_system,3110,3130,3135,1
EAVT-L2-WRONG-DIAGNOSIS-019-N090,EAVT-L2-WRONG-DIAGNOSIS-019,nuisance_misc,L0,auxiliary_system,3145,3165,3170,1
EAVT-L2-WRONG-DIAGNOSIS-019-N091,EAVT-L2-WRONG-DIAGNOSIS-019,nuisance_misc,L0,auxiliary_system,3145,3165,3160,1
EAVT-L2-WRONG-DIAGNOSIS-019-N092,EAVT-L2-WRONG-DIAGNOSIS-019,nuisance_misc,L0,auxiliary_system,3200,3220,3225,1
EAVT-L2-WRONG-DIAGNOSIS-019-N093,EAVT-L2-WRONG-DIAGNOSIS-019,nuisance_misc,L0,auxiliary_system,3200,3220,3225,1
EAVT-L2-WRONG-DIAGNOSIS-019-N094,EAVT-L2-WRONG-DIAGNOSIS-019,nuisance_misc,L0,auxiliary_system,3230,3250,3260,1
EAVT-L2-WRONG-DIAGNOSIS-019-N095,EAVT-L2-WRONG-DIAGNOSIS-019,nuisance_misc,L0,auxiliary_system,3245,3265,3275,1
EAVT-L2-WRONG-DIAGNOSIS-019-N096,EAVT-L2-WRONG-DIAGNOSIS-019,nuisance_misc,L0,auxiliary_system,3270,3290,3285,1
EAVT-L2-WRONG-DIAGNOSIS-019-N097,EAVT-L2-WRONG-DIAGNOSIS-019,nuisance_misc,L0,auxiliary_system,3275,3295,3290,1
EAVT-L2-WRONG-DIAGNOSIS-019-N098,EAVT-L2-WRONG-DIAGNOSIS-019,nuisance_misc,L0,auxiliary_system,3275,3295,3290,1
EAVT-L2-WRONG-DIAGNOSIS-019-N099,EAVT-L2-WRONG-DIAGNOSIS-019,nuisance_misc,L0,auxiliary_system,3290,3310,3320,1
EAVT-L2-WRONG-DIAGNOSIS-019-N100,EAVT-L2-WRONG-DIAGNOSIS-019,nuisance_misc,L0,auxiliary_system,3330,3350,3350,1
EAVT-L2-WRONG-DIAGNOSIS-019-N101,EAVT-L2-WRONG-DIAGNOSIS-019,nuisance_misc,L0,auxiliary_system,3385,3405,3410,1
EAVT-L2-WRONG-DIAGNOSIS-019-N102,EAVT-L2-WRONG-DIAGNOSIS-019,nuisance_misc,L0,auxiliary_system,3390,3410,3415,1
EAVT-L2-WRONG-DIAGNOSIS-019-N103,EAVT-L2-WRONG-DIAGNOSIS-019,nuisance_misc,L0,auxiliary_system,3520,3540,3550,1
EAVT-L2-WRONG-DIAGNOSIS-019-N104,EAVT-L2-WRONG-DIAGNOSIS-019,nuisance_misc,L0,auxiliary_system,3535,3555,3560,1
EAVT-L2-WRONG-DIAGNOSIS-019-N105,EAVT-L2-WRONG-DIAGNOSIS-019,nuisance_misc,L0,auxiliary_system,3565,3585,3585,1
EAVT-L2-WRONG-DIAGNOSIS-019-N106,EAVT-L2-WRONG-DIAGNOSIS-019,nuisance_misc,L0,auxiliary_system,3610,3630,3630,1
EAVT-L2-WRONG-DIAGNOSIS-019-N107,EAVT-L2-WRONG-DIAGNOSIS-019,nuisance_misc,L0,auxiliary_system,3615,3635,3645,1
EAVT-L2-WRONG-DIAGNOSIS-019-N108,EAVT-L2-WRONG-DIAGNOSIS-019,nuisance_misc,L0,auxiliary_system,3615,3635,3645,1
EAVT-L2-WRONG-DIAGNOSIS-019-N109,EAVT-L2-WRONG-DIAGNOSIS-019,nuisance_misc,L0,auxiliary_system,3640,3660,3670,1
EAVT-L2-WRONG-DIAGNOSIS-019-N110,EAVT-L2-WRONG-DIAGNOSIS-019,nuisance_misc,L0,auxiliary_system,3645,3665,3670,1
EAVT-L2-WRONG-DIAGNOSIS-019-N111,EAVT-L2-WRONG-DIAGNOSIS-019,nuisance_misc,L0,auxiliary_system,3665,3685,3680,1
EAVT-L2-WRONG-DIAGNOSIS-019-N112,EAVT-L2-WRONG-DIAGNOSIS-019,nuisance_misc,L0,auxiliary_system,3685,3705,3715,1
EAVT-L2-WRONG-DIAGNOSIS-019-N113,EAVT-L2-WRONG-DIAGNOSIS-019,nuisance_misc,L0,auxiliary_system,3685,3705,3700,1
EAVT-L2-WRONG-DIAGNOSIS-019-N114,EAVT-L2-WRONG-DIAGNOSIS-019,nuisance_misc,L0,auxiliary_system,3730,3750,3755,1
EAVT-L2-WRONG-DIAGNOSIS-019-N115,EAVT-L2-WRONG-DIAGNOSIS-019,nuisance_misc,L0,auxiliary_system,3730,3750,3760,1
EAVT-L2-WRONG-DIAGNOSIS-019-N116,EAVT-L2-WRONG-DIAGNOSIS-019,nuisance_misc,L0,auxiliary_system,3790,3810,3815,1
EAVT-L2-WRONG-DIAGNOSIS-019-N117,EAVT-L2-WRONG-DIAGNOSIS-019,nuisance_misc,L0,auxiliary_system,3835,3855,3855,1
EAVT-L2-WRONG-DIAGNOSIS-019-N118,EAVT-L2-WRONG-DIAGNOSIS-019,nuisance_misc,L0,auxiliary_system,3895,3915,3900,1
EAVT-L2-WRONG-DIAGNOSIS-019-S01,EAVT-L2-WRONG-DIAGNOSIS-019,flow_deviation_branch,L1,feed_branch_1,3255,3310,3900,0
EAVT-L2-WRONG-DIAGNOSIS-019-S02,EAVT-L2-WRONG-DIAGNOSIS-019,feed_flow_imbalance,L2,feed_system,3265,3310,3270,0
EAVT-L2-WRONG-DIAGNOSIS-019-S03,EAVT-L2-WRONG-DIAGNOSIS-019,t11_temperature_deviation,L3,T-1...T-11,3265,3310,3900,0
EAVT-L2-WRONG-DIAGNOSIS-019-S04,EAVT-L2-WRONG-DIAGNOSIS-019,feed_flow_imbalance,L2,feed_system,3275,3310,3900,0
EAVT-L2-WRONG-DIAGNOSIS-019-S05,EAVT-L2-WRONG-DIAGNOSIS-019,elou_load_imbalance,L4,ELOU,3320,3335,3900,0
EAVT-L2-WRONG-DIAGNOSIS-019-S06,EAVT-L2-WRONG-DIAGNOSIS-019,k1_feed_deviation,L5,K-1,3410,3425,3900,0
EAVT-L2-WRONG-DIAGNOSIS-020-N001,EAVT-L2-WRONG-DIAGNOSIS-020,nuisance_misc,L0,auxiliary_system,35,55,55,1
EAVT-L2-WRONG-DIAGNOSIS-020-N002,EAVT-L2-WRONG-DIAGNOSIS-020,nuisance_misc,L0,auxiliary_system,45,65,60,1
EAVT-L2-WRONG-DIAGNOSIS-020-N003,EAVT-L2-WRONG-DIAGNOSIS-020,nuisance_misc,L0,auxiliary_system,80,100,100,1
EAVT-L2-WRONG-DIAGNOSIS-020-N004,EAVT-L2-WRONG-DIAGNOSIS-020,nuisance_misc,L0,auxiliary_system,85,105,110,1
EAVT-L2-WRONG-DIAGNOSIS-020-N005,EAVT-L2-WRONG-DIAGNOSIS-020,nuisance_misc,L0,auxiliary_system,95,115,125,1
EAVT-L2-WRONG-DIAGNOSIS-020-N006,EAVT-L2-WRONG-DIAGNOSIS-020,nuisance_misc,L0,auxiliary_system,105,125,130,1
EAVT-L2-WRONG-DIAGNOSIS-020-N007,EAVT-L2-WRONG-DIAGNOSIS-020,nuisance_misc,L0,auxiliary_system,115,135,145,1
EAVT-L2-WRONG-DIAGNOSIS-020-N008,EAVT-L2-WRONG-DIAGNOSIS-020,nuisance_misc,L0,auxiliary_system,125,145,150,1
EAVT-L2-WRONG-DIAGNOSIS-020-N009,EAVT-L2-WRONG-DIAGNOSIS-020,nuisance_misc,L0,auxiliary_system,130,150,150,1
EAVT-L2-WRONG-DIAGNOSIS-020-N010,EAVT-L2-WRONG-DIAGNOSIS-020,nuisance_misc,L0,auxiliary_system,145,165,170,1
EAVT-L2-WRONG-DIAGNOSIS-020-N011,EAVT-L2-WRONG-DIAGNOSIS-020,nuisance_misc,L0,auxiliary_system,190,210,205,1
EAVT-L2-WRONG-DIAGNOSIS-020-N012,EAVT-L2-WRONG-DIAGNOSIS-020,nuisance_misc,L0,auxiliary_system,190,210,215,1
EAVT-L2-WRONG-DIAGNOSIS-020-N013,EAVT-L2-WRONG-DIAGNOSIS-020,nuisance_misc,L0,auxiliary_system,195,215,215,1
EAVT-L2-WRONG-DIAGNOSIS-020-N014,EAVT-L2-WRONG-DIAGNOSIS-020,nuisance_misc,L0,auxiliary_system,265,285,285,1
EAVT-L2-WRONG-DIAGNOSIS-020-N015,EAVT-L2-WRONG-DIAGNOSIS-020,nuisance_misc,L0,auxiliary_system,275,295,300,1
EAVT-L2-WRONG-DIAGNOSIS-020-N016,EAVT-L2-WRONG-DIAGNOSIS-020,nuisance_misc,L0,auxiliary_system,320,340,350,1
EAVT-L2-WRONG-DIAGNOSIS-020-N017,EAVT-L2-WRONG-DIAGNOSIS-020,nuisance_misc,L0,auxiliary_system,340,360,355,1
EAVT-L2-WRONG-DIAGNOSIS-020-N018,EAVT-L2-WRONG-DIAGNOSIS-020,nuisance_misc,L0,auxiliary_system,345,365,370,1
EAVT-L2-WRONG-DIAGNOSIS-020-N019,EAVT-L2-WRONG-DIAGNOSIS-020,nuisance_misc,L0,auxiliary_system,450,470,470,1
EAVT-L2-WRONG-DIAGNOSIS-020-N020,EAVT-L2-WRONG-DIAGNOSIS-020,nuisance_misc,L0,auxiliary_system,455,475,470,1
EAVT-L2-WRONG-DIAGNOSIS-020-N021,EAVT-L2-WRONG-DIAGNOSIS-020,nuisance_misc,L0,auxiliary_system,475,495,490,1
EAVT-L2-WRONG-DIAGNOSIS-020-N022,EAVT-L2-WRONG-DIAGNOSIS-020,nuisance_misc,L0,auxiliary_system,495,515,510,1
EAVT-L2-WRONG-DIAGNOSIS-020-N023,EAVT-L2-WRONG-DIAGNOSIS-020,nuisance_misc,L0,auxiliary_system,560,580,590,1
EAVT-L2-WRONG-DIAGNOSIS-020-N024,EAVT-L2-WRONG-DIAGNOSIS-020,nuisance_misc,L0,auxiliary_system,580,600,610,1
EAVT-L2-WRONG-DIAGNOSIS-020-N025,EAVT-L2-WRONG-DIAGNOSIS-020,nuisance_misc,L0,auxiliary_system,600,620,625,1
EAVT-L2-WRONG-DIAGNOSIS-020-N026,EAVT-L2-WRONG-DIAGNOSIS-020,nuisance_misc,L0,auxiliary_system,650,670,670,1
EAVT-L2-WRONG-DIAGNOSIS-020-N027,EAVT-L2-WRONG-DIAGNOSIS-020,nuisance_misc,L0,auxiliary_system,675,695,700,1
EAVT-L2-WRONG-DIAGNOSIS-020-N028,EAVT-L2-WRONG-DIAGNOSIS-020,nuisance_misc,L0,auxiliary_system,705,725,730,1
EAVT-L2-WRONG-DIAGNOSIS-020-N029,EAVT-L2-WRONG-DIAGNOSIS-020,nuisance_misc,L0,auxiliary_system,730,750,750,1
EAVT-L2-WRONG-DIAGNOSIS-020-N030,EAVT-L2-WRONG-DIAGNOSIS-020,nuisance_misc,L0,auxiliary_system,885,905,900,1
EAVT-L2-WRONG-DIAGNOSIS-020-N031,EAVT-L2-WRONG-DIAGNOSIS-020,nuisance_misc,L0,auxiliary_system,895,915,920,1
EAVT-L2-WRONG-DIAGNOSIS-020-N032,EAVT-L2-WRONG-DIAGNOSIS-020,nuisance_misc,L0,auxiliary_system,895,915,915,1
EAVT-L2-WRONG-DIAGNOSIS-020-N033,EAVT-L2-WRONG-DIAGNOSIS-020,nuisance_misc,L0,auxiliary_system,900,920,925,1
EAVT-L2-WRONG-DIAGNOSIS-020-N034,EAVT-L2-WRONG-DIAGNOSIS-020,nuisance_misc,L0,auxiliary_system,910,930,930,1
EAVT-L2-WRONG-DIAGNOSIS-020-N035,EAVT-L2-WRONG-DIAGNOSIS-020,nuisance_misc,L0,auxiliary_system,935,955,960,1
EAVT-L2-WRONG-DIAGNOSIS-020-N036,EAVT-L2-WRONG-DIAGNOSIS-020,nuisance_misc,L0,auxiliary_system,1065,1085,1095,1
EAVT-L2-WRONG-DIAGNOSIS-020-N037,EAVT-L2-WRONG-DIAGNOSIS-020,nuisance_misc,L0,auxiliary_system,1075,1095,1105,1
EAVT-L2-WRONG-DIAGNOSIS-020-N038,EAVT-L2-WRONG-DIAGNOSIS-020,nuisance_misc,L0,auxiliary_system,1080,1100,1100,1
EAVT-L2-WRONG-DIAGNOSIS-020-N039,EAVT-L2-WRONG-DIAGNOSIS-020,nuisance_misc,L0,auxiliary_system,1115,1135,1130,1
EAVT-L2-WRONG-DIAGNOSIS-020-N040,EAVT-L2-WRONG-DIAGNOSIS-020,nuisance_misc,L0,auxiliary_system,1145,1165,1175,1
EAVT-L2-WRONG-DIAGNOSIS-020-N041,EAVT-L2-WRONG-DIAGNOSIS-020,nuisance_misc,L0,auxiliary_system,1165,1185,1190,1
EAVT-L2-WRONG-DIAGNOSIS-020-N042,EAVT-L2-WRONG-DIAGNOSIS-020,nuisance_misc,L0,auxiliary_system,1190,1210,1205,1
EAVT-L2-WRONG-DIAGNOSIS-020-N043,EAVT-L2-WRONG-DIAGNOSIS-020,nuisance_misc,L0,auxiliary_system,1260,1280,1275,1
EAVT-L2-WRONG-DIAGNOSIS-020-N044,EAVT-L2-WRONG-DIAGNOSIS-020,nuisance_misc,L0,auxiliary_system,1315,1335,1345,1
EAVT-L2-WRONG-DIAGNOSIS-020-N045,EAVT-L2-WRONG-DIAGNOSIS-020,nuisance_misc,L0,auxiliary_system,1370,1390,1400,1
EAVT-L2-WRONG-DIAGNOSIS-020-N046,EAVT-L2-WRONG-DIAGNOSIS-020,nuisance_misc,L0,auxiliary_system,1370,1390,1395,1
EAVT-L2-WRONG-DIAGNOSIS-020-N047,EAVT-L2-WRONG-DIAGNOSIS-020,nuisance_misc,L0,auxiliary_system,1390,1410,1405,1
EAVT-L2-WRONG-DIAGNOSIS-020-N048,EAVT-L2-WRONG-DIAGNOSIS-020,nuisance_misc,L0,auxiliary_system,1450,1470,1475,1
EAVT-L2-WRONG-DIAGNOSIS-020-N049,EAVT-L2-WRONG-DIAGNOSIS-020,nuisance_misc,L0,auxiliary_system,1530,1550,1550,1
EAVT-L2-WRONG-DIAGNOSIS-020-N050,EAVT-L2-WRONG-DIAGNOSIS-020,nuisance_misc,L0,auxiliary_system,1560,1580,1575,1
EAVT-L2-WRONG-DIAGNOSIS-020-N051,EAVT-L2-WRONG-DIAGNOSIS-020,nuisance_misc,L0,auxiliary_system,1575,1595,1590,1
EAVT-L2-WRONG-DIAGNOSIS-020-N052,EAVT-L2-WRONG-DIAGNOSIS-020,nuisance_misc,L0,auxiliary_system,1580,1600,1605,1
EAVT-L2-WRONG-DIAGNOSIS-020-N053,EAVT-L2-WRONG-DIAGNOSIS-020,nuisance_misc,L0,auxiliary_system,1585,1605,1610,1
EAVT-L2-WRONG-DIAGNOSIS-020-N054,EAVT-L2-WRONG-DIAGNOSIS-020,nuisance_misc,L0,auxiliary_system,1600,1620,1615,1
EAVT-L2-WRONG-DIAGNOSIS-020-N055,EAVT-L2-WRONG-DIAGNOSIS-020,nuisance_misc,L0,auxiliary_system,1605,1625,1625,1
EAVT-L2-WRONG-DIAGNOSIS-020-N056,EAVT-L2-WRONG-DIAGNOSIS-020,nuisance_misc,L0,auxiliary_system,1625,1645,1640,1
EAVT-L2-WRONG-DIAGNOSIS-020-N057,EAVT-L2-WRONG-DIAGNOSIS-020,nuisance_misc,L0,auxiliary_system,1650,1670,1680,1
EAVT-L2-WRONG-DIAGNOSIS-020-N058,EAVT-L2-WRONG-DIAGNOSIS-020,nuisance_misc,L0,auxiliary_system,1685,1705,1715,1
EAVT-L2-WRONG-DIAGNOSIS-020-N059,EAVT-L2-WRONG-DIAGNOSIS-020,nuisance_misc,L0,auxiliary_system,1710,1730,1730,1
EAVT-L2-WRONG-DIAGNOSIS-020-N060,EAVT-L2-WRONG-DIAGNOSIS-020,nuisance_misc,L0,auxiliary_system,1715,1735,1730,1
EAVT-L2-WRONG-DIAGNOSIS-020-N061,EAVT-L2-WRONG-DIAGNOSIS-020,nuisance_misc,L0,auxiliary_system,1855,1875,1880,1
EAVT-L2-WRONG-DIAGNOSIS-020-N062,EAVT-L2-WRONG-DIAGNOSIS-020,nuisance_misc,L0,auxiliary_system,1860,1880,1885,1
EAVT-L2-WRONG-DIAGNOSIS-020-N063,EAVT-L2-WRONG-DIAGNOSIS-020,nuisance_misc,L0,auxiliary_system,1870,1890,1900,1
EAVT-L2-WRONG-DIAGNOSIS-020-N064,EAVT-L2-WRONG-DIAGNOSIS-020,nuisance_misc,L0,auxiliary_system,1965,1985,1980,1
EAVT-L2-WRONG-DIAGNOSIS-020-N065,EAVT-L2-WRONG-DIAGNOSIS-020,nuisance_misc,L0,auxiliary_system,1985,2005,2010,1
EAVT-L2-WRONG-DIAGNOSIS-020-N066,EAVT-L2-WRONG-DIAGNOSIS-020,nuisance_misc,L0,auxiliary_system,1995,2015,2015,1
EAVT-L2-WRONG-DIAGNOSIS-020-N067,EAVT-L2-WRONG-DIAGNOSIS-020,nuisance_misc,L0,auxiliary_system,2025,2045,2040,1
EAVT-L2-WRONG-DIAGNOSIS-020-N068,EAVT-L2-WRONG-DIAGNOSIS-020,nuisance_misc,L0,auxiliary_system,2045,2065,2070,1
EAVT-L2-WRONG-DIAGNOSIS-020-N069,EAVT-L2-WRONG-DIAGNOSIS-020,nuisance_misc,L0,auxiliary_system,2060,2080,2090,1
EAVT-L2-WRONG-DIAGNOSIS-020-N070,EAVT-L2-WRONG-DIAGNOSIS-020,nuisance_misc,L0,auxiliary_system,2140,2160,2160,1
EAVT-L2-WRONG-DIAGNOSIS-020-N071,EAVT-L2-WRONG-DIAGNOSIS-020,nuisance_misc,L0,auxiliary_system,2140,2160,2165,1
EAVT-L2-WRONG-DIAGNOSIS-020-N072,EAVT-L2-WRONG-DIAGNOSIS-020,nuisance_misc,L0,auxiliary_system,2140,2160,2170,1
EAVT-L2-WRONG-DIAGNOSIS-020-N073,EAVT-L2-WRONG-DIAGNOSIS-020,nuisance_misc,L0,auxiliary_system,2225,2245,2250,1
EAVT-L2-WRONG-DIAGNOSIS-020-N074,EAVT-L2-WRONG-DIAGNOSIS-020,nuisance_misc,L0,auxiliary_system,2230,2250,2260,1
EAVT-L2-WRONG-DIAGNOSIS-020-N075,EAVT-L2-WRONG-DIAGNOSIS-020,nuisance_misc,L0,auxiliary_system,2305,2325,2320,1
EAVT-L2-WRONG-DIAGNOSIS-020-N076,EAVT-L2-WRONG-DIAGNOSIS-020,nuisance_misc,L0,auxiliary_system,2315,2335,2345,1
EAVT-L2-WRONG-DIAGNOSIS-020-N077,EAVT-L2-WRONG-DIAGNOSIS-020,nuisance_misc,L0,auxiliary_system,2340,2360,2355,1
EAVT-L2-WRONG-DIAGNOSIS-020-N078,EAVT-L2-WRONG-DIAGNOSIS-020,nuisance_misc,L0,auxiliary_system,2385,2405,2405,1
EAVT-L2-WRONG-DIAGNOSIS-020-N079,EAVT-L2-WRONG-DIAGNOSIS-020,nuisance_misc,L0,auxiliary_system,2400,2420,2425,1
EAVT-L2-WRONG-DIAGNOSIS-020-N080,EAVT-L2-WRONG-DIAGNOSIS-020,nuisance_misc,L0,auxiliary_system,2420,2440,2435,1
EAVT-L2-WRONG-DIAGNOSIS-020-N081,EAVT-L2-WRONG-DIAGNOSIS-020,nuisance_misc,L0,auxiliary_system,2435,2455,2460,1
EAVT-L2-WRONG-DIAGNOSIS-020-N082,EAVT-L2-WRONG-DIAGNOSIS-020,nuisance_misc,L0,auxiliary_system,2470,2490,2490,1
EAVT-L2-WRONG-DIAGNOSIS-020-N083,EAVT-L2-WRONG-DIAGNOSIS-020,nuisance_misc,L0,auxiliary_system,2505,2525,2525,1
EAVT-L2-WRONG-DIAGNOSIS-020-N084,EAVT-L2-WRONG-DIAGNOSIS-020,nuisance_misc,L0,auxiliary_system,2525,2545,2550,1
EAVT-L2-WRONG-DIAGNOSIS-020-N085,EAVT-L2-WRONG-DIAGNOSIS-020,nuisance_misc,L0,auxiliary_system,2540,2560,2560,1
EAVT-L2-WRONG-DIAGNOSIS-020-N086,EAVT-L2-WRONG-DIAGNOSIS-020,nuisance_misc,L0,auxiliary_system,2560,2580,2575,1
EAVT-L2-WRONG-DIAGNOSIS-020-N087,EAVT-L2-WRONG-DIAGNOSIS-020,nuisance_misc,L0,auxiliary_system,2565,2585,2585,1
EAVT-L2-WRONG-DIAGNOSIS-020-N088,EAVT-L2-WRONG-DIAGNOSIS-020,nuisance_misc,L0,auxiliary_system,2605,2625,2625,1
EAVT-L2-WRONG-DIAGNOSIS-020-N089,EAVT-L2-WRONG-DIAGNOSIS-020,nuisance_misc,L0,auxiliary_system,2605,2625,2620,1
EAVT-L2-WRONG-DIAGNOSIS-020-N090,EAVT-L2-WRONG-DIAGNOSIS-020,nuisance_misc,L0,auxiliary_system,2620,2640,2640,1
EAVT-L2-WRONG-DIAGNOSIS-020-N091,EAVT-L2-WRONG-DIAGNOSIS-020,nuisance_misc,L0,auxiliary_system,2685,2705,2710,1
EAVT-L2-WRONG-DIAGNOSIS-020-N092,EAVT-L2-WRONG-DIAGNOSIS-020,nuisance_misc,L0,auxiliary_system,2730,2750,2750,1
EAVT-L2-WRONG-DIAGNOSIS-020-N093,EAVT-L2-WRONG-DIAGNOSIS-020,nuisance_misc,L0,auxiliary_system,2740,2760,2755,1
EAVT-L2-WRONG-DIAGNOSIS-020-N094,EAVT-L2-WRONG-DIAGNOSIS-020,nuisance_misc,L0,auxiliary_system,2740,2760,2760,1
EAVT-L2-WRONG-DIAGNOSIS-020-N095,EAVT-L2-WRONG-DIAGNOSIS-020,nuisance_misc,L0,auxiliary_system,2855,2875,2880,1
EAVT-L2-WRONG-DIAGNOSIS-020-N096,EAVT-L2-WRONG-DIAGNOSIS-020,nuisance_misc,L0,auxiliary_system,2865,2885,2880,1
EAVT-L2-WRONG-DIAGNOSIS-020-N097,EAVT-L2-WRONG-DIAGNOSIS-020,nuisance_misc,L0,auxiliary_system,2875,2895,2895,1
EAVT-L2-WRONG-DIAGNOSIS-020-N098,EAVT-L2-WRONG-DIAGNOSIS-020,nuisance_misc,L0,auxiliary_system,2995,3015,3015,1
EAVT-L2-WRONG-DIAGNOSIS-020-N099,EAVT-L2-WRONG-DIAGNOSIS-020,nuisance_misc,L0,auxiliary_system,3005,3025,3035,1
EAVT-L2-WRONG-DIAGNOSIS-020-N100,EAVT-L2-WRONG-DIAGNOSIS-020,nuisance_misc,L0,auxiliary_system,3220,3240,3250,1
EAVT-L2-WRONG-DIAGNOSIS-020-N101,EAVT-L2-WRONG-DIAGNOSIS-020,nuisance_misc,L0,auxiliary_system,3240,3260,3265,1
EAVT-L2-WRONG-DIAGNOSIS-020-N102,EAVT-L2-WRONG-DIAGNOSIS-020,nuisance_misc,L0,auxiliary_system,3270,3290,3285,1
EAVT-L2-WRONG-DIAGNOSIS-020-N103,EAVT-L2-WRONG-DIAGNOSIS-020,nuisance_misc,L0,auxiliary_system,3300,3320,3325,1
EAVT-L2-WRONG-DIAGNOSIS-020-N104,EAVT-L2-WRONG-DIAGNOSIS-020,nuisance_misc,L0,auxiliary_system,3305,3325,3330,1
EAVT-L2-WRONG-DIAGNOSIS-020-N105,EAVT-L2-WRONG-DIAGNOSIS-020,nuisance_misc,L0,auxiliary_system,3365,3385,3395,1
EAVT-L2-WRONG-DIAGNOSIS-020-N106,EAVT-L2-WRONG-DIAGNOSIS-020,nuisance_misc,L0,auxiliary_system,3425,3445,3440,1
EAVT-L2-WRONG-DIAGNOSIS-020-N107,EAVT-L2-WRONG-DIAGNOSIS-020,nuisance_misc,L0,auxiliary_system,3525,3545,3540,1
EAVT-L2-WRONG-DIAGNOSIS-020-N108,EAVT-L2-WRONG-DIAGNOSIS-020,nuisance_misc,L0,auxiliary_system,3540,3560,3555,1
EAVT-L2-WRONG-DIAGNOSIS-020-N109,EAVT-L2-WRONG-DIAGNOSIS-020,nuisance_misc,L0,auxiliary_system,3580,3600,3610,1
EAVT-L2-WRONG-DIAGNOSIS-020-N110,EAVT-L2-WRONG-DIAGNOSIS-020,nuisance_misc,L0,auxiliary_system,3600,3620,3620,1
EAVT-L2-WRONG-DIAGNOSIS-020-N111,EAVT-L2-WRONG-DIAGNOSIS-020,nuisance_misc,L0,auxiliary_system,3645,3665,3665,1
EAVT-L2-WRONG-DIAGNOSIS-020-N112,EAVT-L2-WRONG-DIAGNOSIS-020,nuisance_misc,L0,auxiliary_system,3655,3675,3680,1
EAVT-L2-WRONG-DIAGNOSIS-020-N113,EAVT-L2-WRONG-DIAGNOSIS-020,nuisance_misc,L0,auxiliary_system,3690,3710,3710,1
EAVT-L2-WRONG-DIAGNOSIS-020-N114,EAVT-L2-WRONG-DIAGNOSIS-020,nuisance_misc,L0,auxiliary_system,3700,3720,3720,1
EAVT-L2-WRONG-DIAGNOSIS-020-N115,EAVT-L2-WRONG-DIAGNOSIS-020,nuisance_misc,L0,auxiliary_system,3730,3750,3760,1
EAVT-L2-WRONG-DIAGNOSIS-020-N116,EAVT-L2-WRONG-DIAGNOSIS-020,nuisance_misc,L0,auxiliary_system,3730,3750,3760,1
EAVT-L2-WRONG-DIAGNOSIS-020-N117,EAVT-L2-WRONG-DIAGNOSIS-020,nuisance_misc,L0,auxiliary_system,3755,3775,3785,1
EAVT-L2-WRONG-DIAGNOSIS-020-N118,EAVT-L2-WRONG-DIAGNOSIS-020,nuisance_misc,L0,auxiliary_system,3755,3775,3785,1
EAVT-L2-WRONG-DIAGNOSIS-020-N119,EAVT-L2-WRONG-DIAGNOSIS-020,nuisance_misc,L0,auxiliary_system,3775,3795,3805,1
EAVT-L2-WRONG-DIAGNOSIS-020-N120,EAVT-L2-WRONG-DIAGNOSIS-020,nuisance_misc,L0,auxiliary_system,3775,3795,3795,1
EAVT-L2-WRONG-DIAGNOSIS-020-N121,EAVT-L2-WRONG-DIAGNOSIS-020,nuisance_misc,L0,auxiliary_system,3775,3795,3805,1
EAVT-L2-WRONG-DIAGNOSIS-020-N122,EAVT-L2-WRONG-DIAGNOSIS-020,nuisance_misc,L0,auxiliary_system,3800,3820,3830,1
EAVT-L2-WRONG-DIAGNOSIS-020-N123,EAVT-L2-WRONG-DIAGNOSIS-020,nuisance_misc,L0,auxiliary_system,3805,3825,3820,1
EAVT-L2-WRONG-DIAGNOSIS-020-N124,EAVT-L2-WRONG-DIAGNOSIS-020,nuisance_misc,L0,auxiliary_system,3830,3850,3850,1
EAVT-L2-WRONG-DIAGNOSIS-020-N125,EAVT-L2-WRONG-DIAGNOSIS-020,nuisance_misc,L0,auxiliary_system,3845,3865,3860,1
EAVT-L2-WRONG-DIAGNOSIS-020-N126,EAVT-L2-WRONG-DIAGNOSIS-020,nuisance_misc,L0,auxiliary_system,3850,3870,3865,1
EAVT-L2-WRONG-DIAGNOSIS-020-N127,EAVT-L2-WRONG-DIAGNOSIS-020,nuisance_misc,L0,auxiliary_system,3865,3885,3885,1
EAVT-L2-WRONG-DIAGNOSIS-020-S01,EAVT-L2-WRONG-DIAGNOSIS-020,flow_deviation_branch,L1,feed_branch_2,3285,3335,3900,0
EAVT-L2-WRONG-DIAGNOSIS-020-S02,EAVT-L2-WRONG-DIAGNOSIS-020,t11_temperature_deviation,L3,T-1...T-11,3290,3335,3900,0
EAVT-L2-WRONG-DIAGNOSIS-020-S03,EAVT-L2-WRONG-DIAGNOSIS-020,feed_flow_imbalance,L2,feed_system,3305,3335,3900,0
EAVT-L2-WRONG-DIAGNOSIS-020-S04,EAVT-L2-WRONG-DIAGNOSIS-020,elou_load_imbalance,L4,ELOU,3350,3365,3900,0
EAVT-L2-WRONG-DIAGNOSIS-020-S05,EAVT-L2-WRONG-DIAGNOSIS-020,k1_feed_deviation,L5,K-1,3435,3450,3445,0
EAVT-L2-WRONG-DIAGNOSIS-020-S06,EAVT-L2-WRONG-DIAGNOSIS-020,k1_feed_deviation,L5,K-1,3450,3465,3900,0
EAVT-L2-NO-VERIFICATION-021-N001,EAVT-L2-NO-VERIFICATION-021,nuisance_misc,L0,auxiliary_system,15,35,30,1
EAVT-L2-NO-VERIFICATION-021-N002,EAVT-L2-NO-VERIFICATION-021,nuisance_misc,L0,auxiliary_system,40,60,65,1
EAVT-L2-NO-VERIFICATION-021-N003,EAVT-L2-NO-VERIFICATION-021,nuisance_misc,L0,auxiliary_system,45,65,65,1
EAVT-L2-NO-VERIFICATION-021-N004,EAVT-L2-NO-VERIFICATION-021,nuisance_misc,L0,auxiliary_system,70,90,100,1
EAVT-L2-NO-VERIFICATION-021-N005,EAVT-L2-NO-VERIFICATION-021,nuisance_misc,L0,auxiliary_system,175,195,195,1
EAVT-L2-NO-VERIFICATION-021-N006,EAVT-L2-NO-VERIFICATION-021,nuisance_misc,L0,auxiliary_system,185,205,210,1
EAVT-L2-NO-VERIFICATION-021-N007,EAVT-L2-NO-VERIFICATION-021,nuisance_misc,L0,auxiliary_system,185,205,200,1
EAVT-L2-NO-VERIFICATION-021-N008,EAVT-L2-NO-VERIFICATION-021,nuisance_misc,L0,auxiliary_system,195,215,210,1
EAVT-L2-NO-VERIFICATION-021-N009,EAVT-L2-NO-VERIFICATION-021,nuisance_misc,L0,auxiliary_system,195,215,215,1
EAVT-L2-NO-VERIFICATION-021-N010,EAVT-L2-NO-VERIFICATION-021,nuisance_misc,L0,auxiliary_system,225,245,245,1
EAVT-L2-NO-VERIFICATION-021-N011,EAVT-L2-NO-VERIFICATION-021,nuisance_misc,L0,auxiliary_system,260,280,290,1
EAVT-L2-NO-VERIFICATION-021-N012,EAVT-L2-NO-VERIFICATION-021,nuisance_misc,L0,auxiliary_system,270,290,285,1
EAVT-L2-NO-VERIFICATION-021-N013,EAVT-L2-NO-VERIFICATION-021,nuisance_misc,L0,auxiliary_system,295,315,310,1
EAVT-L2-NO-VERIFICATION-021-N014,EAVT-L2-NO-VERIFICATION-021,nuisance_misc,L0,auxiliary_system,335,355,365,1
EAVT-L2-NO-VERIFICATION-021-N015,EAVT-L2-NO-VERIFICATION-021,nuisance_misc,L0,auxiliary_system,465,485,480,1
EAVT-L2-NO-VERIFICATION-021-N016,EAVT-L2-NO-VERIFICATION-021,nuisance_misc,L0,auxiliary_system,465,485,485,1
EAVT-L2-NO-VERIFICATION-021-N017,EAVT-L2-NO-VERIFICATION-021,nuisance_misc,L0,auxiliary_system,545,565,565,1
EAVT-L2-NO-VERIFICATION-021-N018,EAVT-L2-NO-VERIFICATION-021,nuisance_misc,L0,auxiliary_system,550,570,570,1
EAVT-L2-NO-VERIFICATION-021-N019,EAVT-L2-NO-VERIFICATION-021,nuisance_misc,L0,auxiliary_system,560,580,580,1
EAVT-L2-NO-VERIFICATION-021-N020,EAVT-L2-NO-VERIFICATION-021,nuisance_misc,L0,auxiliary_system,595,615,610,1
EAVT-L2-NO-VERIFICATION-021-N021,EAVT-L2-NO-VERIFICATION-021,nuisance_misc,L0,auxiliary_system,625,645,645,1
EAVT-L2-NO-VERIFICATION-021-N022,EAVT-L2-NO-VERIFICATION-021,nuisance_misc,L0,auxiliary_system,660,680,675,1
EAVT-L2-NO-VERIFICATION-021-N023,EAVT-L2-NO-VERIFICATION-021,nuisance_misc,L0,auxiliary_system,715,735,735,1
EAVT-L2-NO-VERIFICATION-021-N024,EAVT-L2-NO-VERIFICATION-021,nuisance_misc,L0,auxiliary_system,780,800,810,1
EAVT-L2-NO-VERIFICATION-021-N025,EAVT-L2-NO-VERIFICATION-021,nuisance_misc,L0,auxiliary_system,780,800,795,1
EAVT-L2-NO-VERIFICATION-021-N026,EAVT-L2-NO-VERIFICATION-021,nuisance_misc,L0,auxiliary_system,850,870,880,1
EAVT-L2-NO-VERIFICATION-021-N027,EAVT-L2-NO-VERIFICATION-021,nuisance_misc,L0,auxiliary_system,880,900,905,1
EAVT-L2-NO-VERIFICATION-021-N028,EAVT-L2-NO-VERIFICATION-021,nuisance_misc,L0,auxiliary_system,890,910,915,1
EAVT-L2-NO-VERIFICATION-021-N029,EAVT-L2-NO-VERIFICATION-021,nuisance_misc,L0,auxiliary_system,890,910,920,1
EAVT-L2-NO-VERIFICATION-021-N030,EAVT-L2-NO-VERIFICATION-021,nuisance_misc,L0,auxiliary_system,900,920,915,1
EAVT-L2-NO-VERIFICATION-021-N031,EAVT-L2-NO-VERIFICATION-021,nuisance_misc,L0,auxiliary_system,925,945,940,1
EAVT-L2-NO-VERIFICATION-021-N032,EAVT-L2-NO-VERIFICATION-021,nuisance_misc,L0,auxiliary_system,930,950,950,1
EAVT-L2-NO-VERIFICATION-021-N033,EAVT-L2-NO-VERIFICATION-021,nuisance_misc,L0,auxiliary_system,945,965,965,1
EAVT-L2-NO-VERIFICATION-021-N034,EAVT-L2-NO-VERIFICATION-021,nuisance_misc,L0,auxiliary_system,950,970,970,1
EAVT-L2-NO-VERIFICATION-021-N035,EAVT-L2-NO-VERIFICATION-021,nuisance_misc,L0,auxiliary_system,965,985,990,1
EAVT-L2-NO-VERIFICATION-021-N036,EAVT-L2-NO-VERIFICATION-021,nuisance_misc,L0,auxiliary_system,1000,1020,1015,1
EAVT-L2-NO-VERIFICATION-021-N037,EAVT-L2-NO-VERIFICATION-021,nuisance_misc,L0,auxiliary_system,1010,1030,1040,1
EAVT-L2-NO-VERIFICATION-021-N038,EAVT-L2-NO-VERIFICATION-021,nuisance_misc,L0,auxiliary_system,1010,1030,1025,1
EAVT-L2-NO-VERIFICATION-021-N039,EAVT-L2-NO-VERIFICATION-021,nuisance_misc,L0,auxiliary_system,1040,1060,1065,1
EAVT-L2-NO-VERIFICATION-021-N040,EAVT-L2-NO-VERIFICATION-021,nuisance_misc,L0,auxiliary_system,1045,1065,1070,1
EAVT-L2-NO-VERIFICATION-021-N041,EAVT-L2-NO-VERIFICATION-021,nuisance_misc,L0,auxiliary_system,1085,1105,1100,1
EAVT-L2-NO-VERIFICATION-021-N042,EAVT-L2-NO-VERIFICATION-021,nuisance_misc,L0,auxiliary_system,1090,1110,1110,1
EAVT-L2-NO-VERIFICATION-021-N043,EAVT-L2-NO-VERIFICATION-021,nuisance_misc,L0,auxiliary_system,1095,1115,1125,1
EAVT-L2-NO-VERIFICATION-021-N044,EAVT-L2-NO-VERIFICATION-021,nuisance_misc,L0,auxiliary_system,1100,1120,1130,1
EAVT-L2-NO-VERIFICATION-021-N045,EAVT-L2-NO-VERIFICATION-021,nuisance_misc,L0,auxiliary_system,1115,1135,1135,1
EAVT-L2-NO-VERIFICATION-021-N046,EAVT-L2-NO-VERIFICATION-021,nuisance_misc,L0,auxiliary_system,1190,1210,1220,1
EAVT-L2-NO-VERIFICATION-021-N047,EAVT-L2-NO-VERIFICATION-021,nuisance_misc,L0,auxiliary_system,1195,1215,1225,1
EAVT-L2-NO-VERIFICATION-021-N048,EAVT-L2-NO-VERIFICATION-021,nuisance_misc,L0,auxiliary_system,1265,1285,1295,1
EAVT-L2-NO-VERIFICATION-021-N049,EAVT-L2-NO-VERIFICATION-021,nuisance_misc,L0,auxiliary_system,1340,1360,1365,1
EAVT-L2-NO-VERIFICATION-021-N050,EAVT-L2-NO-VERIFICATION-021,nuisance_misc,L0,auxiliary_system,1385,1405,1410,1
EAVT-L2-NO-VERIFICATION-021-N051,EAVT-L2-NO-VERIFICATION-021,nuisance_misc,L0,auxiliary_system,1430,1450,1450,1
EAVT-L2-NO-VERIFICATION-021-N052,EAVT-L2-NO-VERIFICATION-021,nuisance_misc,L0,auxiliary_system,1445,1465,1475,1
EAVT-L2-NO-VERIFICATION-021-N053,EAVT-L2-NO-VERIFICATION-021,nuisance_misc,L0,auxiliary_system,1445,1465,1470,1
EAVT-L2-NO-VERIFICATION-021-N054,EAVT-L2-NO-VERIFICATION-021,nuisance_misc,L0,auxiliary_system,1455,1475,1480,1
EAVT-L2-NO-VERIFICATION-021-N055,EAVT-L2-NO-VERIFICATION-021,nuisance_misc,L0,auxiliary_system,1540,1560,1555,1
EAVT-L2-NO-VERIFICATION-021-N056,EAVT-L2-NO-VERIFICATION-021,nuisance_misc,L0,auxiliary_system,1550,1570,1575,1
EAVT-L2-NO-VERIFICATION-021-N057,EAVT-L2-NO-VERIFICATION-021,nuisance_misc,L0,auxiliary_system,1570,1590,1585,1
EAVT-L2-NO-VERIFICATION-021-N058,EAVT-L2-NO-VERIFICATION-021,nuisance_misc,L0,auxiliary_system,1590,1610,1610,1
EAVT-L2-NO-VERIFICATION-021-N059,EAVT-L2-NO-VERIFICATION-021,nuisance_misc,L0,auxiliary_system,1595,1615,1625,1
EAVT-L2-NO-VERIFICATION-021-N060,EAVT-L2-NO-VERIFICATION-021,nuisance_misc,L0,auxiliary_system,1640,1660,1665,1
EAVT-L2-NO-VERIFICATION-021-N061,EAVT-L2-NO-VERIFICATION-021,nuisance_misc,L0,auxiliary_system,1670,1690,1690,1
EAVT-L2-NO-VERIFICATION-021-N062,EAVT-L2-NO-VERIFICATION-021,nuisance_misc,L0,auxiliary_system,1700,1720,1730,1
EAVT-L2-NO-VERIFICATION-021-N063,EAVT-L2-NO-VERIFICATION-021,nuisance_misc,L0,auxiliary_system,1715,1735,1745,1
EAVT-L2-NO-VERIFICATION-021-N064,EAVT-L2-NO-VERIFICATION-021,nuisance_misc,L0,auxiliary_system,1730,1750,1750,1
EAVT-L2-NO-VERIFICATION-021-N065,EAVT-L2-NO-VERIFICATION-021,nuisance_misc,L0,auxiliary_system,1735,1755,1765,1
EAVT-L2-NO-VERIFICATION-021-N066,EAVT-L2-NO-VERIFICATION-021,nuisance_misc,L0,auxiliary_system,1795,1815,1810,1
EAVT-L2-NO-VERIFICATION-021-N067,EAVT-L2-NO-VERIFICATION-021,nuisance_misc,L0,auxiliary_system,1900,1920,1915,1
EAVT-L2-NO-VERIFICATION-021-N068,EAVT-L2-NO-VERIFICATION-021,nuisance_misc,L0,auxiliary_system,1920,1940,1945,1
EAVT-L2-NO-VERIFICATION-021-N069,EAVT-L2-NO-VERIFICATION-021,nuisance_misc,L0,auxiliary_system,1935,1955,1965,1
EAVT-L2-NO-VERIFICATION-021-N070,EAVT-L2-NO-VERIFICATION-021,nuisance_misc,L0,auxiliary_system,2020,2040,2050,1
EAVT-L2-NO-VERIFICATION-021-N071,EAVT-L2-NO-VERIFICATION-021,nuisance_misc,L0,auxiliary_system,2035,2055,2065,1
EAVT-L2-NO-VERIFICATION-021-N072,EAVT-L2-NO-VERIFICATION-021,nuisance_misc,L0,auxiliary_system,2085,2105,2105,1
EAVT-L2-NO-VERIFICATION-021-N073,EAVT-L2-NO-VERIFICATION-021,nuisance_misc,L0,auxiliary_system,2125,2145,2140,1
EAVT-L2-NO-VERIFICATION-021-N074,EAVT-L2-NO-VERIFICATION-021,nuisance_misc,L0,auxiliary_system,2140,2160,2165,1
EAVT-L2-NO-VERIFICATION-021-N075,EAVT-L2-NO-VERIFICATION-021,nuisance_misc,L0,auxiliary_system,2190,2210,2220,1
EAVT-L2-NO-VERIFICATION-021-N076,EAVT-L2-NO-VERIFICATION-021,nuisance_misc,L0,auxiliary_system,2200,2220,2230,1
EAVT-L2-NO-VERIFICATION-021-N077,EAVT-L2-NO-VERIFICATION-021,nuisance_misc,L0,auxiliary_system,2230,2250,2245,1
EAVT-L2-NO-VERIFICATION-021-N078,EAVT-L2-NO-VERIFICATION-021,nuisance_misc,L0,auxiliary_system,2305,2325,2335,1
EAVT-L2-NO-VERIFICATION-021-N079,EAVT-L2-NO-VERIFICATION-021,nuisance_misc,L0,auxiliary_system,2330,2350,2345,1
EAVT-L2-NO-VERIFICATION-021-N080,EAVT-L2-NO-VERIFICATION-021,nuisance_misc,L0,auxiliary_system,2340,2360,2365,1
EAVT-L2-NO-VERIFICATION-021-N081,EAVT-L2-NO-VERIFICATION-021,nuisance_misc,L0,auxiliary_system,2390,2410,2405,1
EAVT-L2-NO-VERIFICATION-021-N082,EAVT-L2-NO-VERIFICATION-021,nuisance_misc,L0,auxiliary_system,2405,2425,2420,1
EAVT-L2-NO-VERIFICATION-021-N083,EAVT-L2-NO-VERIFICATION-021,nuisance_misc,L0,auxiliary_system,2440,2460,2455,1
EAVT-L2-NO-VERIFICATION-021-N084,EAVT-L2-NO-VERIFICATION-021,nuisance_misc,L0,auxiliary_system,2440,2460,2455,1
EAVT-L2-NO-VERIFICATION-021-N085,EAVT-L2-NO-VERIFICATION-021,nuisance_misc,L0,auxiliary_system,2440,2460,2460,1
EAVT-L2-NO-VERIFICATION-021-N086,EAVT-L2-NO-VERIFICATION-021,nuisance_misc,L0,auxiliary_system,2510,2530,2535,1
EAVT-L2-NO-VERIFICATION-021-N087,EAVT-L2-NO-VERIFICATION-021,nuisance_misc,L0,auxiliary_system,2525,2545,2555,1
EAVT-L2-NO-VERIFICATION-021-N088,EAVT-L2-NO-VERIFICATION-021,nuisance_misc,L0,auxiliary_system,2525,2545,2545,1
EAVT-L2-NO-VERIFICATION-021-N089,EAVT-L2-NO-VERIFICATION-021,nuisance_misc,L0,auxiliary_system,2525,2545,2550,1
EAVT-L2-NO-VERIFICATION-021-N090,EAVT-L2-NO-VERIFICATION-021,nuisance_misc,L0,auxiliary_system,2530,2550,2560,1
EAVT-L2-NO-VERIFICATION-021-N091,EAVT-L2-NO-VERIFICATION-021,nuisance_misc,L0,auxiliary_system,2540,2560,2560,1
EAVT-L2-NO-VERIFICATION-021-N092,EAVT-L2-NO-VERIFICATION-021,nuisance_misc,L0,auxiliary_system,2550,2570,2575,1
EAVT-L2-NO-VERIFICATION-021-N093,EAVT-L2-NO-VERIFICATION-021,nuisance_misc,L0,auxiliary_system,2570,2590,2600,1
EAVT-L2-NO-VERIFICATION-021-N094,EAVT-L2-NO-VERIFICATION-021,nuisance_misc,L0,auxiliary_system,2665,2685,2695,1
EAVT-L2-NO-VERIFICATION-021-N095,EAVT-L2-NO-VERIFICATION-021,nuisance_misc,L0,auxiliary_system,2685,2705,2705,1
EAVT-L2-NO-VERIFICATION-021-N096,EAVT-L2-NO-VERIFICATION-021,nuisance_misc,L0,auxiliary_system,2745,2765,2760,1
EAVT-L2-NO-VERIFICATION-021-N097,EAVT-L2-NO-VERIFICATION-021,nuisance_misc,L0,auxiliary_system,2770,2790,2800,1
EAVT-L2-NO-VERIFICATION-021-N098,EAVT-L2-NO-VERIFICATION-021,nuisance_misc,L0,auxiliary_system,2790,2810,2820,1
EAVT-L2-NO-VERIFICATION-021-N099,EAVT-L2-NO-VERIFICATION-021,nuisance_misc,L0,auxiliary_system,2800,2820,2830,1
EAVT-L2-NO-VERIFICATION-021-N100,EAVT-L2-NO-VERIFICATION-021,nuisance_misc,L0,auxiliary_system,2805,2825,2830,1
EAVT-L2-NO-VERIFICATION-021-N101,EAVT-L2-NO-VERIFICATION-021,nuisance_misc,L0,auxiliary_system,2810,2830,2830,1
EAVT-L2-NO-VERIFICATION-021-N102,EAVT-L2-NO-VERIFICATION-021,nuisance_misc,L0,auxiliary_system,2815,2835,2835,1
EAVT-L2-NO-VERIFICATION-021-N103,EAVT-L2-NO-VERIFICATION-021,nuisance_misc,L0,auxiliary_system,2820,2840,2850,1
EAVT-L2-NO-VERIFICATION-021-N104,EAVT-L2-NO-VERIFICATION-021,nuisance_misc,L0,auxiliary_system,2960,2980,2985,1
EAVT-L2-NO-VERIFICATION-021-N105,EAVT-L2-NO-VERIFICATION-021,nuisance_misc,L0,auxiliary_system,3020,3040,3040,1
EAVT-L2-NO-VERIFICATION-021-N106,EAVT-L2-NO-VERIFICATION-021,nuisance_misc,L0,auxiliary_system,3020,3040,3035,1
EAVT-L2-NO-VERIFICATION-021-N107,EAVT-L2-NO-VERIFICATION-021,nuisance_misc,L0,auxiliary_system,3030,3050,3060,1
EAVT-L2-NO-VERIFICATION-021-N108,EAVT-L2-NO-VERIFICATION-021,nuisance_misc,L0,auxiliary_system,3040,3060,3055,1
EAVT-L2-NO-VERIFICATION-021-N109,EAVT-L2-NO-VERIFICATION-021,nuisance_misc,L0,auxiliary_system,3040,3060,3070,1
EAVT-L2-NO-VERIFICATION-021-N110,EAVT-L2-NO-VERIFICATION-021,nuisance_misc,L0,auxiliary_system,3070,3090,3090,1
EAVT-L2-NO-VERIFICATION-021-N111,EAVT-L2-NO-VERIFICATION-021,nuisance_misc,L0,auxiliary_system,3070,3090,3095,1
EAVT-L2-NO-VERIFICATION-021-N112,EAVT-L2-NO-VERIFICATION-021,nuisance_misc,L0,auxiliary_system,3075,3095,3100,1
EAVT-L2-NO-VERIFICATION-021-N113,EAVT-L2-NO-VERIFICATION-021,nuisance_misc,L0,auxiliary_system,3165,3185,3180,1
EAVT-L2-NO-VERIFICATION-021-N114,EAVT-L2-NO-VERIFICATION-021,nuisance_misc,L0,auxiliary_system,3250,3270,3270,1
EAVT-L2-NO-VERIFICATION-021-N115,EAVT-L2-NO-VERIFICATION-021,nuisance_misc,L0,auxiliary_system,3285,3305,3305,1
EAVT-L2-NO-VERIFICATION-021-N116,EAVT-L2-NO-VERIFICATION-021,nuisance_misc,L0,auxiliary_system,3290,3310,3305,1
EAVT-L2-NO-VERIFICATION-021-N117,EAVT-L2-NO-VERIFICATION-021,nuisance_misc,L0,auxiliary_system,3310,3330,3330,1
EAVT-L2-NO-VERIFICATION-021-N118,EAVT-L2-NO-VERIFICATION-021,nuisance_misc,L0,auxiliary_system,3320,3340,3340,1
EAVT-L2-NO-VERIFICATION-021-N119,EAVT-L2-NO-VERIFICATION-021,nuisance_misc,L0,auxiliary_system,3320,3340,3340,1
EAVT-L2-NO-VERIFICATION-021-N120,EAVT-L2-NO-VERIFICATION-021,nuisance_misc,L0,auxiliary_system,3360,3380,3390,1
EAVT-L2-NO-VERIFICATION-021-N121,EAVT-L2-NO-VERIFICATION-021,nuisance_misc,L0,auxiliary_system,3365,3385,3385,1
EAVT-L2-NO-VERIFICATION-021-N122,EAVT-L2-NO-VERIFICATION-021,nuisance_misc,L0,auxiliary_system,3380,3400,3400,1
EAVT-L2-NO-VERIFICATION-021-N123,EAVT-L2-NO-VERIFICATION-021,nuisance_misc,L0,auxiliary_system,3385,3405,3410,1
EAVT-L2-NO-VERIFICATION-021-N124,EAVT-L2-NO-VERIFICATION-021,nuisance_misc,L0,auxiliary_system,3410,3430,3430,1
EAVT-L2-NO-VERIFICATION-021-N125,EAVT-L2-NO-VERIFICATION-021,nuisance_misc,L0,auxiliary_system,3520,3540,3540,1
EAVT-L2-NO-VERIFICATION-021-N126,EAVT-L2-NO-VERIFICATION-021,nuisance_misc,L0,auxiliary_system,3525,3545,3550,1
EAVT-L2-NO-VERIFICATION-021-N127,EAVT-L2-NO-VERIFICATION-021,nuisance_misc,L0,auxiliary_system,3535,3555,3560,1
EAVT-L2-NO-VERIFICATION-021-N128,EAVT-L2-NO-VERIFICATION-021,nuisance_misc,L0,auxiliary_system,3545,3565,3575,1
EAVT-L2-NO-VERIFICATION-021-N129,EAVT-L2-NO-VERIFICATION-021,nuisance_misc,L0,auxiliary_system,3560,3580,3590,1
EAVT-L2-NO-VERIFICATION-021-N130,EAVT-L2-NO-VERIFICATION-021,nuisance_misc,L0,auxiliary_system,3570,3590,3595,1
EAVT-L2-NO-VERIFICATION-021-N131,EAVT-L2-NO-VERIFICATION-021,nuisance_misc,L0,auxiliary_system,3575,3595,3600,1
EAVT-L2-NO-VERIFICATION-021-N132,EAVT-L2-NO-VERIFICATION-021,nuisance_misc,L0,auxiliary_system,3590,3610,3610,1
EAVT-L2-NO-VERIFICATION-021-N133,EAVT-L2-NO-VERIFICATION-021,nuisance_misc,L0,auxiliary_system,3620,3640,3645,1
EAVT-L2-NO-VERIFICATION-021-N134,EAVT-L2-NO-VERIFICATION-021,nuisance_misc,L0,auxiliary_system,3620,3640,3650,1
EAVT-L2-NO-VERIFICATION-021-N135,EAVT-L2-NO-VERIFICATION-021,nuisance_misc,L0,auxiliary_system,3625,3645,3645,1
EAVT-L2-NO-VERIFICATION-021-N136,EAVT-L2-NO-VERIFICATION-021,nuisance_misc,L0,auxiliary_system,3635,3655,3665,1
EAVT-L2-NO-VERIFICATION-021-N137,EAVT-L2-NO-VERIFICATION-021,nuisance_misc,L0,auxiliary_system,3635,3655,3655,1
EAVT-L2-NO-VERIFICATION-021-N138,EAVT-L2-NO-VERIFICATION-021,nuisance_misc,L0,auxiliary_system,3685,3705,3705,1
EAVT-L2-NO-VERIFICATION-021-N139,EAVT-L2-NO-VERIFICATION-021,nuisance_misc,L0,auxiliary_system,3750,3770,3765,1
EAVT-L2-NO-VERIFICATION-021-N140,EAVT-L2-NO-VERIFICATION-021,nuisance_misc,L0,auxiliary_system,3775,3795,3805,1
EAVT-L2-NO-VERIFICATION-021-N141,EAVT-L2-NO-VERIFICATION-021,nuisance_misc,L0,auxiliary_system,3805,3825,3820,1
EAVT-L2-NO-VERIFICATION-021-N142,EAVT-L2-NO-VERIFICATION-021,nuisance_misc,L0,auxiliary_system,3810,3830,3830,1
EAVT-L2-NO-VERIFICATION-021-N143,EAVT-L2-NO-VERIFICATION-021,nuisance_misc,L0,auxiliary_system,3850,3870,3870,1
EAVT-L2-NO-VERIFICATION-021-N144,EAVT-L2-NO-VERIFICATION-021,nuisance_misc,L0,auxiliary_system,3875,3895,3900,1
EAVT-L2-NO-VERIFICATION-021-S01,EAVT-L2-NO-VERIFICATION-021,flow_deviation_branch,L1,feed_branch_3,3140,3200,3385,0
EAVT-L2-NO-VERIFICATION-021-S02,EAVT-L2-NO-VERIFICATION-021,t11_temperature_deviation,L3,T-1...T-11,3155,3200,3435,0
EAVT-L2-NO-VERIFICATION-021-S03,EAVT-L2-NO-VERIFICATION-021,feed_flow_imbalance,L2,feed_system,3160,3200,3350,0
EAVT-L2-NO-VERIFICATION-021-S04,EAVT-L2-NO-VERIFICATION-021,elou_load_imbalance,L4,ELOU,3215,3230,3275,0
EAVT-L2-NO-VERIFICATION-022-N001,EAVT-L2-NO-VERIFICATION-022,nuisance_misc,L0,auxiliary_system,30,50,60,1
EAVT-L2-NO-VERIFICATION-022-N002,EAVT-L2-NO-VERIFICATION-022,nuisance_misc,L0,auxiliary_system,60,80,75,1
EAVT-L2-NO-VERIFICATION-022-N003,EAVT-L2-NO-VERIFICATION-022,nuisance_misc,L0,auxiliary_system,65,85,95,1
EAVT-L2-NO-VERIFICATION-022-N004,EAVT-L2-NO-VERIFICATION-022,nuisance_misc,L0,auxiliary_system,135,155,160,1
EAVT-L2-NO-VERIFICATION-022-N005,EAVT-L2-NO-VERIFICATION-022,nuisance_misc,L0,auxiliary_system,185,205,215,1
EAVT-L2-NO-VERIFICATION-022-N006,EAVT-L2-NO-VERIFICATION-022,nuisance_misc,L0,auxiliary_system,190,210,215,1
EAVT-L2-NO-VERIFICATION-022-N007,EAVT-L2-NO-VERIFICATION-022,nuisance_misc,L0,auxiliary_system,260,280,275,1
EAVT-L2-NO-VERIFICATION-022-N008,EAVT-L2-NO-VERIFICATION-022,nuisance_misc,L0,auxiliary_system,280,300,310,1
EAVT-L2-NO-VERIFICATION-022-N009,EAVT-L2-NO-VERIFICATION-022,nuisance_misc,L0,auxiliary_system,390,410,405,1
EAVT-L2-NO-VERIFICATION-022-N010,EAVT-L2-NO-VERIFICATION-022,nuisance_misc,L0,auxiliary_system,400,420,430,1
EAVT-L2-NO-VERIFICATION-022-N011,EAVT-L2-NO-VERIFICATION-022,nuisance_misc,L0,auxiliary_system,530,550,560,1
EAVT-L2-NO-VERIFICATION-022-N012,EAVT-L2-NO-VERIFICATION-022,nuisance_misc,L0,auxiliary_system,570,590,595,1
EAVT-L2-NO-VERIFICATION-022-N013,EAVT-L2-NO-VERIFICATION-022,nuisance_misc,L0,auxiliary_system,575,595,600,1
EAVT-L2-NO-VERIFICATION-022-N014,EAVT-L2-NO-VERIFICATION-022,nuisance_misc,L0,auxiliary_system,615,635,630,1
EAVT-L2-NO-VERIFICATION-022-N015,EAVT-L2-NO-VERIFICATION-022,nuisance_misc,L0,auxiliary_system,620,640,650,1
EAVT-L2-NO-VERIFICATION-022-N016,EAVT-L2-NO-VERIFICATION-022,nuisance_misc,L0,auxiliary_system,635,655,655,1
EAVT-L2-NO-VERIFICATION-022-N017,EAVT-L2-NO-VERIFICATION-022,nuisance_misc,L0,auxiliary_system,675,695,695,1
EAVT-L2-NO-VERIFICATION-022-N018,EAVT-L2-NO-VERIFICATION-022,nuisance_misc,L0,auxiliary_system,680,700,695,1
EAVT-L2-NO-VERIFICATION-022-N019,EAVT-L2-NO-VERIFICATION-022,nuisance_misc,L0,auxiliary_system,680,700,700,1
EAVT-L2-NO-VERIFICATION-022-N020,EAVT-L2-NO-VERIFICATION-022,nuisance_misc,L0,auxiliary_system,730,750,760,1
EAVT-L2-NO-VERIFICATION-022-N021,EAVT-L2-NO-VERIFICATION-022,nuisance_misc,L0,auxiliary_system,740,760,770,1
EAVT-L2-NO-VERIFICATION-022-N022,EAVT-L2-NO-VERIFICATION-022,nuisance_misc,L0,auxiliary_system,760,780,790,1
EAVT-L2-NO-VERIFICATION-022-N023,EAVT-L2-NO-VERIFICATION-022,nuisance_misc,L0,auxiliary_system,760,780,775,1
EAVT-L2-NO-VERIFICATION-022-N024,EAVT-L2-NO-VERIFICATION-022,nuisance_misc,L0,auxiliary_system,775,795,795,1
EAVT-L2-NO-VERIFICATION-022-N025,EAVT-L2-NO-VERIFICATION-022,nuisance_misc,L0,auxiliary_system,840,860,855,1
EAVT-L2-NO-VERIFICATION-022-N026,EAVT-L2-NO-VERIFICATION-022,nuisance_misc,L0,auxiliary_system,850,870,870,1
EAVT-L2-NO-VERIFICATION-022-N027,EAVT-L2-NO-VERIFICATION-022,nuisance_misc,L0,auxiliary_system,925,945,940,1
EAVT-L2-NO-VERIFICATION-022-N028,EAVT-L2-NO-VERIFICATION-022,nuisance_misc,L0,auxiliary_system,960,980,980,1
EAVT-L2-NO-VERIFICATION-022-N029,EAVT-L2-NO-VERIFICATION-022,nuisance_misc,L0,auxiliary_system,965,985,995,1
EAVT-L2-NO-VERIFICATION-022-N030,EAVT-L2-NO-VERIFICATION-022,nuisance_misc,L0,auxiliary_system,975,995,990,1
EAVT-L2-NO-VERIFICATION-022-N031,EAVT-L2-NO-VERIFICATION-022,nuisance_misc,L0,auxiliary_system,1005,1025,1035,1
EAVT-L2-NO-VERIFICATION-022-N032,EAVT-L2-NO-VERIFICATION-022,nuisance_misc,L0,auxiliary_system,1040,1060,1055,1
EAVT-L2-NO-VERIFICATION-022-N033,EAVT-L2-NO-VERIFICATION-022,nuisance_misc,L0,auxiliary_system,1055,1075,1070,1
EAVT-L2-NO-VERIFICATION-022-N034,EAVT-L2-NO-VERIFICATION-022,nuisance_misc,L0,auxiliary_system,1095,1115,1115,1
EAVT-L2-NO-VERIFICATION-022-N035,EAVT-L2-NO-VERIFICATION-022,nuisance_misc,L0,auxiliary_system,1105,1125,1120,1
EAVT-L2-NO-VERIFICATION-022-N036,EAVT-L2-NO-VERIFICATION-022,nuisance_misc,L0,auxiliary_system,1110,1130,1130,1
EAVT-L2-NO-VERIFICATION-022-N037,EAVT-L2-NO-VERIFICATION-022,nuisance_misc,L0,auxiliary_system,1180,1200,1195,1
EAVT-L2-NO-VERIFICATION-022-N038,EAVT-L2-NO-VERIFICATION-022,nuisance_misc,L0,auxiliary_system,1200,1220,1215,1
EAVT-L2-NO-VERIFICATION-022-N039,EAVT-L2-NO-VERIFICATION-022,nuisance_misc,L0,auxiliary_system,1230,1250,1255,1
EAVT-L2-NO-VERIFICATION-022-N040,EAVT-L2-NO-VERIFICATION-022,nuisance_misc,L0,auxiliary_system,1245,1265,1260,1
EAVT-L2-NO-VERIFICATION-022-N041,EAVT-L2-NO-VERIFICATION-022,nuisance_misc,L0,auxiliary_system,1275,1295,1290,1
EAVT-L2-NO-VERIFICATION-022-N042,EAVT-L2-NO-VERIFICATION-022,nuisance_misc,L0,auxiliary_system,1365,1385,1390,1
EAVT-L2-NO-VERIFICATION-022-N043,EAVT-L2-NO-VERIFICATION-022,nuisance_misc,L0,auxiliary_system,1395,1415,1415,1
EAVT-L2-NO-VERIFICATION-022-N044,EAVT-L2-NO-VERIFICATION-022,nuisance_misc,L0,auxiliary_system,1545,1565,1565,1
EAVT-L2-NO-VERIFICATION-022-N045,EAVT-L2-NO-VERIFICATION-022,nuisance_misc,L0,auxiliary_system,1555,1575,1570,1
EAVT-L2-NO-VERIFICATION-022-N046,EAVT-L2-NO-VERIFICATION-022,nuisance_misc,L0,auxiliary_system,1570,1590,1590,1
EAVT-L2-NO-VERIFICATION-022-N047,EAVT-L2-NO-VERIFICATION-022,nuisance_misc,L0,auxiliary_system,1595,1615,1610,1
EAVT-L2-NO-VERIFICATION-022-N048,EAVT-L2-NO-VERIFICATION-022,nuisance_misc,L0,auxiliary_system,1645,1665,1665,1
EAVT-L2-NO-VERIFICATION-022-N049,EAVT-L2-NO-VERIFICATION-022,nuisance_misc,L0,auxiliary_system,1650,1670,1665,1
EAVT-L2-NO-VERIFICATION-022-N050,EAVT-L2-NO-VERIFICATION-022,nuisance_misc,L0,auxiliary_system,1655,1675,1670,1
EAVT-L2-NO-VERIFICATION-022-N051,EAVT-L2-NO-VERIFICATION-022,nuisance_misc,L0,auxiliary_system,1665,1685,1690,1
EAVT-L2-NO-VERIFICATION-022-N052,EAVT-L2-NO-VERIFICATION-022,nuisance_misc,L0,auxiliary_system,1745,1765,1760,1
EAVT-L2-NO-VERIFICATION-022-N053,EAVT-L2-NO-VERIFICATION-022,nuisance_misc,L0,auxiliary_system,1800,1820,1830,1
EAVT-L2-NO-VERIFICATION-022-N054,EAVT-L2-NO-VERIFICATION-022,nuisance_misc,L0,auxiliary_system,1890,1910,1905,1
EAVT-L2-NO-VERIFICATION-022-N055,EAVT-L2-NO-VERIFICATION-022,nuisance_misc,L0,auxiliary_system,1905,1925,1930,1
EAVT-L2-NO-VERIFICATION-022-N056,EAVT-L2-NO-VERIFICATION-022,nuisance_misc,L0,auxiliary_system,1905,1925,1930,1
EAVT-L2-NO-VERIFICATION-022-N057,EAVT-L2-NO-VERIFICATION-022,nuisance_misc,L0,auxiliary_system,1995,2015,2020,1
EAVT-L2-NO-VERIFICATION-022-N058,EAVT-L2-NO-VERIFICATION-022,nuisance_misc,L0,auxiliary_system,1995,2015,2020,1
EAVT-L2-NO-VERIFICATION-022-N059,EAVT-L2-NO-VERIFICATION-022,nuisance_misc,L0,auxiliary_system,2020,2040,2050,1
EAVT-L2-NO-VERIFICATION-022-N060,EAVT-L2-NO-VERIFICATION-022,nuisance_misc,L0,auxiliary_system,2060,2080,2090,1
EAVT-L2-NO-VERIFICATION-022-N061,EAVT-L2-NO-VERIFICATION-022,nuisance_misc,L0,auxiliary_system,2070,2090,2085,1
EAVT-L2-NO-VERIFICATION-022-N062,EAVT-L2-NO-VERIFICATION-022,nuisance_misc,L0,auxiliary_system,2085,2105,2115,1
EAVT-L2-NO-VERIFICATION-022-N063,EAVT-L2-NO-VERIFICATION-022,nuisance_misc,L0,auxiliary_system,2095,2115,2125,1
EAVT-L2-NO-VERIFICATION-022-N064,EAVT-L2-NO-VERIFICATION-022,nuisance_misc,L0,auxiliary_system,2100,2120,2115,1
EAVT-L2-NO-VERIFICATION-022-N065,EAVT-L2-NO-VERIFICATION-022,nuisance_misc,L0,auxiliary_system,2140,2160,2170,1
EAVT-L2-NO-VERIFICATION-022-N066,EAVT-L2-NO-VERIFICATION-022,nuisance_misc,L0,auxiliary_system,2145,2165,2175,1
EAVT-L2-NO-VERIFICATION-022-N067,EAVT-L2-NO-VERIFICATION-022,nuisance_misc,L0,auxiliary_system,2210,2230,2230,1
EAVT-L2-NO-VERIFICATION-022-N068,EAVT-L2-NO-VERIFICATION-022,nuisance_misc,L0,auxiliary_system,2290,2310,2315,1
EAVT-L2-NO-VERIFICATION-022-N069,EAVT-L2-NO-VERIFICATION-022,nuisance_misc,L0,auxiliary_system,2305,2325,2325,1
EAVT-L2-NO-VERIFICATION-022-N070,EAVT-L2-NO-VERIFICATION-022,nuisance_misc,L0,auxiliary_system,2315,2335,2340,1
EAVT-L2-NO-VERIFICATION-022-N071,EAVT-L2-NO-VERIFICATION-022,nuisance_misc,L0,auxiliary_system,2390,2410,2405,1
EAVT-L2-NO-VERIFICATION-022-N072,EAVT-L2-NO-VERIFICATION-022,nuisance_misc,L0,auxiliary_system,2450,2470,2475,1
EAVT-L2-NO-VERIFICATION-022-N073,EAVT-L2-NO-VERIFICATION-022,nuisance_misc,L0,auxiliary_system,2480,2500,2505,1
EAVT-L2-NO-VERIFICATION-022-N074,EAVT-L2-NO-VERIFICATION-022,nuisance_misc,L0,auxiliary_system,2520,2540,2545,1
EAVT-L2-NO-VERIFICATION-022-N075,EAVT-L2-NO-VERIFICATION-022,nuisance_misc,L0,auxiliary_system,2530,2550,2555,1
EAVT-L2-NO-VERIFICATION-022-N076,EAVT-L2-NO-VERIFICATION-022,nuisance_misc,L0,auxiliary_system,2535,2555,2550,1
EAVT-L2-NO-VERIFICATION-022-N077,EAVT-L2-NO-VERIFICATION-022,nuisance_misc,L0,auxiliary_system,2555,2575,2570,1
EAVT-L2-NO-VERIFICATION-022-N078,EAVT-L2-NO-VERIFICATION-022,nuisance_misc,L0,auxiliary_system,2620,2640,2640,1
EAVT-L2-NO-VERIFICATION-022-N079,EAVT-L2-NO-VERIFICATION-022,nuisance_misc,L0,auxiliary_system,2650,2670,2665,1
EAVT-L2-NO-VERIFICATION-022-N080,EAVT-L2-NO-VERIFICATION-022,nuisance_misc,L0,auxiliary_system,2650,2670,2670,1
EAVT-L2-NO-VERIFICATION-022-N081,EAVT-L2-NO-VERIFICATION-022,nuisance_misc,L0,auxiliary_system,2690,2710,2720,1
EAVT-L2-NO-VERIFICATION-022-N082,EAVT-L2-NO-VERIFICATION-022,nuisance_misc,L0,auxiliary_system,2740,2760,2760,1
EAVT-L2-NO-VERIFICATION-022-N083,EAVT-L2-NO-VERIFICATION-022,nuisance_misc,L0,auxiliary_system,2740,2760,2770,1
EAVT-L2-NO-VERIFICATION-022-N084,EAVT-L2-NO-VERIFICATION-022,nuisance_misc,L0,auxiliary_system,2750,2770,2775,1
EAVT-L2-NO-VERIFICATION-022-N085,EAVT-L2-NO-VERIFICATION-022,nuisance_misc,L0,auxiliary_system,2775,2795,2805,1
EAVT-L2-NO-VERIFICATION-022-N086,EAVT-L2-NO-VERIFICATION-022,nuisance_misc,L0,auxiliary_system,2775,2795,2805,1
EAVT-L2-NO-VERIFICATION-022-N087,EAVT-L2-NO-VERIFICATION-022,nuisance_misc,L0,auxiliary_system,2780,2800,2795,1
EAVT-L2-NO-VERIFICATION-022-N088,EAVT-L2-NO-VERIFICATION-022,nuisance_misc,L0,auxiliary_system,2790,2810,2810,1
EAVT-L2-NO-VERIFICATION-022-N089,EAVT-L2-NO-VERIFICATION-022,nuisance_misc,L0,auxiliary_system,2790,2810,2820,1
EAVT-L2-NO-VERIFICATION-022-N090,EAVT-L2-NO-VERIFICATION-022,nuisance_misc,L0,auxiliary_system,2795,2815,2810,1
EAVT-L2-NO-VERIFICATION-022-N091,EAVT-L2-NO-VERIFICATION-022,nuisance_misc,L0,auxiliary_system,2810,2830,2825,1
EAVT-L2-NO-VERIFICATION-022-N092,EAVT-L2-NO-VERIFICATION-022,nuisance_misc,L0,auxiliary_system,2845,2865,2860,1
EAVT-L2-NO-VERIFICATION-022-N093,EAVT-L2-NO-VERIFICATION-022,nuisance_misc,L0,auxiliary_system,2855,2875,2875,1
EAVT-L2-NO-VERIFICATION-022-N094,EAVT-L2-NO-VERIFICATION-022,nuisance_misc,L0,auxiliary_system,2880,2900,2895,1
EAVT-L2-NO-VERIFICATION-022-N095,EAVT-L2-NO-VERIFICATION-022,nuisance_misc,L0,auxiliary_system,2915,2935,2935,1
EAVT-L2-NO-VERIFICATION-022-N096,EAVT-L2-NO-VERIFICATION-022,nuisance_misc,L0,auxiliary_system,3035,3055,3060,1
EAVT-L2-NO-VERIFICATION-022-N097,EAVT-L2-NO-VERIFICATION-022,nuisance_misc,L0,auxiliary_system,3040,3060,3060,1
EAVT-L2-NO-VERIFICATION-022-N098,EAVT-L2-NO-VERIFICATION-022,nuisance_misc,L0,auxiliary_system,3040,3060,3070,1
EAVT-L2-NO-VERIFICATION-022-N099,EAVT-L2-NO-VERIFICATION-022,nuisance_misc,L0,auxiliary_system,3050,3070,3065,1
EAVT-L2-NO-VERIFICATION-022-N100,EAVT-L2-NO-VERIFICATION-022,nuisance_misc,L0,auxiliary_system,3080,3100,3110,1
EAVT-L2-NO-VERIFICATION-022-N101,EAVT-L2-NO-VERIFICATION-022,nuisance_misc,L0,auxiliary_system,3095,3115,3115,1
EAVT-L2-NO-VERIFICATION-022-N102,EAVT-L2-NO-VERIFICATION-022,nuisance_misc,L0,auxiliary_system,3100,3120,3120,1
EAVT-L2-NO-VERIFICATION-022-N103,EAVT-L2-NO-VERIFICATION-022,nuisance_misc,L0,auxiliary_system,3125,3145,3155,1
EAVT-L2-NO-VERIFICATION-022-N104,EAVT-L2-NO-VERIFICATION-022,nuisance_misc,L0,auxiliary_system,3220,3240,3250,1
EAVT-L2-NO-VERIFICATION-022-N105,EAVT-L2-NO-VERIFICATION-022,nuisance_misc,L0,auxiliary_system,3225,3245,3245,1
EAVT-L2-NO-VERIFICATION-022-N106,EAVT-L2-NO-VERIFICATION-022,nuisance_misc,L0,auxiliary_system,3230,3250,3255,1
EAVT-L2-NO-VERIFICATION-022-N107,EAVT-L2-NO-VERIFICATION-022,nuisance_misc,L0,auxiliary_system,3240,3260,3260,1
EAVT-L2-NO-VERIFICATION-022-N108,EAVT-L2-NO-VERIFICATION-022,nuisance_misc,L0,auxiliary_system,3245,3265,3275,1
EAVT-L2-NO-VERIFICATION-022-N109,EAVT-L2-NO-VERIFICATION-022,nuisance_misc,L0,auxiliary_system,3300,3320,3325,1
EAVT-L2-NO-VERIFICATION-022-N110,EAVT-L2-NO-VERIFICATION-022,nuisance_misc,L0,auxiliary_system,3355,3375,3385,1
EAVT-L2-NO-VERIFICATION-022-N111,EAVT-L2-NO-VERIFICATION-022,nuisance_misc,L0,auxiliary_system,3390,3410,3405,1
EAVT-L2-NO-VERIFICATION-022-N112,EAVT-L2-NO-VERIFICATION-022,nuisance_misc,L0,auxiliary_system,3420,3440,3435,1
EAVT-L2-NO-VERIFICATION-022-N113,EAVT-L2-NO-VERIFICATION-022,nuisance_misc,L0,auxiliary_system,3435,3455,3450,1
EAVT-L2-NO-VERIFICATION-022-N114,EAVT-L2-NO-VERIFICATION-022,nuisance_misc,L0,auxiliary_system,3460,3480,3480,1
EAVT-L2-NO-VERIFICATION-022-N115,EAVT-L2-NO-VERIFICATION-022,nuisance_misc,L0,auxiliary_system,3465,3485,3495,1
EAVT-L2-NO-VERIFICATION-022-N116,EAVT-L2-NO-VERIFICATION-022,nuisance_misc,L0,auxiliary_system,3475,3495,3495,1
EAVT-L2-NO-VERIFICATION-022-N117,EAVT-L2-NO-VERIFICATION-022,nuisance_misc,L0,auxiliary_system,3480,3500,3505,1
EAVT-L2-NO-VERIFICATION-022-N118,EAVT-L2-NO-VERIFICATION-022,nuisance_misc,L0,auxiliary_system,3550,3570,3575,1
EAVT-L2-NO-VERIFICATION-022-N119,EAVT-L2-NO-VERIFICATION-022,nuisance_misc,L0,auxiliary_system,3595,3615,3615,1
EAVT-L2-NO-VERIFICATION-022-N120,EAVT-L2-NO-VERIFICATION-022,nuisance_misc,L0,auxiliary_system,3595,3615,3610,1
EAVT-L2-NO-VERIFICATION-022-N121,EAVT-L2-NO-VERIFICATION-022,nuisance_misc,L0,auxiliary_system,3720,3740,3750,1
EAVT-L2-NO-VERIFICATION-022-N122,EAVT-L2-NO-VERIFICATION-022,nuisance_misc,L0,auxiliary_system,3735,3755,3760,1
EAVT-L2-NO-VERIFICATION-022-N123,EAVT-L2-NO-VERIFICATION-022,nuisance_misc,L0,auxiliary_system,3780,3800,3795,1
EAVT-L2-NO-VERIFICATION-022-N124,EAVT-L2-NO-VERIFICATION-022,nuisance_misc,L0,auxiliary_system,3850,3870,3870,1
EAVT-L2-NO-VERIFICATION-022-N125,EAVT-L2-NO-VERIFICATION-022,nuisance_misc,L0,auxiliary_system,3865,3885,3880,1
EAVT-L2-NO-VERIFICATION-022-N126,EAVT-L2-NO-VERIFICATION-022,nuisance_misc,L0,auxiliary_system,3875,3895,3890,1
EAVT-L2-NO-VERIFICATION-022-S01,EAVT-L2-NO-VERIFICATION-022,flow_deviation_branch,L1,feed_branch_1,3285,3340,3515,0
EAVT-L2-NO-VERIFICATION-022-S02,EAVT-L2-NO-VERIFICATION-022,t11_temperature_deviation,L3,T-1...T-11,3295,3340,3505,0
EAVT-L2-NO-VERIFICATION-022-S03,EAVT-L2-NO-VERIFICATION-022,feed_flow_imbalance,L2,feed_system,3305,3340,3480,0
EAVT-L2-NO-VERIFICATION-022-S04,EAVT-L2-NO-VERIFICATION-022,elou_load_imbalance,L4,ELOU,3350,3365,3355,0
EAVT-L2-NO-VERIFICATION-022-S05,EAVT-L2-NO-VERIFICATION-022,elou_load_imbalance,L4,ELOU,3360,3375,3415,0
EAVT-L2-NO-VERIFICATION-022-S06,EAVT-L2-NO-VERIFICATION-022,feed_flow_imbalance,L2,feed_system,3485,3500,3490,0
EAVT-L2-CHAOTIC-023-N001,EAVT-L2-CHAOTIC-023,nuisance_misc,L0,auxiliary_system,30,,60,1
EAVT-L2-CHAOTIC-023-N002,EAVT-L2-CHAOTIC-023,nuisance_misc,L0,auxiliary_system,45,,75,1
EAVT-L2-CHAOTIC-023-N003,EAVT-L2-CHAOTIC-023,nuisance_misc,L0,auxiliary_system,55,,80,1
EAVT-L2-CHAOTIC-023-N004,EAVT-L2-CHAOTIC-023,nuisance_misc,L0,auxiliary_system,75,,95,1
EAVT-L2-CHAOTIC-023-N005,EAVT-L2-CHAOTIC-023,nuisance_misc,L0,auxiliary_system,100,,125,1
EAVT-L2-CHAOTIC-023-N006,EAVT-L2-CHAOTIC-023,nuisance_misc,L0,auxiliary_system,145,,170,1
EAVT-L2-CHAOTIC-023-N007,EAVT-L2-CHAOTIC-023,nuisance_misc,L0,auxiliary_system,150,,170,1
EAVT-L2-CHAOTIC-023-N008,EAVT-L2-CHAOTIC-023,nuisance_misc,L0,auxiliary_system,200,,220,1
EAVT-L2-CHAOTIC-023-N009,EAVT-L2-CHAOTIC-023,nuisance_misc,L0,auxiliary_system,250,,265,1
EAVT-L2-CHAOTIC-023-N010,EAVT-L2-CHAOTIC-023,nuisance_misc,L0,auxiliary_system,275,,290,1
EAVT-L2-CHAOTIC-023-N011,EAVT-L2-CHAOTIC-023,nuisance_misc,L0,auxiliary_system,320,,340,1
EAVT-L2-CHAOTIC-023-N012,EAVT-L2-CHAOTIC-023,nuisance_misc,L0,auxiliary_system,330,,355,1
EAVT-L2-CHAOTIC-023-N013,EAVT-L2-CHAOTIC-023,nuisance_misc,L0,auxiliary_system,330,,345,1
EAVT-L2-CHAOTIC-023-N014,EAVT-L2-CHAOTIC-023,nuisance_misc,L0,auxiliary_system,340,,360,1
EAVT-L2-CHAOTIC-023-N015,EAVT-L2-CHAOTIC-023,nuisance_misc,L0,auxiliary_system,395,,420,1
EAVT-L2-CHAOTIC-023-N016,EAVT-L2-CHAOTIC-023,nuisance_misc,L0,auxiliary_system,400,,415,1
EAVT-L2-CHAOTIC-023-N017,EAVT-L2-CHAOTIC-023,nuisance_misc,L0,auxiliary_system,410,,435,1
EAVT-L2-CHAOTIC-023-N018,EAVT-L2-CHAOTIC-023,nuisance_misc,L0,auxiliary_system,475,,490,1
EAVT-L2-CHAOTIC-023-N019,EAVT-L2-CHAOTIC-023,nuisance_misc,L0,auxiliary_system,480,,510,1
EAVT-L2-CHAOTIC-023-N020,EAVT-L2-CHAOTIC-023,nuisance_misc,L0,auxiliary_system,525,,540,1
EAVT-L2-CHAOTIC-023-N021,EAVT-L2-CHAOTIC-023,nuisance_misc,L0,auxiliary_system,545,,575,1
EAVT-L2-CHAOTIC-023-N022,EAVT-L2-CHAOTIC-023,nuisance_misc,L0,auxiliary_system,555,,575,1
EAVT-L2-CHAOTIC-023-N023,EAVT-L2-CHAOTIC-023,nuisance_misc,L0,auxiliary_system,620,,635,1
EAVT-L2-CHAOTIC-023-N024,EAVT-L2-CHAOTIC-023,nuisance_misc,L0,auxiliary_system,645,,670,1
EAVT-L2-CHAOTIC-023-N025,EAVT-L2-CHAOTIC-023,nuisance_misc,L0,auxiliary_system,670,,685,1
EAVT-L2-CHAOTIC-023-N026,EAVT-L2-CHAOTIC-023,nuisance_misc,L0,auxiliary_system,670,,700,1
EAVT-L2-CHAOTIC-023-N027,EAVT-L2-CHAOTIC-023,nuisance_misc,L0,auxiliary_system,675,,695,1
EAVT-L2-CHAOTIC-023-N028,EAVT-L2-CHAOTIC-023,nuisance_misc,L0,auxiliary_system,690,,710,1
EAVT-L2-CHAOTIC-023-N029,EAVT-L2-CHAOTIC-023,nuisance_misc,L0,auxiliary_system,740,,755,1
EAVT-L2-CHAOTIC-023-N030,EAVT-L2-CHAOTIC-023,nuisance_misc,L0,auxiliary_system,760,,790,1
EAVT-L2-CHAOTIC-023-N031,EAVT-L2-CHAOTIC-023,nuisance_misc,L0,auxiliary_system,880,,900,1
EAVT-L2-CHAOTIC-023-N032,EAVT-L2-CHAOTIC-023,nuisance_misc,L0,auxiliary_system,885,,905,1
EAVT-L2-CHAOTIC-023-N033,EAVT-L2-CHAOTIC-023,nuisance_misc,L0,auxiliary_system,885,,905,1
EAVT-L2-CHAOTIC-023-N034,EAVT-L2-CHAOTIC-023,nuisance_misc,L0,auxiliary_system,910,,940,1
EAVT-L2-CHAOTIC-023-N035,EAVT-L2-CHAOTIC-023,nuisance_misc,L0,auxiliary_system,930,,955,1
EAVT-L2-CHAOTIC-023-N036,EAVT-L2-CHAOTIC-023,nuisance_misc,L0,auxiliary_system,970,,990,1
EAVT-L2-CHAOTIC-023-N037,EAVT-L2-CHAOTIC-023,nuisance_misc,L0,auxiliary_system,1005,,1030,1
EAVT-L2-CHAOTIC-023-N038,EAVT-L2-CHAOTIC-023,nuisance_misc,L0,auxiliary_system,1225,,1245,1
EAVT-L2-CHAOTIC-023-N039,EAVT-L2-CHAOTIC-023,nuisance_misc,L0,auxiliary_system,1240,,1265,1
EAVT-L2-CHAOTIC-023-N040,EAVT-L2-CHAOTIC-023,nuisance_misc,L0,auxiliary_system,1240,,1255,1
EAVT-L2-CHAOTIC-023-N041,EAVT-L2-CHAOTIC-023,nuisance_misc,L0,auxiliary_system,1250,,1265,1
EAVT-L2-CHAOTIC-023-N042,EAVT-L2-CHAOTIC-023,nuisance_misc,L0,auxiliary_system,1255,,1270,1
EAVT-L2-CHAOTIC-023-N043,EAVT-L2-CHAOTIC-023,nuisance_misc,L0,auxiliary_system,1265,,1285,1
EAVT-L2-CHAOTIC-023-N044,EAVT-L2-CHAOTIC-023,nuisance_misc,L0,auxiliary_system,1285,,1310,1
EAVT-L2-CHAOTIC-023-N045,EAVT-L2-CHAOTIC-023,nuisance_misc,L0,auxiliary_system,1335,,1355,1
EAVT-L2-CHAOTIC-023-N046,EAVT-L2-CHAOTIC-023,nuisance_misc,L0,auxiliary_system,1340,,1370,1
EAVT-L2-CHAOTIC-023-N047,EAVT-L2-CHAOTIC-023,nuisance_misc,L0,auxiliary_system,1375,,1395,1
EAVT-L2-CHAOTIC-023-N048,EAVT-L2-CHAOTIC-023,nuisance_misc,L0,auxiliary_system,1405,,1425,1
EAVT-L2-CHAOTIC-023-N049,EAVT-L2-CHAOTIC-023,nuisance_misc,L0,auxiliary_system,1440,,1470,1
EAVT-L2-CHAOTIC-023-N050,EAVT-L2-CHAOTIC-023,nuisance_misc,L0,auxiliary_system,1465,,1495,1
EAVT-L2-CHAOTIC-023-N051,EAVT-L2-CHAOTIC-023,nuisance_misc,L0,auxiliary_system,1465,,1480,1
EAVT-L2-CHAOTIC-023-N052,EAVT-L2-CHAOTIC-023,nuisance_misc,L0,auxiliary_system,1470,,1500,1
EAVT-L2-CHAOTIC-023-N053,EAVT-L2-CHAOTIC-023,nuisance_misc,L0,auxiliary_system,1480,,1500,1
EAVT-L2-CHAOTIC-023-N054,EAVT-L2-CHAOTIC-023,nuisance_misc,L0,auxiliary_system,1480,,1505,1
EAVT-L2-CHAOTIC-023-N055,EAVT-L2-CHAOTIC-023,nuisance_misc,L0,auxiliary_system,1495,,1525,1
EAVT-L2-CHAOTIC-023-N056,EAVT-L2-CHAOTIC-023,nuisance_misc,L0,auxiliary_system,1605,,1635,1
EAVT-L2-CHAOTIC-023-N057,EAVT-L2-CHAOTIC-023,nuisance_misc,L0,auxiliary_system,1635,,1655,1
EAVT-L2-CHAOTIC-023-N058,EAVT-L2-CHAOTIC-023,nuisance_misc,L0,auxiliary_system,1635,,1650,1
EAVT-L2-CHAOTIC-023-N059,EAVT-L2-CHAOTIC-023,nuisance_misc,L0,auxiliary_system,1660,,1680,1
EAVT-L2-CHAOTIC-023-N060,EAVT-L2-CHAOTIC-023,nuisance_misc,L0,auxiliary_system,1690,,1715,1
EAVT-L2-CHAOTIC-023-N061,EAVT-L2-CHAOTIC-023,nuisance_misc,L0,auxiliary_system,1705,,1720,1
EAVT-L2-CHAOTIC-023-N062,EAVT-L2-CHAOTIC-023,nuisance_misc,L0,auxiliary_system,1715,,1745,1
EAVT-L2-CHAOTIC-023-N063,EAVT-L2-CHAOTIC-023,nuisance_misc,L0,auxiliary_system,1720,,1750,1
EAVT-L2-CHAOTIC-023-N064,EAVT-L2-CHAOTIC-023,nuisance_misc,L0,auxiliary_system,1775,,1795,1
EAVT-L2-CHAOTIC-023-N065,EAVT-L2-CHAOTIC-023,nuisance_misc,L0,auxiliary_system,1785,,1815,1
EAVT-L2-CHAOTIC-023-N066,EAVT-L2-CHAOTIC-023,nuisance_misc,L0,auxiliary_system,1795,,1820,1
EAVT-L2-CHAOTIC-023-N067,EAVT-L2-CHAOTIC-023,nuisance_misc,L0,auxiliary_system,1810,,1840,1
EAVT-L2-CHAOTIC-023-N068,EAVT-L2-CHAOTIC-023,nuisance_misc,L0,auxiliary_system,1855,,1885,1
EAVT-L2-CHAOTIC-023-N069,EAVT-L2-CHAOTIC-023,nuisance_misc,L0,auxiliary_system,1865,,1895,1
EAVT-L2-CHAOTIC-023-N070,EAVT-L2-CHAOTIC-023,nuisance_misc,L0,auxiliary_system,1870,,1885,1
EAVT-L2-CHAOTIC-023-N071,EAVT-L2-CHAOTIC-023,nuisance_misc,L0,auxiliary_system,1905,,1930,1
EAVT-L2-CHAOTIC-023-N072,EAVT-L2-CHAOTIC-023,nuisance_misc,L0,auxiliary_system,1930,,1950,1
EAVT-L2-CHAOTIC-023-N073,EAVT-L2-CHAOTIC-023,nuisance_misc,L0,auxiliary_system,1945,,1975,1
EAVT-L2-CHAOTIC-023-N074,EAVT-L2-CHAOTIC-023,nuisance_misc,L0,auxiliary_system,1955,,1975,1
EAVT-L2-CHAOTIC-023-N075,EAVT-L2-CHAOTIC-023,nuisance_misc,L0,auxiliary_system,1970,,2000,1
EAVT-L2-CHAOTIC-023-N076,EAVT-L2-CHAOTIC-023,nuisance_misc,L0,auxiliary_system,2040,,2055,1
EAVT-L2-CHAOTIC-023-N077,EAVT-L2-CHAOTIC-023,nuisance_misc,L0,auxiliary_system,2045,,2075,1
EAVT-L2-CHAOTIC-023-N078,EAVT-L2-CHAOTIC-023,nuisance_misc,L0,auxiliary_system,2045,,2075,1
EAVT-L2-CHAOTIC-023-N079,EAVT-L2-CHAOTIC-023,nuisance_misc,L0,auxiliary_system,2055,,2085,1
EAVT-L2-CHAOTIC-023-N080,EAVT-L2-CHAOTIC-023,nuisance_misc,L0,auxiliary_system,2120,,2150,1
EAVT-L2-CHAOTIC-023-N081,EAVT-L2-CHAOTIC-023,nuisance_misc,L0,auxiliary_system,2135,,2150,1
EAVT-L2-CHAOTIC-023-N082,EAVT-L2-CHAOTIC-023,nuisance_misc,L0,auxiliary_system,2145,,2175,1
EAVT-L2-CHAOTIC-023-N083,EAVT-L2-CHAOTIC-023,nuisance_misc,L0,auxiliary_system,2195,,2220,1
EAVT-L2-CHAOTIC-023-N084,EAVT-L2-CHAOTIC-023,nuisance_misc,L0,auxiliary_system,2195,,2215,1
EAVT-L2-CHAOTIC-023-N085,EAVT-L2-CHAOTIC-023,nuisance_misc,L0,auxiliary_system,2215,,2240,1
EAVT-L2-CHAOTIC-023-N086,EAVT-L2-CHAOTIC-023,nuisance_misc,L0,auxiliary_system,2275,,2290,1
EAVT-L2-CHAOTIC-023-N087,EAVT-L2-CHAOTIC-023,nuisance_misc,L0,auxiliary_system,2340,,2355,1
EAVT-L2-CHAOTIC-023-N088,EAVT-L2-CHAOTIC-023,nuisance_misc,L0,auxiliary_system,2370,,2395,1
EAVT-L2-CHAOTIC-023-N089,EAVT-L2-CHAOTIC-023,nuisance_misc,L0,auxiliary_system,2510,,2525,1
EAVT-L2-CHAOTIC-023-N090,EAVT-L2-CHAOTIC-023,nuisance_misc,L0,auxiliary_system,2530,,2555,1
EAVT-L2-CHAOTIC-023-N091,EAVT-L2-CHAOTIC-023,nuisance_misc,L0,auxiliary_system,2540,,2570,1
EAVT-L2-CHAOTIC-023-N092,EAVT-L2-CHAOTIC-023,nuisance_misc,L0,auxiliary_system,2555,,2585,1
EAVT-L2-CHAOTIC-023-N093,EAVT-L2-CHAOTIC-023,nuisance_misc,L0,auxiliary_system,2555,,2575,1
EAVT-L2-CHAOTIC-023-N094,EAVT-L2-CHAOTIC-023,nuisance_misc,L0,auxiliary_system,2635,,2665,1
EAVT-L2-CHAOTIC-023-N095,EAVT-L2-CHAOTIC-023,nuisance_misc,L0,auxiliary_system,2750,,2765,1
EAVT-L2-CHAOTIC-023-N096,EAVT-L2-CHAOTIC-023,nuisance_misc,L0,auxiliary_system,2750,,2770,1
EAVT-L2-CHAOTIC-023-N097,EAVT-L2-CHAOTIC-023,nuisance_misc,L0,auxiliary_system,2780,,2795,1
EAVT-L2-CHAOTIC-023-N098,EAVT-L2-CHAOTIC-023,nuisance_misc,L0,auxiliary_system,2795,,2825,1
EAVT-L2-CHAOTIC-023-N099,EAVT-L2-CHAOTIC-023,nuisance_misc,L0,auxiliary_system,2810,,2840,1
EAVT-L2-CHAOTIC-023-N100,EAVT-L2-CHAOTIC-023,nuisance_misc,L0,auxiliary_system,2820,,2850,1
EAVT-L2-CHAOTIC-023-N101,EAVT-L2-CHAOTIC-023,nuisance_misc,L0,auxiliary_system,2830,,2855,1
EAVT-L2-CHAOTIC-023-N102,EAVT-L2-CHAOTIC-023,nuisance_misc,L0,auxiliary_system,2925,,2940,1
EAVT-L2-CHAOTIC-023-N103,EAVT-L2-CHAOTIC-023,nuisance_misc,L0,auxiliary_system,2930,,2960,1
EAVT-L2-CHAOTIC-023-N104,EAVT-L2-CHAOTIC-023,nuisance_misc,L0,auxiliary_system,2940,,2970,1
EAVT-L2-CHAOTIC-023-N105,EAVT-L2-CHAOTIC-023,nuisance_misc,L0,auxiliary_system,2980,,2995,1
EAVT-L2-CHAOTIC-023-N106,EAVT-L2-CHAOTIC-023,nuisance_misc,L0,auxiliary_system,3000,,3015,1
EAVT-L2-CHAOTIC-023-N107,EAVT-L2-CHAOTIC-023,nuisance_misc,L0,auxiliary_system,3035,,3060,1
EAVT-L2-CHAOTIC-023-N108,EAVT-L2-CHAOTIC-023,nuisance_misc,L0,auxiliary_system,3045,,3075,1
EAVT-L2-CHAOTIC-023-N109,EAVT-L2-CHAOTIC-023,nuisance_misc,L0,auxiliary_system,3160,,3180,1
EAVT-L2-CHAOTIC-023-N110,EAVT-L2-CHAOTIC-023,nuisance_misc,L0,auxiliary_system,3170,,3200,1
EAVT-L2-CHAOTIC-023-N111,EAVT-L2-CHAOTIC-023,nuisance_misc,L0,auxiliary_system,3175,,3200,1
EAVT-L2-CHAOTIC-023-N112,EAVT-L2-CHAOTIC-023,nuisance_misc,L0,auxiliary_system,3200,,3225,1
EAVT-L2-CHAOTIC-023-N113,EAVT-L2-CHAOTIC-023,nuisance_misc,L0,auxiliary_system,3255,,3275,1
EAVT-L2-CHAOTIC-023-N114,EAVT-L2-CHAOTIC-023,nuisance_misc,L0,auxiliary_system,3295,,3310,1
EAVT-L2-CHAOTIC-023-N115,EAVT-L2-CHAOTIC-023,nuisance_misc,L0,auxiliary_system,3380,,3410,1
EAVT-L2-CHAOTIC-023-N116,EAVT-L2-CHAOTIC-023,nuisance_misc,L0,auxiliary_system,3430,,3450,1
EAVT-L2-CHAOTIC-023-N117,EAVT-L2-CHAOTIC-023,nuisance_misc,L0,auxiliary_system,3475,,3500,1
EAVT-L2-CHAOTIC-023-N118,EAVT-L2-CHAOTIC-023,nuisance_misc,L0,auxiliary_system,3525,,3545,1
EAVT-L2-CHAOTIC-023-N119,EAVT-L2-CHAOTIC-023,nuisance_misc,L0,auxiliary_system,3555,,3580,1
EAVT-L2-CHAOTIC-023-N120,EAVT-L2-CHAOTIC-023,nuisance_misc,L0,auxiliary_system,3580,,3610,1
EAVT-L2-CHAOTIC-023-N121,EAVT-L2-CHAOTIC-023,nuisance_misc,L0,auxiliary_system,3580,,3595,1
EAVT-L2-CHAOTIC-023-N122,EAVT-L2-CHAOTIC-023,nuisance_misc,L0,auxiliary_system,3585,,3615,1
EAVT-L2-CHAOTIC-023-N123,EAVT-L2-CHAOTIC-023,nuisance_misc,L0,auxiliary_system,3665,,3685,1
EAVT-L2-CHAOTIC-023-N124,EAVT-L2-CHAOTIC-023,nuisance_misc,L0,auxiliary_system,3675,,3700,1
EAVT-L2-CHAOTIC-023-N125,EAVT-L2-CHAOTIC-023,nuisance_misc,L0,auxiliary_system,3675,,3705,1
EAVT-L2-CHAOTIC-023-N126,EAVT-L2-CHAOTIC-023,nuisance_misc,L0,auxiliary_system,3690,,3720,1
EAVT-L2-CHAOTIC-023-N127,EAVT-L2-CHAOTIC-023,nuisance_misc,L0,auxiliary_system,3725,,3740,1
EAVT-L2-CHAOTIC-023-N128,EAVT-L2-CHAOTIC-023,nuisance_misc,L0,auxiliary_system,3750,,3770,1
EAVT-L2-CHAOTIC-023-N129,EAVT-L2-CHAOTIC-023,nuisance_misc,L0,auxiliary_system,3750,,3775,1
EAVT-L2-CHAOTIC-023-N130,EAVT-L2-CHAOTIC-023,nuisance_misc,L0,auxiliary_system,3780,,3795,1
EAVT-L2-CHAOTIC-023-N131,EAVT-L2-CHAOTIC-023,nuisance_misc,L0,auxiliary_system,3830,,3860,1
EAVT-L2-CHAOTIC-023-N132,EAVT-L2-CHAOTIC-023,nuisance_misc,L0,auxiliary_system,3835,,3855,1
EAVT-L2-CHAOTIC-023-N133,EAVT-L2-CHAOTIC-023,nuisance_misc,L0,auxiliary_system,3845,,3860,1
EAVT-L2-CHAOTIC-023-N134,EAVT-L2-CHAOTIC-023,nuisance_misc,L0,auxiliary_system,3890,,3900,1
EAVT-L2-CHAOTIC-023-S01,EAVT-L2-CHAOTIC-023,flow_deviation_branch,L1,feed_branch_2,3240,3335,3730,0
EAVT-L2-CHAOTIC-023-S02,EAVT-L2-CHAOTIC-023,feed_flow_imbalance,L2,feed_system,3245,3335,3250,0
EAVT-L2-CHAOTIC-023-S03,EAVT-L2-CHAOTIC-023,t11_temperature_deviation,L3,T-1...T-11,3245,3335,3760,0
EAVT-L2-CHAOTIC-023-S04,EAVT-L2-CHAOTIC-023,feed_flow_imbalance,L2,feed_system,3260,3335,3710,0
EAVT-L2-CHAOTIC-023-S05,EAVT-L2-CHAOTIC-023,elou_load_imbalance,L4,ELOU,3305,3350,3670,0
EAVT-L2-CHAOTIC-023-S06,EAVT-L2-CHAOTIC-023,k1_feed_deviation,L5,K-1,3395,3440,3600,0
EAVT-L2-CHAOTIC-024-N001,EAVT-L2-CHAOTIC-024,nuisance_misc,L0,auxiliary_system,50,,70,1
EAVT-L2-CHAOTIC-024-N002,EAVT-L2-CHAOTIC-024,nuisance_misc,L0,auxiliary_system,80,,105,1
EAVT-L2-CHAOTIC-024-N003,EAVT-L2-CHAOTIC-024,nuisance_misc,L0,auxiliary_system,135,,155,1
EAVT-L2-CHAOTIC-024-N004,EAVT-L2-CHAOTIC-024,nuisance_misc,L0,auxiliary_system,160,,180,1
EAVT-L2-CHAOTIC-024-N005,EAVT-L2-CHAOTIC-024,nuisance_misc,L0,auxiliary_system,160,,185,1
EAVT-L2-CHAOTIC-024-N006,EAVT-L2-CHAOTIC-024,nuisance_misc,L0,auxiliary_system,170,,185,1
EAVT-L2-CHAOTIC-024-N007,EAVT-L2-CHAOTIC-024,nuisance_misc,L0,auxiliary_system,175,,200,1
EAVT-L2-CHAOTIC-024-N008,EAVT-L2-CHAOTIC-024,nuisance_misc,L0,auxiliary_system,245,,265,1
EAVT-L2-CHAOTIC-024-N009,EAVT-L2-CHAOTIC-024,nuisance_misc,L0,auxiliary_system,255,,275,1
EAVT-L2-CHAOTIC-024-N010,EAVT-L2-CHAOTIC-024,nuisance_misc,L0,auxiliary_system,300,,315,1
EAVT-L2-CHAOTIC-024-N011,EAVT-L2-CHAOTIC-024,nuisance_misc,L0,auxiliary_system,325,,355,1
EAVT-L2-CHAOTIC-024-N012,EAVT-L2-CHAOTIC-024,nuisance_misc,L0,auxiliary_system,360,,385,1
EAVT-L2-CHAOTIC-024-N013,EAVT-L2-CHAOTIC-024,nuisance_misc,L0,auxiliary_system,405,,420,1
EAVT-L2-CHAOTIC-024-N014,EAVT-L2-CHAOTIC-024,nuisance_misc,L0,auxiliary_system,415,,435,1
EAVT-L2-CHAOTIC-024-N015,EAVT-L2-CHAOTIC-024,nuisance_misc,L0,auxiliary_system,415,,435,1
EAVT-L2-CHAOTIC-024-N016,EAVT-L2-CHAOTIC-024,nuisance_misc,L0,auxiliary_system,440,,455,1
EAVT-L2-CHAOTIC-024-N017,EAVT-L2-CHAOTIC-024,nuisance_misc,L0,auxiliary_system,505,,525,1
EAVT-L2-CHAOTIC-024-N018,EAVT-L2-CHAOTIC-024,nuisance_misc,L0,auxiliary_system,505,,525,1
EAVT-L2-CHAOTIC-024-N019,EAVT-L2-CHAOTIC-024,nuisance_misc,L0,auxiliary_system,620,,645,1
EAVT-L2-CHAOTIC-024-N020,EAVT-L2-CHAOTIC-024,nuisance_misc,L0,auxiliary_system,655,,670,1
EAVT-L2-CHAOTIC-024-N021,EAVT-L2-CHAOTIC-024,nuisance_misc,L0,auxiliary_system,670,,690,1
EAVT-L2-CHAOTIC-024-N022,EAVT-L2-CHAOTIC-024,nuisance_misc,L0,auxiliary_system,680,,700,1
EAVT-L2-CHAOTIC-024-N023,EAVT-L2-CHAOTIC-024,nuisance_misc,L0,auxiliary_system,685,,715,1
EAVT-L2-CHAOTIC-024-N024,EAVT-L2-CHAOTIC-024,nuisance_misc,L0,auxiliary_system,695,,725,1
EAVT-L2-CHAOTIC-024-N025,EAVT-L2-CHAOTIC-024,nuisance_misc,L0,auxiliary_system,735,,765,1
EAVT-L2-CHAOTIC-024-N026,EAVT-L2-CHAOTIC-024,nuisance_misc,L0,auxiliary_system,810,,835,1
EAVT-L2-CHAOTIC-024-N027,EAVT-L2-CHAOTIC-024,nuisance_misc,L0,auxiliary_system,835,,865,1
EAVT-L2-CHAOTIC-024-N028,EAVT-L2-CHAOTIC-024,nuisance_misc,L0,auxiliary_system,860,,885,1
EAVT-L2-CHAOTIC-024-N029,EAVT-L2-CHAOTIC-024,nuisance_misc,L0,auxiliary_system,865,,880,1
EAVT-L2-CHAOTIC-024-N030,EAVT-L2-CHAOTIC-024,nuisance_misc,L0,auxiliary_system,895,,920,1
EAVT-L2-CHAOTIC-024-N031,EAVT-L2-CHAOTIC-024,nuisance_misc,L0,auxiliary_system,925,,940,1
EAVT-L2-CHAOTIC-024-N032,EAVT-L2-CHAOTIC-024,nuisance_misc,L0,auxiliary_system,990,,1015,1
EAVT-L2-CHAOTIC-024-N033,EAVT-L2-CHAOTIC-024,nuisance_misc,L0,auxiliary_system,1005,,1030,1
EAVT-L2-CHAOTIC-024-N034,EAVT-L2-CHAOTIC-024,nuisance_misc,L0,auxiliary_system,1010,,1030,1
EAVT-L2-CHAOTIC-024-N035,EAVT-L2-CHAOTIC-024,nuisance_misc,L0,auxiliary_system,1040,,1055,1
EAVT-L2-CHAOTIC-024-N036,EAVT-L2-CHAOTIC-024,nuisance_misc,L0,auxiliary_system,1060,,1085,1
EAVT-L2-CHAOTIC-024-N037,EAVT-L2-CHAOTIC-024,nuisance_misc,L0,auxiliary_system,1060,,1080,1
EAVT-L2-CHAOTIC-024-N038,EAVT-L2-CHAOTIC-024,nuisance_misc,L0,auxiliary_system,1065,,1085,1
EAVT-L2-CHAOTIC-024-N039,EAVT-L2-CHAOTIC-024,nuisance_misc,L0,auxiliary_system,1095,,1125,1
EAVT-L2-CHAOTIC-024-N040,EAVT-L2-CHAOTIC-024,nuisance_misc,L0,auxiliary_system,1125,,1145,1
EAVT-L2-CHAOTIC-024-N041,EAVT-L2-CHAOTIC-024,nuisance_misc,L0,auxiliary_system,1235,,1265,1
EAVT-L2-CHAOTIC-024-N042,EAVT-L2-CHAOTIC-024,nuisance_misc,L0,auxiliary_system,1275,,1290,1
EAVT-L2-CHAOTIC-024-N043,EAVT-L2-CHAOTIC-024,nuisance_misc,L0,auxiliary_system,1330,,1355,1
EAVT-L2-CHAOTIC-024-N044,EAVT-L2-CHAOTIC-024,nuisance_misc,L0,auxiliary_system,1345,,1370,1
EAVT-L2-CHAOTIC-024-N045,EAVT-L2-CHAOTIC-024,nuisance_misc,L0,auxiliary_system,1420,,1445,1
EAVT-L2-CHAOTIC-024-N046,EAVT-L2-CHAOTIC-024,nuisance_misc,L0,auxiliary_system,1490,,1520,1
EAVT-L2-CHAOTIC-024-N047,EAVT-L2-CHAOTIC-024,nuisance_misc,L0,auxiliary_system,1525,,1540,1
EAVT-L2-CHAOTIC-024-N048,EAVT-L2-CHAOTIC-024,nuisance_misc,L0,auxiliary_system,1535,,1565,1
EAVT-L2-CHAOTIC-024-N049,EAVT-L2-CHAOTIC-024,nuisance_misc,L0,auxiliary_system,1585,,1610,1
EAVT-L2-CHAOTIC-024-N050,EAVT-L2-CHAOTIC-024,nuisance_misc,L0,auxiliary_system,1595,,1620,1
EAVT-L2-CHAOTIC-024-N051,EAVT-L2-CHAOTIC-024,nuisance_misc,L0,auxiliary_system,1620,,1635,1
EAVT-L2-CHAOTIC-024-N052,EAVT-L2-CHAOTIC-024,nuisance_misc,L0,auxiliary_system,1630,,1655,1
EAVT-L2-CHAOTIC-024-N053,EAVT-L2-CHAOTIC-024,nuisance_misc,L0,auxiliary_system,1645,,1670,1
EAVT-L2-CHAOTIC-024-N054,EAVT-L2-CHAOTIC-024,nuisance_misc,L0,auxiliary_system,1660,,1675,1
EAVT-L2-CHAOTIC-024-N055,EAVT-L2-CHAOTIC-024,nuisance_misc,L0,auxiliary_system,1675,,1700,1
EAVT-L2-CHAOTIC-024-N056,EAVT-L2-CHAOTIC-024,nuisance_misc,L0,auxiliary_system,1680,,1700,1
EAVT-L2-CHAOTIC-024-N057,EAVT-L2-CHAOTIC-024,nuisance_misc,L0,auxiliary_system,1685,,1715,1
EAVT-L2-CHAOTIC-024-N058,EAVT-L2-CHAOTIC-024,nuisance_misc,L0,auxiliary_system,1715,,1740,1
EAVT-L2-CHAOTIC-024-N059,EAVT-L2-CHAOTIC-024,nuisance_misc,L0,auxiliary_system,1875,,1905,1
EAVT-L2-CHAOTIC-024-N060,EAVT-L2-CHAOTIC-024,nuisance_misc,L0,auxiliary_system,1890,,1905,1
EAVT-L2-CHAOTIC-024-N061,EAVT-L2-CHAOTIC-024,nuisance_misc,L0,auxiliary_system,1925,,1955,1
EAVT-L2-CHAOTIC-024-N062,EAVT-L2-CHAOTIC-024,nuisance_misc,L0,auxiliary_system,1940,,1965,1
EAVT-L2-CHAOTIC-024-N063,EAVT-L2-CHAOTIC-024,nuisance_misc,L0,auxiliary_system,1955,,1970,1
EAVT-L2-CHAOTIC-024-N064,EAVT-L2-CHAOTIC-024,nuisance_misc,L0,auxiliary_system,2050,,2065,1
EAVT-L2-CHAOTIC-024-N065,EAVT-L2-CHAOTIC-024,nuisance_misc,L0,auxiliary_system,2120,,2140,1
EAVT-L2-CHAOTIC-024-N066,EAVT-L2-CHAOTIC-024,nuisance_misc,L0,auxiliary_system,2120,,2140,1
EAVT-L2-CHAOTIC-024-N067,EAVT-L2-CHAOTIC-024,nuisance_misc,L0,auxiliary_system,2120,,2145,1
EAVT-L2-CHAOTIC-024-N068,EAVT-L2-CHAOTIC-024,nuisance_misc,L0,auxiliary_system,2150,,2180,1
EAVT-L2-CHAOTIC-024-N069,EAVT-L2-CHAOTIC-024,nuisance_misc,L0,auxiliary_system,2155,,2185,1
EAVT-L2-CHAOTIC-024-N070,EAVT-L2-CHAOTIC-024,nuisance_misc,L0,auxiliary_system,2155,,2185,1
EAVT-L2-CHAOTIC-024-N071,EAVT-L2-CHAOTIC-024,nuisance_misc,L0,auxiliary_system,2165,,2185,1
EAVT-L2-CHAOTIC-024-N072,EAVT-L2-CHAOTIC-024,nuisance_misc,L0,auxiliary_system,2175,,2190,1
EAVT-L2-CHAOTIC-024-N073,EAVT-L2-CHAOTIC-024,nuisance_misc,L0,auxiliary_system,2185,,2210,1
EAVT-L2-CHAOTIC-024-N074,EAVT-L2-CHAOTIC-024,nuisance_misc,L0,auxiliary_system,2195,,2220,1
EAVT-L2-CHAOTIC-024-N075,EAVT-L2-CHAOTIC-024,nuisance_misc,L0,auxiliary_system,2195,,2210,1
EAVT-L2-CHAOTIC-024-N076,EAVT-L2-CHAOTIC-024,nuisance_misc,L0,auxiliary_system,2225,,2240,1
EAVT-L2-CHAOTIC-024-N077,EAVT-L2-CHAOTIC-024,nuisance_misc,L0,auxiliary_system,2235,,2260,1
EAVT-L2-CHAOTIC-024-N078,EAVT-L2-CHAOTIC-024,nuisance_misc,L0,auxiliary_system,2275,,2290,1
EAVT-L2-CHAOTIC-024-N079,EAVT-L2-CHAOTIC-024,nuisance_misc,L0,auxiliary_system,2320,,2350,1
EAVT-L2-CHAOTIC-024-N080,EAVT-L2-CHAOTIC-024,nuisance_misc,L0,auxiliary_system,2390,,2410,1
EAVT-L2-CHAOTIC-024-N081,EAVT-L2-CHAOTIC-024,nuisance_misc,L0,auxiliary_system,2425,,2455,1
EAVT-L2-CHAOTIC-024-N082,EAVT-L2-CHAOTIC-024,nuisance_misc,L0,auxiliary_system,2500,,2515,1
EAVT-L2-CHAOTIC-024-N083,EAVT-L2-CHAOTIC-024,nuisance_misc,L0,auxiliary_system,2505,,2535,1
EAVT-L2-CHAOTIC-024-N084,EAVT-L2-CHAOTIC-024,nuisance_misc,L0,auxiliary_system,2545,,2560,1
EAVT-L2-CHAOTIC-024-N085,EAVT-L2-CHAOTIC-024,nuisance_misc,L0,auxiliary_system,2555,,2585,1
EAVT-L2-CHAOTIC-024-N086,EAVT-L2-CHAOTIC-024,nuisance_misc,L0,auxiliary_system,2590,,2620,1
EAVT-L2-CHAOTIC-024-N087,EAVT-L2-CHAOTIC-024,nuisance_misc,L0,auxiliary_system,2600,,2630,1
EAVT-L2-CHAOTIC-024-N088,EAVT-L2-CHAOTIC-024,nuisance_misc,L0,auxiliary_system,2610,,2630,1
EAVT-L2-CHAOTIC-024-N089,EAVT-L2-CHAOTIC-024,nuisance_misc,L0,auxiliary_system,2660,,2680,1
EAVT-L2-CHAOTIC-024-N090,EAVT-L2-CHAOTIC-024,nuisance_misc,L0,auxiliary_system,2675,,2695,1
EAVT-L2-CHAOTIC-024-N091,EAVT-L2-CHAOTIC-024,nuisance_misc,L0,auxiliary_system,2695,,2720,1
EAVT-L2-CHAOTIC-024-N092,EAVT-L2-CHAOTIC-024,nuisance_misc,L0,auxiliary_system,2700,,2720,1
EAVT-L2-CHAOTIC-024-N093,EAVT-L2-CHAOTIC-024,nuisance_misc,L0,auxiliary_system,2755,,2770,1
EAVT-L2-CHAOTIC-024-N094,EAVT-L2-CHAOTIC-024,nuisance_misc,L0,auxiliary_system,2780,,2810,1
EAVT-L2-CHAOTIC-024-N095,EAVT-L2-CHAOTIC-024,nuisance_misc,L0,auxiliary_system,2785,,2810,1
EAVT-L2-CHAOTIC-024-N096,EAVT-L2-CHAOTIC-024,nuisance_misc,L0,auxiliary_system,2790,,2815,1
EAVT-L2-CHAOTIC-024-N097,EAVT-L2-CHAOTIC-024,nuisance_misc,L0,auxiliary_system,2810,,2825,1
EAVT-L2-CHAOTIC-024-N098,EAVT-L2-CHAOTIC-024,nuisance_misc,L0,auxiliary_system,2815,,2835,1
EAVT-L2-CHAOTIC-024-N099,EAVT-L2-CHAOTIC-024,nuisance_misc,L0,auxiliary_system,2820,,2840,1
EAVT-L2-CHAOTIC-024-N100,EAVT-L2-CHAOTIC-024,nuisance_misc,L0,auxiliary_system,2830,,2860,1
EAVT-L2-CHAOTIC-024-N101,EAVT-L2-CHAOTIC-024,nuisance_misc,L0,auxiliary_system,2835,,2865,1
EAVT-L2-CHAOTIC-024-N102,EAVT-L2-CHAOTIC-024,nuisance_misc,L0,auxiliary_system,2855,,2880,1
EAVT-L2-CHAOTIC-024-N103,EAVT-L2-CHAOTIC-024,nuisance_misc,L0,auxiliary_system,2855,,2875,1
EAVT-L2-CHAOTIC-024-N104,EAVT-L2-CHAOTIC-024,nuisance_misc,L0,auxiliary_system,2890,,2905,1
EAVT-L2-CHAOTIC-024-N105,EAVT-L2-CHAOTIC-024,nuisance_misc,L0,auxiliary_system,2890,,2920,1
EAVT-L2-CHAOTIC-024-N106,EAVT-L2-CHAOTIC-024,nuisance_misc,L0,auxiliary_system,2895,,2920,1
EAVT-L2-CHAOTIC-024-N107,EAVT-L2-CHAOTIC-024,nuisance_misc,L0,auxiliary_system,2895,,2920,1
EAVT-L2-CHAOTIC-024-N108,EAVT-L2-CHAOTIC-024,nuisance_misc,L0,auxiliary_system,2920,,2950,1
EAVT-L2-CHAOTIC-024-N109,EAVT-L2-CHAOTIC-024,nuisance_misc,L0,auxiliary_system,2955,,2975,1
EAVT-L2-CHAOTIC-024-N110,EAVT-L2-CHAOTIC-024,nuisance_misc,L0,auxiliary_system,3050,,3065,1
EAVT-L2-CHAOTIC-024-N111,EAVT-L2-CHAOTIC-024,nuisance_misc,L0,auxiliary_system,3060,,3090,1
EAVT-L2-CHAOTIC-024-N112,EAVT-L2-CHAOTIC-024,nuisance_misc,L0,auxiliary_system,3110,,3130,1
EAVT-L2-CHAOTIC-024-N113,EAVT-L2-CHAOTIC-024,nuisance_misc,L0,auxiliary_system,3125,,3145,1
EAVT-L2-CHAOTIC-024-N114,EAVT-L2-CHAOTIC-024,nuisance_misc,L0,auxiliary_system,3230,,3255,1
EAVT-L2-CHAOTIC-024-N115,EAVT-L2-CHAOTIC-024,nuisance_misc,L0,auxiliary_system,3275,,3300,1
EAVT-L2-CHAOTIC-024-N116,EAVT-L2-CHAOTIC-024,nuisance_misc,L0,auxiliary_system,3320,,3350,1
EAVT-L2-CHAOTIC-024-N117,EAVT-L2-CHAOTIC-024,nuisance_misc,L0,auxiliary_system,3395,,3425,1
EAVT-L2-CHAOTIC-024-N118,EAVT-L2-CHAOTIC-024,nuisance_misc,L0,auxiliary_system,3400,,3425,1
EAVT-L2-CHAOTIC-024-N119,EAVT-L2-CHAOTIC-024,nuisance_misc,L0,auxiliary_system,3410,,3440,1
EAVT-L2-CHAOTIC-024-N120,EAVT-L2-CHAOTIC-024,nuisance_misc,L0,auxiliary_system,3475,,3495,1
EAVT-L2-CHAOTIC-024-N121,EAVT-L2-CHAOTIC-024,nuisance_misc,L0,auxiliary_system,3505,,3520,1
EAVT-L2-CHAOTIC-024-N122,EAVT-L2-CHAOTIC-024,nuisance_misc,L0,auxiliary_system,3520,,3545,1
EAVT-L2-CHAOTIC-024-N123,EAVT-L2-CHAOTIC-024,nuisance_misc,L0,auxiliary_system,3630,,3660,1
EAVT-L2-CHAOTIC-024-N124,EAVT-L2-CHAOTIC-024,nuisance_misc,L0,auxiliary_system,3630,,3645,1
EAVT-L2-CHAOTIC-024-N125,EAVT-L2-CHAOTIC-024,nuisance_misc,L0,auxiliary_system,3665,,3685,1
EAVT-L2-CHAOTIC-024-N126,EAVT-L2-CHAOTIC-024,nuisance_misc,L0,auxiliary_system,3670,,3700,1
EAVT-L2-CHAOTIC-024-N127,EAVT-L2-CHAOTIC-024,nuisance_misc,L0,auxiliary_system,3710,,3725,1
EAVT-L2-CHAOTIC-024-N128,EAVT-L2-CHAOTIC-024,nuisance_misc,L0,auxiliary_system,3715,,3740,1
EAVT-L2-CHAOTIC-024-N129,EAVT-L2-CHAOTIC-024,nuisance_misc,L0,auxiliary_system,3735,,3750,1
EAVT-L2-CHAOTIC-024-N130,EAVT-L2-CHAOTIC-024,nuisance_misc,L0,auxiliary_system,3780,,3795,1
EAVT-L2-CHAOTIC-024-N131,EAVT-L2-CHAOTIC-024,nuisance_misc,L0,auxiliary_system,3825,,3840,1
EAVT-L2-CHAOTIC-024-N132,EAVT-L2-CHAOTIC-024,nuisance_misc,L0,auxiliary_system,3855,,3875,1
EAVT-L2-CHAOTIC-024-N133,EAVT-L2-CHAOTIC-024,nuisance_misc,L0,auxiliary_system,3885,,3900,1
EAVT-L2-CHAOTIC-024-S01,EAVT-L2-CHAOTIC-024,flow_deviation_branch,L1,feed_branch_3,3180,3285,3490,0
EAVT-L2-CHAOTIC-024-S02,EAVT-L2-CHAOTIC-024,t11_temperature_deviation,L3,T-1...T-11,3190,3285,3480,0
EAVT-L2-CHAOTIC-024-S03,EAVT-L2-CHAOTIC-024,feed_flow_imbalance,L2,feed_system,3205,3285,3470,0
EAVT-L2-CHAOTIC-024-S04,EAVT-L2-CHAOTIC-024,elou_load_imbalance,L4,ELOU,3250,3295,3255,0
EAVT-L2-CHAOTIC-024-S05,EAVT-L2-CHAOTIC-024,elou_load_imbalance,L4,ELOU,3260,3305,3415,0
EAVT-L3-EXPERT-025-N001,EAVT-L3-EXPERT-025,nuisance_misc,L0,auxiliary_system,15,25,40,1
EAVT-L3-EXPERT-025-N002,EAVT-L3-EXPERT-025,nuisance_misc,L0,auxiliary_system,25,35,55,1
EAVT-L3-EXPERT-025-N003,EAVT-L3-EXPERT-025,nuisance_misc,L0,auxiliary_system,30,40,60,1
EAVT-L3-EXPERT-025-N004,EAVT-L3-EXPERT-025,nuisance_misc,L0,auxiliary_system,35,45,50,1
EAVT-L3-EXPERT-025-N005,EAVT-L3-EXPERT-025,nuisance_misc,L0,auxiliary_system,40,50,70,1
EAVT-L3-EXPERT-025-N006,EAVT-L3-EXPERT-025,nuisance_misc,L0,auxiliary_system,40,50,60,1
EAVT-L3-EXPERT-025-N007,EAVT-L3-EXPERT-025,nuisance_misc,L0,auxiliary_system,60,70,90,1
EAVT-L3-EXPERT-025-N008,EAVT-L3-EXPERT-025,nuisance_misc,L0,auxiliary_system,75,85,95,1
EAVT-L3-EXPERT-025-N009,EAVT-L3-EXPERT-025,nuisance_misc,L0,auxiliary_system,90,100,120,1
EAVT-L3-EXPERT-025-N010,EAVT-L3-EXPERT-025,nuisance_misc,L0,auxiliary_system,115,125,140,1
EAVT-L3-EXPERT-025-N011,EAVT-L3-EXPERT-025,nuisance_misc,L0,auxiliary_system,135,145,165,1
EAVT-L3-EXPERT-025-N012,EAVT-L3-EXPERT-025,nuisance_misc,L0,auxiliary_system,150,160,165,1
EAVT-L3-EXPERT-025-N013,EAVT-L3-EXPERT-025,nuisance_misc,L0,auxiliary_system,150,160,170,1
EAVT-L3-EXPERT-025-N014,EAVT-L3-EXPERT-025,nuisance_misc,L0,auxiliary_system,160,170,185,1
EAVT-L3-EXPERT-025-N015,EAVT-L3-EXPERT-025,nuisance_misc,L0,auxiliary_system,160,170,185,1
EAVT-L3-EXPERT-025-N016,EAVT-L3-EXPERT-025,nuisance_misc,L0,auxiliary_system,190,200,220,1
EAVT-L3-EXPERT-025-N017,EAVT-L3-EXPERT-025,nuisance_misc,L0,auxiliary_system,195,205,210,1
EAVT-L3-EXPERT-025-N018,EAVT-L3-EXPERT-025,nuisance_misc,L0,auxiliary_system,195,205,225,1
EAVT-L3-EXPERT-025-N019,EAVT-L3-EXPERT-025,nuisance_misc,L0,auxiliary_system,215,225,240,1
EAVT-L3-EXPERT-025-N020,EAVT-L3-EXPERT-025,nuisance_misc,L0,auxiliary_system,240,250,255,1
EAVT-L3-EXPERT-025-N021,EAVT-L3-EXPERT-025,nuisance_misc,L0,auxiliary_system,250,260,265,1
EAVT-L3-EXPERT-025-N022,EAVT-L3-EXPERT-025,nuisance_misc,L0,auxiliary_system,315,325,340,1
EAVT-L3-EXPERT-025-N023,EAVT-L3-EXPERT-025,nuisance_misc,L0,auxiliary_system,315,325,340,1
EAVT-L3-EXPERT-025-N024,EAVT-L3-EXPERT-025,nuisance_misc,L0,auxiliary_system,345,355,360,1
EAVT-L3-EXPERT-025-N025,EAVT-L3-EXPERT-025,nuisance_misc,L0,auxiliary_system,355,365,385,1
EAVT-L3-EXPERT-025-N026,EAVT-L3-EXPERT-025,nuisance_misc,L0,auxiliary_system,360,370,390,1
EAVT-L3-EXPERT-025-N027,EAVT-L3-EXPERT-025,nuisance_misc,L0,auxiliary_system,370,380,390,1
EAVT-L3-EXPERT-025-N028,EAVT-L3-EXPERT-025,nuisance_misc,L0,auxiliary_system,375,385,390,1
EAVT-L3-EXPERT-025-N029,EAVT-L3-EXPERT-025,nuisance_misc,L0,auxiliary_system,405,415,425,1
EAVT-L3-EXPERT-025-N030,EAVT-L3-EXPERT-025,nuisance_misc,L0,auxiliary_system,405,415,420,1
EAVT-L3-EXPERT-025-N031,EAVT-L3-EXPERT-025,nuisance_misc,L0,auxiliary_system,435,445,460,1
EAVT-L3-EXPERT-025-N032,EAVT-L3-EXPERT-025,nuisance_misc,L0,auxiliary_system,440,450,455,1
EAVT-L3-EXPERT-025-N033,EAVT-L3-EXPERT-025,nuisance_misc,L0,auxiliary_system,445,455,465,1
EAVT-L3-EXPERT-025-N034,EAVT-L3-EXPERT-025,nuisance_misc,L0,auxiliary_system,460,470,475,1
EAVT-L3-EXPERT-025-N035,EAVT-L3-EXPERT-025,nuisance_misc,L0,auxiliary_system,480,490,495,1
EAVT-L3-EXPERT-025-N036,EAVT-L3-EXPERT-025,nuisance_misc,L0,auxiliary_system,480,490,495,1
EAVT-L3-EXPERT-025-N037,EAVT-L3-EXPERT-025,nuisance_misc,L0,auxiliary_system,490,500,515,1
EAVT-L3-EXPERT-025-N038,EAVT-L3-EXPERT-025,nuisance_misc,L0,auxiliary_system,520,530,535,1
EAVT-L3-EXPERT-025-N039,EAVT-L3-EXPERT-025,nuisance_misc,L0,auxiliary_system,520,530,545,1
EAVT-L3-EXPERT-025-N040,EAVT-L3-EXPERT-025,nuisance_misc,L0,auxiliary_system,530,540,545,1
EAVT-L3-EXPERT-025-N041,EAVT-L3-EXPERT-025,nuisance_misc,L0,auxiliary_system,535,545,550,1
EAVT-L3-EXPERT-025-N042,EAVT-L3-EXPERT-025,nuisance_misc,L0,auxiliary_system,540,550,570,1
EAVT-L3-EXPERT-025-N043,EAVT-L3-EXPERT-025,nuisance_misc,L0,auxiliary_system,545,555,570,1
EAVT-L3-EXPERT-025-N044,EAVT-L3-EXPERT-025,nuisance_misc,L0,auxiliary_system,620,630,635,1
EAVT-L3-EXPERT-025-N045,EAVT-L3-EXPERT-025,nuisance_misc,L0,auxiliary_system,630,640,660,1
EAVT-L3-EXPERT-025-N046,EAVT-L3-EXPERT-025,nuisance_misc,L0,auxiliary_system,635,645,660,1
EAVT-L3-EXPERT-025-N047,EAVT-L3-EXPERT-025,nuisance_misc,L0,auxiliary_system,640,650,665,1
EAVT-L3-EXPERT-025-N048,EAVT-L3-EXPERT-025,nuisance_misc,L0,auxiliary_system,660,670,675,1
EAVT-L3-EXPERT-025-N049,EAVT-L3-EXPERT-025,nuisance_misc,L0,auxiliary_system,665,675,680,1
EAVT-L3-EXPERT-025-N050,EAVT-L3-EXPERT-025,nuisance_misc,L0,auxiliary_system,675,685,705,1
EAVT-L3-EXPERT-025-N051,EAVT-L3-EXPERT-025,nuisance_misc,L0,auxiliary_system,675,685,690,1
EAVT-L3-EXPERT-025-N052,EAVT-L3-EXPERT-025,nuisance_misc,L0,auxiliary_system,720,730,745,1
EAVT-L3-EXPERT-025-N053,EAVT-L3-EXPERT-025,nuisance_misc,L0,auxiliary_system,740,750,755,1
EAVT-L3-EXPERT-025-N054,EAVT-L3-EXPERT-025,nuisance_misc,L0,auxiliary_system,760,770,775,1
EAVT-L3-EXPERT-025-N055,EAVT-L3-EXPERT-025,nuisance_misc,L0,auxiliary_system,765,775,785,1
EAVT-L3-EXPERT-025-N056,EAVT-L3-EXPERT-025,nuisance_misc,L0,auxiliary_system,770,780,795,1
EAVT-L3-EXPERT-025-N057,EAVT-L3-EXPERT-025,nuisance_misc,L0,auxiliary_system,775,785,790,1
EAVT-L3-EXPERT-025-N058,EAVT-L3-EXPERT-025,nuisance_misc,L0,auxiliary_system,785,795,800,1
EAVT-L3-EXPERT-025-N059,EAVT-L3-EXPERT-025,nuisance_misc,L0,auxiliary_system,805,815,835,1
EAVT-L3-EXPERT-025-N060,EAVT-L3-EXPERT-025,nuisance_misc,L0,auxiliary_system,815,825,835,1
EAVT-L3-EXPERT-025-N061,EAVT-L3-EXPERT-025,nuisance_misc,L0,auxiliary_system,815,825,845,1
EAVT-L3-EXPERT-025-N062,EAVT-L3-EXPERT-025,nuisance_misc,L0,auxiliary_system,820,830,845,1
EAVT-L3-EXPERT-025-N063,EAVT-L3-EXPERT-025,nuisance_misc,L0,auxiliary_system,820,830,835,1
EAVT-L3-EXPERT-025-N064,EAVT-L3-EXPERT-025,nuisance_misc,L0,auxiliary_system,850,860,865,1
EAVT-L3-EXPERT-025-N065,EAVT-L3-EXPERT-025,nuisance_misc,L0,auxiliary_system,850,860,870,1
EAVT-L3-EXPERT-025-N066,EAVT-L3-EXPERT-025,nuisance_misc,L0,auxiliary_system,855,865,880,1
EAVT-L3-EXPERT-025-N067,EAVT-L3-EXPERT-025,nuisance_misc,L0,auxiliary_system,855,865,875,1
EAVT-L3-EXPERT-025-N068,EAVT-L3-EXPERT-025,nuisance_misc,L0,auxiliary_system,870,880,900,1
EAVT-L3-EXPERT-025-N069,EAVT-L3-EXPERT-025,nuisance_misc,L0,auxiliary_system,875,885,895,1
EAVT-L3-EXPERT-025-N070,EAVT-L3-EXPERT-025,nuisance_misc,L0,auxiliary_system,880,890,905,1
EAVT-L3-EXPERT-025-N071,EAVT-L3-EXPERT-025,nuisance_misc,L0,auxiliary_system,885,895,915,1
EAVT-L3-EXPERT-025-N072,EAVT-L3-EXPERT-025,nuisance_misc,L0,auxiliary_system,895,905,925,1
EAVT-L3-EXPERT-025-N073,EAVT-L3-EXPERT-025,nuisance_misc,L0,auxiliary_system,905,915,935,1
EAVT-L3-EXPERT-025-N074,EAVT-L3-EXPERT-025,nuisance_misc,L0,auxiliary_system,910,920,940,1
EAVT-L3-EXPERT-025-N075,EAVT-L3-EXPERT-025,nuisance_misc,L0,auxiliary_system,925,935,955,1
EAVT-L3-EXPERT-025-N076,EAVT-L3-EXPERT-025,nuisance_misc,L0,auxiliary_system,935,945,960,1
EAVT-L3-EXPERT-025-N077,EAVT-L3-EXPERT-025,nuisance_misc,L0,auxiliary_system,940,950,970,1
EAVT-L3-EXPERT-025-N078,EAVT-L3-EXPERT-025,nuisance_misc,L0,auxiliary_system,960,970,990,1
EAVT-L3-EXPERT-025-N079,EAVT-L3-EXPERT-025,nuisance_misc,L0,auxiliary_system,975,985,990,1
EAVT-L3-EXPERT-025-N080,EAVT-L3-EXPERT-025,nuisance_misc,L0,auxiliary_system,1000,1010,1025,1
EAVT-L3-EXPERT-025-N081,EAVT-L3-EXPERT-025,nuisance_misc,L0,auxiliary_system,1010,1020,1025,1
EAVT-L3-EXPERT-025-N082,EAVT-L3-EXPERT-025,nuisance_misc,L0,auxiliary_system,1010,1020,1030,1
EAVT-L3-EXPERT-025-N083,EAVT-L3-EXPERT-025,nuisance_misc,L0,auxiliary_system,1015,1025,1030,1
EAVT-L3-EXPERT-025-N084,EAVT-L3-EXPERT-025,nuisance_misc,L0,auxiliary_system,1020,1030,1045,1
EAVT-L3-EXPERT-025-N085,EAVT-L3-EXPERT-025,nuisance_misc,L0,auxiliary_system,1040,1050,1065,1
EAVT-L3-EXPERT-025-N086,EAVT-L3-EXPERT-025,nuisance_misc,L0,auxiliary_system,1055,1065,1080,1
EAVT-L3-EXPERT-025-N087,EAVT-L3-EXPERT-025,nuisance_misc,L0,auxiliary_system,1060,1070,1075,1
EAVT-L3-EXPERT-025-N088,EAVT-L3-EXPERT-025,nuisance_misc,L0,auxiliary_system,1060,1070,1080,1
EAVT-L3-EXPERT-025-N089,EAVT-L3-EXPERT-025,nuisance_misc,L0,auxiliary_system,1095,1105,1125,1
EAVT-L3-EXPERT-025-N090,EAVT-L3-EXPERT-025,nuisance_misc,L0,auxiliary_system,1115,1125,1135,1
EAVT-L3-EXPERT-025-N091,EAVT-L3-EXPERT-025,nuisance_misc,L0,auxiliary_system,1170,1180,1200,1
EAVT-L3-EXPERT-025-N092,EAVT-L3-EXPERT-025,nuisance_misc,L0,auxiliary_system,1180,1190,1195,1
EAVT-L3-EXPERT-025-N093,EAVT-L3-EXPERT-025,nuisance_misc,L0,auxiliary_system,1205,1215,1230,1
EAVT-L3-EXPERT-025-N094,EAVT-L3-EXPERT-025,nuisance_misc,L0,auxiliary_system,1230,1240,1245,1
EAVT-L3-EXPERT-025-N095,EAVT-L3-EXPERT-025,nuisance_misc,L0,auxiliary_system,1235,1245,1250,1
EAVT-L3-EXPERT-025-N096,EAVT-L3-EXPERT-025,nuisance_misc,L0,auxiliary_system,1235,1245,1255,1
EAVT-L3-EXPERT-025-N097,EAVT-L3-EXPERT-025,nuisance_misc,L0,auxiliary_system,1240,1250,1255,1
EAVT-L3-EXPERT-025-N098,EAVT-L3-EXPERT-025,nuisance_misc,L0,auxiliary_system,1260,1270,1290,1
EAVT-L3-EXPERT-025-N099,EAVT-L3-EXPERT-025,nuisance_misc,L0,auxiliary_system,1260,1270,1280,1
EAVT-L3-EXPERT-025-N100,EAVT-L3-EXPERT-025,nuisance_misc,L0,auxiliary_system,1275,1285,1290,1
EAVT-L3-EXPERT-025-N101,EAVT-L3-EXPERT-025,nuisance_misc,L0,auxiliary_system,1275,1285,1305,1
EAVT-L3-EXPERT-025-N102,EAVT-L3-EXPERT-025,nuisance_misc,L0,auxiliary_system,1315,1325,1330,1
EAVT-L3-EXPERT-025-N103,EAVT-L3-EXPERT-025,nuisance_misc,L0,auxiliary_system,1400,1410,1415,1
EAVT-L3-EXPERT-025-N104,EAVT-L3-EXPERT-025,nuisance_misc,L0,auxiliary_system,1405,1415,1425,1
EAVT-L3-EXPERT-025-N105,EAVT-L3-EXPERT-025,nuisance_misc,L0,auxiliary_system,1410,1420,1435,1
EAVT-L3-EXPERT-025-N106,EAVT-L3-EXPERT-025,nuisance_misc,L0,auxiliary_system,1425,1435,1445,1
EAVT-L3-EXPERT-025-N107,EAVT-L3-EXPERT-025,nuisance_misc,L0,auxiliary_system,1430,1440,1460,1
EAVT-L3-EXPERT-025-N108,EAVT-L3-EXPERT-025,nuisance_misc,L0,auxiliary_system,1445,1455,1475,1
EAVT-L3-EXPERT-025-N109,EAVT-L3-EXPERT-025,nuisance_misc,L0,auxiliary_system,1450,1460,1470,1
EAVT-L3-EXPERT-025-N110,EAVT-L3-EXPERT-025,nuisance_misc,L0,auxiliary_system,1485,1495,1510,1
EAVT-L3-EXPERT-025-N111,EAVT-L3-EXPERT-025,nuisance_misc,L0,auxiliary_system,1505,1515,1535,1
EAVT-L3-EXPERT-025-N112,EAVT-L3-EXPERT-025,nuisance_misc,L0,auxiliary_system,1535,1545,1565,1
EAVT-L3-EXPERT-025-N113,EAVT-L3-EXPERT-025,nuisance_misc,L0,auxiliary_system,1550,1560,1570,1
EAVT-L3-EXPERT-025-N114,EAVT-L3-EXPERT-025,nuisance_misc,L0,auxiliary_system,1550,1560,1565,1
EAVT-L3-EXPERT-025-N115,EAVT-L3-EXPERT-025,nuisance_misc,L0,auxiliary_system,1560,1570,1585,1
EAVT-L3-EXPERT-025-N116,EAVT-L3-EXPERT-025,nuisance_misc,L0,auxiliary_system,1570,1580,1600,1
EAVT-L3-EXPERT-025-N117,EAVT-L3-EXPERT-025,nuisance_misc,L0,auxiliary_system,1570,1580,1585,1
EAVT-L3-EXPERT-025-N118,EAVT-L3-EXPERT-025,nuisance_misc,L0,auxiliary_system,1580,1590,1605,1
EAVT-L3-EXPERT-025-N119,EAVT-L3-EXPERT-025,nuisance_misc,L0,auxiliary_system,1590,1600,1615,1
EAVT-L3-EXPERT-025-N120,EAVT-L3-EXPERT-025,nuisance_misc,L0,auxiliary_system,1590,1600,1605,1
EAVT-L3-EXPERT-025-N121,EAVT-L3-EXPERT-025,nuisance_misc,L0,auxiliary_system,1605,1615,1630,1
EAVT-L3-EXPERT-025-N122,EAVT-L3-EXPERT-025,nuisance_misc,L0,auxiliary_system,1605,1615,1625,1
EAVT-L3-EXPERT-025-N123,EAVT-L3-EXPERT-025,nuisance_misc,L0,auxiliary_system,1635,1645,1665,1
EAVT-L3-EXPERT-025-N124,EAVT-L3-EXPERT-025,nuisance_misc,L0,auxiliary_system,1675,1685,1690,1
EAVT-L3-EXPERT-025-N125,EAVT-L3-EXPERT-025,nuisance_misc,L0,auxiliary_system,1675,1685,1705,1
EAVT-L3-EXPERT-025-N126,EAVT-L3-EXPERT-025,nuisance_misc,L0,auxiliary_system,1675,1685,1695,1
EAVT-L3-EXPERT-025-N127,EAVT-L3-EXPERT-025,nuisance_misc,L0,auxiliary_system,1695,1705,1720,1
EAVT-L3-EXPERT-025-N128,EAVT-L3-EXPERT-025,nuisance_misc,L0,auxiliary_system,1695,1705,1715,1
EAVT-L3-EXPERT-025-N129,EAVT-L3-EXPERT-025,nuisance_misc,L0,auxiliary_system,1710,1720,1730,1
EAVT-L3-EXPERT-025-N130,EAVT-L3-EXPERT-025,nuisance_misc,L0,auxiliary_system,1710,1720,1740,1
EAVT-L3-EXPERT-025-N131,EAVT-L3-EXPERT-025,nuisance_misc,L0,auxiliary_system,1710,1720,1730,1
EAVT-L3-EXPERT-025-N132,EAVT-L3-EXPERT-025,nuisance_misc,L0,auxiliary_system,1715,1725,1735,1
EAVT-L3-EXPERT-025-N133,EAVT-L3-EXPERT-025,nuisance_misc,L0,auxiliary_system,1730,1740,1755,1
EAVT-L3-EXPERT-025-N134,EAVT-L3-EXPERT-025,nuisance_misc,L0,auxiliary_system,1765,1775,1780,1
EAVT-L3-EXPERT-025-N135,EAVT-L3-EXPERT-025,nuisance_misc,L0,auxiliary_system,1775,1785,1805,1
EAVT-L3-EXPERT-025-N136,EAVT-L3-EXPERT-025,nuisance_misc,L0,auxiliary_system,1780,1790,1810,1
EAVT-L3-EXPERT-025-N137,EAVT-L3-EXPERT-025,nuisance_misc,L0,auxiliary_system,1785,1795,1805,1
EAVT-L3-EXPERT-025-N138,EAVT-L3-EXPERT-025,nuisance_misc,L0,auxiliary_system,1790,1800,1810,1
EAVT-L3-EXPERT-025-N139,EAVT-L3-EXPERT-025,nuisance_misc,L0,auxiliary_system,1795,1805,1825,1
EAVT-L3-EXPERT-025-N140,EAVT-L3-EXPERT-025,nuisance_misc,L0,auxiliary_system,1800,1810,1830,1
EAVT-L3-EXPERT-025-N141,EAVT-L3-EXPERT-025,nuisance_misc,L0,auxiliary_system,1810,1820,1835,1
EAVT-L3-EXPERT-025-N142,EAVT-L3-EXPERT-025,nuisance_misc,L0,auxiliary_system,1815,1825,1835,1
EAVT-L3-EXPERT-025-N143,EAVT-L3-EXPERT-025,nuisance_misc,L0,auxiliary_system,1825,1835,1855,1
EAVT-L3-EXPERT-025-N144,EAVT-L3-EXPERT-025,nuisance_misc,L0,auxiliary_system,1835,1845,1850,1
EAVT-L3-EXPERT-025-N145,EAVT-L3-EXPERT-025,nuisance_misc,L0,auxiliary_system,1835,1845,1865,1
EAVT-L3-EXPERT-025-N146,EAVT-L3-EXPERT-025,nuisance_misc,L0,auxiliary_system,1860,1870,1890,1
EAVT-L3-EXPERT-025-N147,EAVT-L3-EXPERT-025,nuisance_misc,L0,auxiliary_system,1865,1875,1880,1
EAVT-L3-EXPERT-025-N148,EAVT-L3-EXPERT-025,nuisance_misc,L0,auxiliary_system,1885,1895,1910,1
EAVT-L3-EXPERT-025-N149,EAVT-L3-EXPERT-025,nuisance_misc,L0,auxiliary_system,1910,1920,1940,1
EAVT-L3-EXPERT-025-N150,EAVT-L3-EXPERT-025,nuisance_misc,L0,auxiliary_system,1945,1955,1965,1
EAVT-L3-EXPERT-025-N151,EAVT-L3-EXPERT-025,nuisance_misc,L0,auxiliary_system,1950,1960,1970,1
EAVT-L3-EXPERT-025-N152,EAVT-L3-EXPERT-025,nuisance_misc,L0,auxiliary_system,1980,1990,2005,1
EAVT-L3-EXPERT-025-N153,EAVT-L3-EXPERT-025,nuisance_misc,L0,auxiliary_system,1985,1995,2015,1
EAVT-L3-EXPERT-025-N154,EAVT-L3-EXPERT-025,nuisance_misc,L0,auxiliary_system,2005,2015,2035,1
EAVT-L3-EXPERT-025-N155,EAVT-L3-EXPERT-025,nuisance_misc,L0,auxiliary_system,2030,2040,2050,1
EAVT-L3-EXPERT-025-N156,EAVT-L3-EXPERT-025,nuisance_misc,L0,auxiliary_system,2040,2050,2055,1
EAVT-L3-EXPERT-025-N157,EAVT-L3-EXPERT-025,nuisance_misc,L0,auxiliary_system,2065,2075,2090,1
EAVT-L3-EXPERT-025-N158,EAVT-L3-EXPERT-025,nuisance_misc,L0,auxiliary_system,2085,2095,2100,1
EAVT-L3-EXPERT-025-N159,EAVT-L3-EXPERT-025,nuisance_misc,L0,auxiliary_system,2095,2105,2110,1
EAVT-L3-EXPERT-025-N160,EAVT-L3-EXPERT-025,nuisance_misc,L0,auxiliary_system,2125,2135,2145,1
EAVT-L3-EXPERT-025-N161,EAVT-L3-EXPERT-025,nuisance_misc,L0,auxiliary_system,2130,2140,2150,1
EAVT-L3-EXPERT-025-N162,EAVT-L3-EXPERT-025,nuisance_misc,L0,auxiliary_system,2135,2145,2155,1
EAVT-L3-EXPERT-025-N163,EAVT-L3-EXPERT-025,nuisance_misc,L0,auxiliary_system,2140,2150,2160,1
EAVT-L3-EXPERT-025-N164,EAVT-L3-EXPERT-025,nuisance_misc,L0,auxiliary_system,2155,2165,2175,1
EAVT-L3-EXPERT-025-N165,EAVT-L3-EXPERT-025,nuisance_misc,L0,auxiliary_system,2170,2180,2200,1
EAVT-L3-EXPERT-025-N166,EAVT-L3-EXPERT-025,nuisance_misc,L0,auxiliary_system,2185,2195,2200,1
EAVT-L3-EXPERT-025-N167,EAVT-L3-EXPERT-025,nuisance_misc,L0,auxiliary_system,2185,2195,2210,1
EAVT-L3-EXPERT-025-N168,EAVT-L3-EXPERT-025,nuisance_misc,L0,auxiliary_system,2185,2195,2215,1
EAVT-L3-EXPERT-025-N169,EAVT-L3-EXPERT-025,nuisance_misc,L0,auxiliary_system,2205,2215,2220,1
EAVT-L3-EXPERT-025-N170,EAVT-L3-EXPERT-025,nuisance_misc,L0,auxiliary_system,2220,2230,2245,1
EAVT-L3-EXPERT-025-N171,EAVT-L3-EXPERT-025,nuisance_misc,L0,auxiliary_system,2250,2260,2275,1
EAVT-L3-EXPERT-025-N172,EAVT-L3-EXPERT-025,nuisance_misc,L0,auxiliary_system,2255,2265,2285,1
EAVT-L3-EXPERT-025-N173,EAVT-L3-EXPERT-025,nuisance_misc,L0,auxiliary_system,2290,2300,2315,1
EAVT-L3-EXPERT-025-N174,EAVT-L3-EXPERT-025,nuisance_misc,L0,auxiliary_system,2300,2310,2315,1
EAVT-L3-EXPERT-025-N175,EAVT-L3-EXPERT-025,nuisance_misc,L0,auxiliary_system,2310,2320,2335,1
EAVT-L3-EXPERT-025-N176,EAVT-L3-EXPERT-025,nuisance_misc,L0,auxiliary_system,2320,2330,2345,1
EAVT-L3-EXPERT-025-N177,EAVT-L3-EXPERT-025,nuisance_misc,L0,auxiliary_system,2345,2355,2360,1
EAVT-L3-EXPERT-025-N178,EAVT-L3-EXPERT-025,nuisance_misc,L0,auxiliary_system,2355,2365,2385,1
EAVT-L3-EXPERT-025-N179,EAVT-L3-EXPERT-025,nuisance_misc,L0,auxiliary_system,2355,2365,2385,1
EAVT-L3-EXPERT-025-N180,EAVT-L3-EXPERT-025,nuisance_misc,L0,auxiliary_system,2360,2370,2385,1
EAVT-L3-EXPERT-025-N181,EAVT-L3-EXPERT-025,nuisance_misc,L0,auxiliary_system,2370,2380,2385,1
EAVT-L3-EXPERT-025-N182,EAVT-L3-EXPERT-025,nuisance_misc,L0,auxiliary_system,2420,2430,2440,1
EAVT-L3-EXPERT-025-N183,EAVT-L3-EXPERT-025,nuisance_misc,L0,auxiliary_system,2435,2445,2455,1
EAVT-L3-EXPERT-025-N184,EAVT-L3-EXPERT-025,nuisance_misc,L0,auxiliary_system,2450,2460,2475,1
EAVT-L3-EXPERT-025-N185,EAVT-L3-EXPERT-025,nuisance_misc,L0,auxiliary_system,2530,2540,2545,1
EAVT-L3-EXPERT-025-N186,EAVT-L3-EXPERT-025,nuisance_misc,L0,auxiliary_system,2530,2540,2545,1
EAVT-L3-EXPERT-025-N187,EAVT-L3-EXPERT-025,nuisance_misc,L0,auxiliary_system,2570,2580,2590,1
EAVT-L3-EXPERT-025-N188,EAVT-L3-EXPERT-025,nuisance_misc,L0,auxiliary_system,2580,2590,2600,1
EAVT-L3-EXPERT-025-N189,EAVT-L3-EXPERT-025,nuisance_misc,L0,auxiliary_system,2595,2605,2625,1
EAVT-L3-EXPERT-025-N190,EAVT-L3-EXPERT-025,nuisance_misc,L0,auxiliary_system,2595,2605,2615,1
EAVT-L3-EXPERT-025-N191,EAVT-L3-EXPERT-025,nuisance_misc,L0,auxiliary_system,2600,2610,2620,1
EAVT-L3-EXPERT-025-N192,EAVT-L3-EXPERT-025,nuisance_misc,L0,auxiliary_system,2615,2625,2635,1
EAVT-L3-EXPERT-025-N193,EAVT-L3-EXPERT-025,nuisance_misc,L0,auxiliary_system,2615,2625,2640,1
EAVT-L3-EXPERT-025-N194,EAVT-L3-EXPERT-025,nuisance_misc,L0,auxiliary_system,2625,2635,2645,1
EAVT-L3-EXPERT-025-N195,EAVT-L3-EXPERT-025,nuisance_misc,L0,auxiliary_system,2625,2635,2655,1
EAVT-L3-EXPERT-025-N196,EAVT-L3-EXPERT-025,nuisance_misc,L0,auxiliary_system,2640,2650,2670,1
EAVT-L3-EXPERT-025-N197,EAVT-L3-EXPERT-025,nuisance_misc,L0,auxiliary_system,2640,2650,2655,1
EAVT-L3-EXPERT-025-N198,EAVT-L3-EXPERT-025,nuisance_misc,L0,auxiliary_system,2690,2700,2710,1
EAVT-L3-EXPERT-025-N199,EAVT-L3-EXPERT-025,nuisance_misc,L0,auxiliary_system,2690,2700,2710,1
EAVT-L3-EXPERT-025-N200,EAVT-L3-EXPERT-025,nuisance_misc,L0,auxiliary_system,2710,2720,2730,1
EAVT-L3-EXPERT-025-N201,EAVT-L3-EXPERT-025,nuisance_misc,L0,auxiliary_system,2735,2745,2750,1
EAVT-L3-EXPERT-025-N202,EAVT-L3-EXPERT-025,nuisance_misc,L0,auxiliary_system,2745,2755,2765,1
EAVT-L3-EXPERT-025-N203,EAVT-L3-EXPERT-025,nuisance_misc,L0,auxiliary_system,2815,2825,2830,1
EAVT-L3-EXPERT-025-N204,EAVT-L3-EXPERT-025,nuisance_misc,L0,auxiliary_system,2820,2830,2845,1
EAVT-L3-EXPERT-025-N205,EAVT-L3-EXPERT-025,nuisance_misc,L0,auxiliary_system,2820,2830,2845,1
EAVT-L3-EXPERT-025-N206,EAVT-L3-EXPERT-025,nuisance_misc,L0,auxiliary_system,2830,2840,2855,1
EAVT-L3-EXPERT-025-N207,EAVT-L3-EXPERT-025,nuisance_misc,L0,auxiliary_system,2840,2850,2860,1
EAVT-L3-EXPERT-025-N208,EAVT-L3-EXPERT-025,nuisance_misc,L0,auxiliary_system,2860,2870,2890,1
EAVT-L3-EXPERT-025-N209,EAVT-L3-EXPERT-025,nuisance_misc,L0,auxiliary_system,2860,2870,2875,1
EAVT-L3-EXPERT-025-N210,EAVT-L3-EXPERT-025,nuisance_misc,L0,auxiliary_system,2885,2895,2905,1
EAVT-L3-EXPERT-025-N211,EAVT-L3-EXPERT-025,nuisance_misc,L0,auxiliary_system,2905,2915,2935,1
EAVT-L3-EXPERT-025-N212,EAVT-L3-EXPERT-025,nuisance_misc,L0,auxiliary_system,2920,2930,2935,1
EAVT-L3-EXPERT-025-N213,EAVT-L3-EXPERT-025,nuisance_misc,L0,auxiliary_system,2930,2940,2955,1
EAVT-L3-EXPERT-025-N214,EAVT-L3-EXPERT-025,nuisance_misc,L0,auxiliary_system,2955,2965,2985,1
EAVT-L3-EXPERT-025-N215,EAVT-L3-EXPERT-025,nuisance_misc,L0,auxiliary_system,3035,3045,3065,1
EAVT-L3-EXPERT-025-N216,EAVT-L3-EXPERT-025,nuisance_misc,L0,auxiliary_system,3035,3045,3060,1
EAVT-L3-EXPERT-025-N217,EAVT-L3-EXPERT-025,nuisance_misc,L0,auxiliary_system,3070,3080,3095,1
EAVT-L3-EXPERT-025-N218,EAVT-L3-EXPERT-025,nuisance_misc,L0,auxiliary_system,3095,3105,3125,1
EAVT-L3-EXPERT-025-N219,EAVT-L3-EXPERT-025,nuisance_misc,L0,auxiliary_system,3105,3115,3125,1
EAVT-L3-EXPERT-025-N220,EAVT-L3-EXPERT-025,nuisance_misc,L0,auxiliary_system,3115,3125,3140,1
EAVT-L3-EXPERT-025-N221,EAVT-L3-EXPERT-025,nuisance_misc,L0,auxiliary_system,3155,3165,3185,1
EAVT-L3-EXPERT-025-N222,EAVT-L3-EXPERT-025,nuisance_misc,L0,auxiliary_system,3170,3180,3200,1
EAVT-L3-EXPERT-025-N223,EAVT-L3-EXPERT-025,nuisance_misc,L0,auxiliary_system,3195,3205,3225,1
EAVT-L3-EXPERT-025-N224,EAVT-L3-EXPERT-025,nuisance_misc,L0,auxiliary_system,3245,3255,3260,1
EAVT-L3-EXPERT-025-N225,EAVT-L3-EXPERT-025,nuisance_misc,L0,auxiliary_system,3270,3280,3295,1
EAVT-L3-EXPERT-025-N226,EAVT-L3-EXPERT-025,nuisance_misc,L0,auxiliary_system,3290,3300,3320,1
EAVT-L3-EXPERT-025-N227,EAVT-L3-EXPERT-025,nuisance_misc,L0,auxiliary_system,3295,3305,3325,1
EAVT-L3-EXPERT-025-N228,EAVT-L3-EXPERT-025,nuisance_misc,L0,auxiliary_system,3300,3310,3325,1
EAVT-L3-EXPERT-025-N229,EAVT-L3-EXPERT-025,nuisance_misc,L0,auxiliary_system,3305,3315,3330,1
EAVT-L3-EXPERT-025-N230,EAVT-L3-EXPERT-025,nuisance_misc,L0,auxiliary_system,3325,3335,3355,1
EAVT-L3-EXPERT-025-N231,EAVT-L3-EXPERT-025,nuisance_misc,L0,auxiliary_system,3345,3355,3370,1
EAVT-L3-EXPERT-025-N232,EAVT-L3-EXPERT-025,nuisance_misc,L0,auxiliary_system,3350,3360,3365,1
EAVT-L3-EXPERT-025-N233,EAVT-L3-EXPERT-025,nuisance_misc,L0,auxiliary_system,3365,3375,3385,1
EAVT-L3-EXPERT-025-N234,EAVT-L3-EXPERT-025,nuisance_misc,L0,auxiliary_system,3380,3390,3400,1
EAVT-L3-EXPERT-025-N235,EAVT-L3-EXPERT-025,nuisance_misc,L0,auxiliary_system,3400,3410,3420,1
EAVT-L3-EXPERT-025-N236,EAVT-L3-EXPERT-025,nuisance_misc,L0,auxiliary_system,3405,3415,3435,1
EAVT-L3-EXPERT-025-N237,EAVT-L3-EXPERT-025,nuisance_misc,L0,auxiliary_system,3435,3445,3460,1
EAVT-L3-EXPERT-025-N238,EAVT-L3-EXPERT-025,nuisance_misc,L0,auxiliary_system,3445,3455,3465,1
EAVT-L3-EXPERT-025-N239,EAVT-L3-EXPERT-025,nuisance_misc,L0,auxiliary_system,3450,3460,3475,1
EAVT-L3-EXPERT-025-N240,EAVT-L3-EXPERT-025,nuisance_misc,L0,auxiliary_system,3465,3475,3480,1
EAVT-L3-EXPERT-025-N241,EAVT-L3-EXPERT-025,nuisance_misc,L0,auxiliary_system,3475,3485,3505,1
EAVT-L3-EXPERT-025-N242,EAVT-L3-EXPERT-025,nuisance_misc,L0,auxiliary_system,3480,3490,3505,1
EAVT-L3-EXPERT-025-N243,EAVT-L3-EXPERT-025,nuisance_misc,L0,auxiliary_system,3480,3490,3505,1
EAVT-L3-EXPERT-025-N244,EAVT-L3-EXPERT-025,nuisance_misc,L0,auxiliary_system,3490,3500,3510,1
EAVT-L3-EXPERT-025-N245,EAVT-L3-EXPERT-025,nuisance_misc,L0,auxiliary_system,3510,3520,3535,1
EAVT-L3-EXPERT-025-N246,EAVT-L3-EXPERT-025,nuisance_misc,L0,auxiliary_system,3535,3545,3565,1
EAVT-L3-EXPERT-025-N247,EAVT-L3-EXPERT-025,nuisance_misc,L0,auxiliary_system,3535,3545,3555,1
EAVT-L3-EXPERT-025-N248,EAVT-L3-EXPERT-025,nuisance_misc,L0,auxiliary_system,3565,3575,3585,1
EAVT-L3-EXPERT-025-N249,EAVT-L3-EXPERT-025,nuisance_misc,L0,auxiliary_system,3575,3585,3605,1
EAVT-L3-EXPERT-025-N250,EAVT-L3-EXPERT-025,nuisance_misc,L0,auxiliary_system,3580,3590,3600,1
EAVT-L3-EXPERT-025-N251,EAVT-L3-EXPERT-025,nuisance_misc,L0,auxiliary_system,3595,3605,3620,1
EAVT-L3-EXPERT-025-N252,EAVT-L3-EXPERT-025,nuisance_misc,L0,auxiliary_system,3620,3630,3635,1
EAVT-L3-EXPERT-025-N253,EAVT-L3-EXPERT-025,nuisance_misc,L0,auxiliary_system,3635,3645,3650,1
EAVT-L3-EXPERT-025-N254,EAVT-L3-EXPERT-025,nuisance_misc,L0,auxiliary_system,3650,3660,3675,1
EAVT-L3-EXPERT-025-N255,EAVT-L3-EXPERT-025,nuisance_misc,L0,auxiliary_system,3685,3695,3700,1
EAVT-L3-EXPERT-025-N256,EAVT-L3-EXPERT-025,nuisance_misc,L0,auxiliary_system,3685,3695,3705,1
EAVT-L3-EXPERT-025-N257,EAVT-L3-EXPERT-025,nuisance_misc,L0,auxiliary_system,3685,3695,3700,1
EAVT-L3-EXPERT-025-N258,EAVT-L3-EXPERT-025,nuisance_misc,L0,auxiliary_system,3710,3720,3740,1
EAVT-L3-EXPERT-025-N259,EAVT-L3-EXPERT-025,nuisance_misc,L0,auxiliary_system,3730,3740,3760,1
EAVT-L3-EXPERT-025-N260,EAVT-L3-EXPERT-025,nuisance_misc,L0,auxiliary_system,3730,3740,3755,1
EAVT-L3-EXPERT-025-N261,EAVT-L3-EXPERT-025,nuisance_misc,L0,auxiliary_system,3735,3745,3760,1
EAVT-L3-EXPERT-025-N262,EAVT-L3-EXPERT-025,nuisance_misc,L0,auxiliary_system,3745,3755,3775,1
EAVT-L3-EXPERT-025-N263,EAVT-L3-EXPERT-025,nuisance_misc,L0,auxiliary_system,3745,3755,3760,1
EAVT-L3-EXPERT-025-N264,EAVT-L3-EXPERT-025,nuisance_misc,L0,auxiliary_system,3750,3760,3780,1
EAVT-L3-EXPERT-025-N265,EAVT-L3-EXPERT-025,nuisance_misc,L0,auxiliary_system,3785,3795,3810,1
EAVT-L3-EXPERT-025-N266,EAVT-L3-EXPERT-025,nuisance_misc,L0,auxiliary_system,3820,3830,3840,1
EAVT-L3-EXPERT-025-N267,EAVT-L3-EXPERT-025,nuisance_misc,L0,auxiliary_system,3825,3835,3840,1
EAVT-L3-EXPERT-025-N268,EAVT-L3-EXPERT-025,nuisance_misc,L0,auxiliary_system,3840,3850,3860,1
EAVT-L3-EXPERT-025-N269,EAVT-L3-EXPERT-025,nuisance_misc,L0,auxiliary_system,3845,3855,3865,1
EAVT-L3-EXPERT-025-N270,EAVT-L3-EXPERT-025,nuisance_misc,L0,auxiliary_system,3865,3875,3880,1
EAVT-L3-EXPERT-025-N271,EAVT-L3-EXPERT-025,nuisance_misc,L0,auxiliary_system,3885,3895,3900,1
EAVT-L3-EXPERT-025-S01,EAVT-L3-EXPERT-025,flow_deviation_branch,L1,feed_branch_2,3210,3250,3470,0
EAVT-L3-EXPERT-025-S02,EAVT-L3-EXPERT-025,t11_temperature_deviation,L3,T-1...T-11,3220,3250,3450,0
EAVT-L3-EXPERT-025-S03,EAVT-L3-EXPERT-025,feed_flow_imbalance,L2,feed_system,3230,3250,3430,0
EAVT-L3-EXPERT-025-S04,EAVT-L3-EXPERT-025,elou_load_imbalance,L4,ELOU,3270,3275,3330,0
EAVT-L3-EXPERT-025-S05,EAVT-L3-EXPERT-025,elou_load_imbalance,L4,ELOU,3335,3340,3340,0
EAVT-L3-EXPERT-026-N001,EAVT-L3-EXPERT-026,nuisance_misc,L0,auxiliary_system,30,40,55,1
EAVT-L3-EXPERT-026-N002,EAVT-L3-EXPERT-026,nuisance_misc,L0,auxiliary_system,50,60,75,1
EAVT-L3-EXPERT-026-N003,EAVT-L3-EXPERT-026,nuisance_misc,L0,auxiliary_system,55,65,75,1
EAVT-L3-EXPERT-026-N004,EAVT-L3-EXPERT-026,nuisance_misc,L0,auxiliary_system,60,70,85,1
EAVT-L3-EXPERT-026-N005,EAVT-L3-EXPERT-026,nuisance_misc,L0,auxiliary_system,80,90,95,1
EAVT-L3-EXPERT-026-N006,EAVT-L3-EXPERT-026,nuisance_misc,L0,auxiliary_system,85,95,105,1
EAVT-L3-EXPERT-026-N007,EAVT-L3-EXPERT-026,nuisance_misc,L0,auxiliary_system,90,100,105,1
EAVT-L3-EXPERT-026-N008,EAVT-L3-EXPERT-026,nuisance_misc,L0,auxiliary_system,160,170,180,1
EAVT-L3-EXPERT-026-N009,EAVT-L3-EXPERT-026,nuisance_misc,L0,auxiliary_system,160,170,175,1
EAVT-L3-EXPERT-026-N010,EAVT-L3-EXPERT-026,nuisance_misc,L0,auxiliary_system,205,215,220,1
EAVT-L3-EXPERT-026-N011,EAVT-L3-EXPERT-026,nuisance_misc,L0,auxiliary_system,205,215,235,1
EAVT-L3-EXPERT-026-N012,EAVT-L3-EXPERT-026,nuisance_misc,L0,auxiliary_system,225,235,240,1
EAVT-L3-EXPERT-026-N013,EAVT-L3-EXPERT-026,nuisance_misc,L0,auxiliary_system,235,245,255,1
EAVT-L3-EXPERT-026-N014,EAVT-L3-EXPERT-026,nuisance_misc,L0,auxiliary_system,245,255,275,1
EAVT-L3-EXPERT-026-N015,EAVT-L3-EXPERT-026,nuisance_misc,L0,auxiliary_system,250,260,275,1
EAVT-L3-EXPERT-026-N016,EAVT-L3-EXPERT-026,nuisance_misc,L0,auxiliary_system,255,265,280,1
EAVT-L3-EXPERT-026-N017,EAVT-L3-EXPERT-026,nuisance_misc,L0,auxiliary_system,280,290,300,1
EAVT-L3-EXPERT-026-N018,EAVT-L3-EXPERT-026,nuisance_misc,L0,auxiliary_system,290,300,305,1
EAVT-L3-EXPERT-026-N019,EAVT-L3-EXPERT-026,nuisance_misc,L0,auxiliary_system,330,340,345,1
EAVT-L3-EXPERT-026-N020,EAVT-L3-EXPERT-026,nuisance_misc,L0,auxiliary_system,335,345,355,1
EAVT-L3-EXPERT-026-N021,EAVT-L3-EXPERT-026,nuisance_misc,L0,auxiliary_system,350,360,370,1
EAVT-L3-EXPERT-026-N022,EAVT-L3-EXPERT-026,nuisance_misc,L0,auxiliary_system,355,365,380,1
EAVT-L3-EXPERT-026-N023,EAVT-L3-EXPERT-026,nuisance_misc,L0,auxiliary_system,360,370,385,1
EAVT-L3-EXPERT-026-N024,EAVT-L3-EXPERT-026,nuisance_misc,L0,auxiliary_system,385,395,415,1
EAVT-L3-EXPERT-026-N025,EAVT-L3-EXPERT-026,nuisance_misc,L0,auxiliary_system,385,395,400,1
EAVT-L3-EXPERT-026-N026,EAVT-L3-EXPERT-026,nuisance_misc,L0,auxiliary_system,405,415,430,1
EAVT-L3-EXPERT-026-N027,EAVT-L3-EXPERT-026,nuisance_misc,L0,auxiliary_system,405,415,420,1
EAVT-L3-EXPERT-026-N028,EAVT-L3-EXPERT-026,nuisance_misc,L0,auxiliary_system,420,430,435,1
EAVT-L3-EXPERT-026-N029,EAVT-L3-EXPERT-026,nuisance_misc,L0,auxiliary_system,485,495,505,1
EAVT-L3-EXPERT-026-N030,EAVT-L3-EXPERT-026,nuisance_misc,L0,auxiliary_system,500,510,525,1
EAVT-L3-EXPERT-026-N031,EAVT-L3-EXPERT-026,nuisance_misc,L0,auxiliary_system,525,535,545,1
EAVT-L3-EXPERT-026-N032,EAVT-L3-EXPERT-026,nuisance_misc,L0,auxiliary_system,540,550,560,1
EAVT-L3-EXPERT-026-N033,EAVT-L3-EXPERT-026,nuisance_misc,L0,auxiliary_system,555,565,580,1
EAVT-L3-EXPERT-026-N034,EAVT-L3-EXPERT-026,nuisance_misc,L0,auxiliary_system,555,565,580,1
EAVT-L3-EXPERT-026-N035,EAVT-L3-EXPERT-026,nuisance_misc,L0,auxiliary_system,565,575,590,1
EAVT-L3-EXPERT-026-N036,EAVT-L3-EXPERT-026,nuisance_misc,L0,auxiliary_system,565,575,595,1
EAVT-L3-EXPERT-026-N037,EAVT-L3-EXPERT-026,nuisance_misc,L0,auxiliary_system,565,575,580,1
EAVT-L3-EXPERT-026-N038,EAVT-L3-EXPERT-026,nuisance_misc,L0,auxiliary_system,580,590,595,1
EAVT-L3-EXPERT-026-N039,EAVT-L3-EXPERT-026,nuisance_misc,L0,auxiliary_system,595,605,625,1
EAVT-L3-EXPERT-026-N040,EAVT-L3-EXPERT-026,nuisance_misc,L0,auxiliary_system,595,605,610,1
EAVT-L3-EXPERT-026-N041,EAVT-L3-EXPERT-026,nuisance_misc,L0,auxiliary_system,605,615,630,1
EAVT-L3-EXPERT-026-N042,EAVT-L3-EXPERT-026,nuisance_misc,L0,auxiliary_system,610,620,635,1
EAVT-L3-EXPERT-026-N043,EAVT-L3-EXPERT-026,nuisance_misc,L0,auxiliary_system,615,625,645,1
EAVT-L3-EXPERT-026-N044,EAVT-L3-EXPERT-026,nuisance_misc,L0,auxiliary_system,620,630,650,1
EAVT-L3-EXPERT-026-N045,EAVT-L3-EXPERT-026,nuisance_misc,L0,auxiliary_system,625,635,650,1
EAVT-L3-EXPERT-026-N046,EAVT-L3-EXPERT-026,nuisance_misc,L0,auxiliary_system,640,650,670,1
EAVT-L3-EXPERT-026-N047,EAVT-L3-EXPERT-026,nuisance_misc,L0,auxiliary_system,655,665,680,1
EAVT-L3-EXPERT-026-N048,EAVT-L3-EXPERT-026,nuisance_misc,L0,auxiliary_system,655,665,675,1
EAVT-L3-EXPERT-026-N049,EAVT-L3-EXPERT-026,nuisance_misc,L0,auxiliary_system,660,670,690,1
EAVT-L3-EXPERT-026-N050,EAVT-L3-EXPERT-026,nuisance_misc,L0,auxiliary_system,665,675,690,1
EAVT-L3-EXPERT-026-N051,EAVT-L3-EXPERT-026,nuisance_misc,L0,auxiliary_system,675,685,705,1
EAVT-L3-EXPERT-026-N052,EAVT-L3-EXPERT-026,nuisance_misc,L0,auxiliary_system,690,700,720,1
EAVT-L3-EXPERT-026-N053,EAVT-L3-EXPERT-026,nuisance_misc,L0,auxiliary_system,705,715,725,1
EAVT-L3-EXPERT-026-N054,EAVT-L3-EXPERT-026,nuisance_misc,L0,auxiliary_system,710,720,735,1
EAVT-L3-EXPERT-026-N055,EAVT-L3-EXPERT-026,nuisance_misc,L0,auxiliary_system,710,720,730,1
EAVT-L3-EXPERT-026-N056,EAVT-L3-EXPERT-026,nuisance_misc,L0,auxiliary_system,715,725,740,1
EAVT-L3-EXPERT-026-N057,EAVT-L3-EXPERT-026,nuisance_misc,L0,auxiliary_system,720,730,750,1
EAVT-L3-EXPERT-026-N058,EAVT-L3-EXPERT-026,nuisance_misc,L0,auxiliary_system,720,730,735,1
EAVT-L3-EXPERT-026-N059,EAVT-L3-EXPERT-026,nuisance_misc,L0,auxiliary_system,745,755,765,1
EAVT-L3-EXPERT-026-N060,EAVT-L3-EXPERT-026,nuisance_misc,L0,auxiliary_system,760,770,790,1
EAVT-L3-EXPERT-026-N061,EAVT-L3-EXPERT-026,nuisance_misc,L0,auxiliary_system,795,805,825,1
EAVT-L3-EXPERT-026-N062,EAVT-L3-EXPERT-026,nuisance_misc,L0,auxiliary_system,830,840,855,1
EAVT-L3-EXPERT-026-N063,EAVT-L3-EXPERT-026,nuisance_misc,L0,auxiliary_system,835,845,865,1
EAVT-L3-EXPERT-026-N064,EAVT-L3-EXPERT-026,nuisance_misc,L0,auxiliary_system,840,850,865,1
EAVT-L3-EXPERT-026-N065,EAVT-L3-EXPERT-026,nuisance_misc,L0,auxiliary_system,860,870,880,1
EAVT-L3-EXPERT-026-N066,EAVT-L3-EXPERT-026,nuisance_misc,L0,auxiliary_system,870,880,885,1
EAVT-L3-EXPERT-026-N067,EAVT-L3-EXPERT-026,nuisance_misc,L0,auxiliary_system,870,880,885,1
EAVT-L3-EXPERT-026-N068,EAVT-L3-EXPERT-026,nuisance_misc,L0,auxiliary_system,880,890,910,1
EAVT-L3-EXPERT-026-N069,EAVT-L3-EXPERT-026,nuisance_misc,L0,auxiliary_system,885,895,915,1
EAVT-L3-EXPERT-026-N070,EAVT-L3-EXPERT-026,nuisance_misc,L0,auxiliary_system,890,900,910,1
EAVT-L3-EXPERT-026-N071,EAVT-L3-EXPERT-026,nuisance_misc,L0,auxiliary_system,935,945,960,1
EAVT-L3-EXPERT-026-N072,EAVT-L3-EXPERT-026,nuisance_misc,L0,auxiliary_system,950,960,975,1
EAVT-L3-EXPERT-026-N073,EAVT-L3-EXPERT-026,nuisance_misc,L0,auxiliary_system,975,985,990,1
EAVT-L3-EXPERT-026-N074,EAVT-L3-EXPERT-026,nuisance_misc,L0,auxiliary_system,1015,1025,1040,1
EAVT-L3-EXPERT-026-N075,EAVT-L3-EXPERT-026,nuisance_misc,L0,auxiliary_system,1040,1050,1055,1
EAVT-L3-EXPERT-026-N076,EAVT-L3-EXPERT-026,nuisance_misc,L0,auxiliary_system,1045,1055,1075,1
EAVT-L3-EXPERT-026-N077,EAVT-L3-EXPERT-026,nuisance_misc,L0,auxiliary_system,1050,1060,1065,1
EAVT-L3-EXPERT-026-N078,EAVT-L3-EXPERT-026,nuisance_misc,L0,auxiliary_system,1055,1065,1075,1
EAVT-L3-EXPERT-026-N079,EAVT-L3-EXPERT-026,nuisance_misc,L0,auxiliary_system,1055,1065,1075,1
EAVT-L3-EXPERT-026-N080,EAVT-L3-EXPERT-026,nuisance_misc,L0,auxiliary_system,1065,1075,1080,1
EAVT-L3-EXPERT-026-N081,EAVT-L3-EXPERT-026,nuisance_misc,L0,auxiliary_system,1075,1085,1095,1
EAVT-L3-EXPERT-026-N082,EAVT-L3-EXPERT-026,nuisance_misc,L0,auxiliary_system,1080,1090,1100,1
EAVT-L3-EXPERT-026-N083,EAVT-L3-EXPERT-026,nuisance_misc,L0,auxiliary_system,1090,1100,1105,1
EAVT-L3-EXPERT-026-N084,EAVT-L3-EXPERT-026,nuisance_misc,L0,auxiliary_system,1100,1110,1115,1
EAVT-L3-EXPERT-026-N085,EAVT-L3-EXPERT-026,nuisance_misc,L0,auxiliary_system,1135,1145,1160,1
EAVT-L3-EXPERT-026-N086,EAVT-L3-EXPERT-026,nuisance_misc,L0,auxiliary_system,1150,1160,1165,1
EAVT-L3-EXPERT-026-N087,EAVT-L3-EXPERT-026,nuisance_misc,L0,auxiliary_system,1180,1190,1210,1
EAVT-L3-EXPERT-026-N088,EAVT-L3-EXPERT-026,nuisance_misc,L0,auxiliary_system,1180,1190,1210,1
EAVT-L3-EXPERT-026-N089,EAVT-L3-EXPERT-026,nuisance_misc,L0,auxiliary_system,1200,1210,1230,1
EAVT-L3-EXPERT-026-N090,EAVT-L3-EXPERT-026,nuisance_misc,L0,auxiliary_system,1200,1210,1230,1
EAVT-L3-EXPERT-026-N091,EAVT-L3-EXPERT-026,nuisance_misc,L0,auxiliary_system,1235,1245,1250,1
EAVT-L3-EXPERT-026-N092,EAVT-L3-EXPERT-026,nuisance_misc,L0,auxiliary_system,1285,1295,1305,1
EAVT-L3-EXPERT-026-N093,EAVT-L3-EXPERT-026,nuisance_misc,L0,auxiliary_system,1290,1300,1315,1
EAVT-L3-EXPERT-026-N094,EAVT-L3-EXPERT-026,nuisance_misc,L0,auxiliary_system,1295,1305,1310,1
EAVT-L3-EXPERT-026-N095,EAVT-L3-EXPERT-026,nuisance_misc,L0,auxiliary_system,1300,1310,1320,1
EAVT-L3-EXPERT-026-N096,EAVT-L3-EXPERT-026,nuisance_misc,L0,auxiliary_system,1300,1310,1320,1
EAVT-L3-EXPERT-026-N097,EAVT-L3-EXPERT-026,nuisance_misc,L0,auxiliary_system,1340,1350,1370,1
EAVT-L3-EXPERT-026-N098,EAVT-L3-EXPERT-026,nuisance_misc,L0,auxiliary_system,1340,1350,1365,1
EAVT-L3-EXPERT-026-N099,EAVT-L3-EXPERT-026,nuisance_misc,L0,auxiliary_system,1345,1355,1370,1
EAVT-L3-EXPERT-026-N100,EAVT-L3-EXPERT-026,nuisance_misc,L0,auxiliary_system,1345,1355,1375,1
EAVT-L3-EXPERT-026-N101,EAVT-L3-EXPERT-026,nuisance_misc,L0,auxiliary_system,1350,1360,1380,1
EAVT-L3-EXPERT-026-N102,EAVT-L3-EXPERT-026,nuisance_misc,L0,auxiliary_system,1360,1370,1390,1
EAVT-L3-EXPERT-026-N103,EAVT-L3-EXPERT-026,nuisance_misc,L0,auxiliary_system,1400,1410,1420,1
EAVT-L3-EXPERT-026-N104,EAVT-L3-EXPERT-026,nuisance_misc,L0,auxiliary_system,1400,1410,1420,1
EAVT-L3-EXPERT-026-N105,EAVT-L3-EXPERT-026,nuisance_misc,L0,auxiliary_system,1400,1410,1420,1
EAVT-L3-EXPERT-026-N106,EAVT-L3-EXPERT-026,nuisance_misc,L0,auxiliary_system,1410,1420,1425,1
EAVT-L3-EXPERT-026-N107,EAVT-L3-EXPERT-026,nuisance_misc,L0,auxiliary_system,1410,1420,1440,1
EAVT-L3-EXPERT-026-N108,EAVT-L3-EXPERT-026,nuisance_misc,L0,auxiliary_system,1415,1425,1435,1
EAVT-L3-EXPERT-026-N109,EAVT-L3-EXPERT-026,nuisance_misc,L0,auxiliary_system,1415,1425,1430,1
EAVT-L3-EXPERT-026-N110,EAVT-L3-EXPERT-026,nuisance_misc,L0,auxiliary_system,1430,1440,1445,1
EAVT-L3-EXPERT-026-N111,EAVT-L3-EXPERT-026,nuisance_misc,L0,auxiliary_system,1430,1440,1460,1
EAVT-L3-EXPERT-026-N112,EAVT-L3-EXPERT-026,nuisance_misc,L0,auxiliary_system,1435,1445,1450,1
EAVT-L3-EXPERT-026-N113,EAVT-L3-EXPERT-026,nuisance_misc,L0,auxiliary_system,1485,1495,1510,1
EAVT-L3-EXPERT-026-N114,EAVT-L3-EXPERT-026,nuisance_misc,L0,auxiliary_system,1515,1525,1545,1
EAVT-L3-EXPERT-026-N115,EAVT-L3-EXPERT-026,nuisance_misc,L0,auxiliary_system,1515,1525,1530,1
EAVT-L3-EXPERT-026-N116,EAVT-L3-EXPERT-026,nuisance_misc,L0,auxiliary_system,1545,1555,1565,1
EAVT-L3-EXPERT-026-N117,EAVT-L3-EXPERT-026,nuisance_misc,L0,auxiliary_system,1575,1585,1595,1
EAVT-L3-EXPERT-026-N118,EAVT-L3-EXPERT-026,nuisance_misc,L0,auxiliary_system,1580,1590,1605,1
EAVT-L3-EXPERT-026-N119,EAVT-L3-EXPERT-026,nuisance_misc,L0,auxiliary_system,1585,1595,1615,1
EAVT-L3-EXPERT-026-N120,EAVT-L3-EXPERT-026,nuisance_misc,L0,auxiliary_system,1595,1605,1625,1
EAVT-L3-EXPERT-026-N121,EAVT-L3-EXPERT-026,nuisance_misc,L0,auxiliary_system,1600,1610,1620,1
EAVT-L3-EXPERT-026-N122,EAVT-L3-EXPERT-026,nuisance_misc,L0,auxiliary_system,1605,1615,1635,1
EAVT-L3-EXPERT-026-N123,EAVT-L3-EXPERT-026,nuisance_misc,L0,auxiliary_system,1630,1640,1660,1
EAVT-L3-EXPERT-026-N124,EAVT-L3-EXPERT-026,nuisance_misc,L0,auxiliary_system,1630,1640,1650,1
EAVT-L3-EXPERT-026-N125,EAVT-L3-EXPERT-026,nuisance_misc,L0,auxiliary_system,1630,1640,1660,1
EAVT-L3-EXPERT-026-N126,EAVT-L3-EXPERT-026,nuisance_misc,L0,auxiliary_system,1630,1640,1650,1
EAVT-L3-EXPERT-026-N127,EAVT-L3-EXPERT-026,nuisance_misc,L0,auxiliary_system,1700,1710,1730,1
EAVT-L3-EXPERT-026-N128,EAVT-L3-EXPERT-026,nuisance_misc,L0,auxiliary_system,1725,1735,1745,1
EAVT-L3-EXPERT-026-N129,EAVT-L3-EXPERT-026,nuisance_misc,L0,auxiliary_system,1735,1745,1750,1
EAVT-L3-EXPERT-026-N130,EAVT-L3-EXPERT-026,nuisance_misc,L0,auxiliary_system,1735,1745,1750,1
EAVT-L3-EXPERT-026-N131,EAVT-L3-EXPERT-026,nuisance_misc,L0,auxiliary_system,1745,1755,1765,1
EAVT-L3-EXPERT-026-N132,EAVT-L3-EXPERT-026,nuisance_misc,L0,auxiliary_system,1745,1755,1760,1
EAVT-L3-EXPERT-026-N133,EAVT-L3-EXPERT-026,nuisance_misc,L0,auxiliary_system,1765,1775,1795,1
EAVT-L3-EXPERT-026-N134,EAVT-L3-EXPERT-026,nuisance_misc,L0,auxiliary_system,1775,1785,1795,1
EAVT-L3-EXPERT-026-N135,EAVT-L3-EXPERT-026,nuisance_misc,L0,auxiliary_system,1780,1790,1810,1
EAVT-L3-EXPERT-026-N136,EAVT-L3-EXPERT-026,nuisance_misc,L0,auxiliary_system,1780,1790,1795,1
EAVT-L3-EXPERT-026-N137,EAVT-L3-EXPERT-026,nuisance_misc,L0,auxiliary_system,1805,1815,1835,1
EAVT-L3-EXPERT-026-N138,EAVT-L3-EXPERT-026,nuisance_misc,L0,auxiliary_system,1880,1890,1905,1
EAVT-L3-EXPERT-026-N139,EAVT-L3-EXPERT-026,nuisance_misc,L0,auxiliary_system,1910,1920,1940,1
EAVT-L3-EXPERT-026-N140,EAVT-L3-EXPERT-026,nuisance_misc,L0,auxiliary_system,1920,1930,1945,1
EAVT-L3-EXPERT-026-N141,EAVT-L3-EXPERT-026,nuisance_misc,L0,auxiliary_system,1940,1950,1955,1
EAVT-L3-EXPERT-026-N142,EAVT-L3-EXPERT-026,nuisance_misc,L0,auxiliary_system,1980,1990,2000,1
EAVT-L3-EXPERT-026-N143,EAVT-L3-EXPERT-026,nuisance_misc,L0,auxiliary_system,2005,2015,2025,1
EAVT-L3-EXPERT-026-N144,EAVT-L3-EXPERT-026,nuisance_misc,L0,auxiliary_system,2010,2020,2035,1
EAVT-L3-EXPERT-026-N145,EAVT-L3-EXPERT-026,nuisance_misc,L0,auxiliary_system,2010,2020,2030,1
EAVT-L3-EXPERT-026-N146,EAVT-L3-EXPERT-026,nuisance_misc,L0,auxiliary_system,2020,2030,2040,1
EAVT-L3-EXPERT-026-N147,EAVT-L3-EXPERT-026,nuisance_misc,L0,auxiliary_system,2025,2035,2045,1
EAVT-L3-EXPERT-026-N148,EAVT-L3-EXPERT-026,nuisance_misc,L0,auxiliary_system,2025,2035,2055,1
EAVT-L3-EXPERT-026-N149,EAVT-L3-EXPERT-026,nuisance_misc,L0,auxiliary_system,2025,2035,2055,1
EAVT-L3-EXPERT-026-N150,EAVT-L3-EXPERT-026,nuisance_misc,L0,auxiliary_system,2080,2090,2095,1
EAVT-L3-EXPERT-026-N151,EAVT-L3-EXPERT-026,nuisance_misc,L0,auxiliary_system,2090,2100,2105,1
EAVT-L3-EXPERT-026-N152,EAVT-L3-EXPERT-026,nuisance_misc,L0,auxiliary_system,2100,2110,2130,1
EAVT-L3-EXPERT-026-N153,EAVT-L3-EXPERT-026,nuisance_misc,L0,auxiliary_system,2110,2120,2140,1
EAVT-L3-EXPERT-026-N154,EAVT-L3-EXPERT-026,nuisance_misc,L0,auxiliary_system,2125,2135,2140,1
EAVT-L3-EXPERT-026-N155,EAVT-L3-EXPERT-026,nuisance_misc,L0,auxiliary_system,2130,2140,2160,1
EAVT-L3-EXPERT-026-N156,EAVT-L3-EXPERT-026,nuisance_misc,L0,auxiliary_system,2150,2160,2165,1
EAVT-L3-EXPERT-026-N157,EAVT-L3-EXPERT-026,nuisance_misc,L0,auxiliary_system,2155,2165,2170,1
EAVT-L3-EXPERT-026-N158,EAVT-L3-EXPERT-026,nuisance_misc,L0,auxiliary_system,2155,2165,2175,1
EAVT-L3-EXPERT-026-N159,EAVT-L3-EXPERT-026,nuisance_misc,L0,auxiliary_system,2200,2210,2225,1
EAVT-L3-EXPERT-026-N160,EAVT-L3-EXPERT-026,nuisance_misc,L0,auxiliary_system,2205,2215,2220,1
EAVT-L3-EXPERT-026-N161,EAVT-L3-EXPERT-026,nuisance_misc,L0,auxiliary_system,2270,2280,2285,1
EAVT-L3-EXPERT-026-N162,EAVT-L3-EXPERT-026,nuisance_misc,L0,auxiliary_system,2270,2280,2285,1
EAVT-L3-EXPERT-026-N163,EAVT-L3-EXPERT-026,nuisance_misc,L0,auxiliary_system,2275,2285,2300,1
EAVT-L3-EXPERT-026-N164,EAVT-L3-EXPERT-026,nuisance_misc,L0,auxiliary_system,2290,2300,2315,1
EAVT-L3-EXPERT-026-N165,EAVT-L3-EXPERT-026,nuisance_misc,L0,auxiliary_system,2300,2310,2320,1
EAVT-L3-EXPERT-026-N166,EAVT-L3-EXPERT-026,nuisance_misc,L0,auxiliary_system,2300,2310,2315,1
EAVT-L3-EXPERT-026-N167,EAVT-L3-EXPERT-026,nuisance_misc,L0,auxiliary_system,2325,2335,2350,1
EAVT-L3-EXPERT-026-N168,EAVT-L3-EXPERT-026,nuisance_misc,L0,auxiliary_system,2330,2340,2350,1
EAVT-L3-EXPERT-026-N169,EAVT-L3-EXPERT-026,nuisance_misc,L0,auxiliary_system,2340,2350,2370,1
EAVT-L3-EXPERT-026-N170,EAVT-L3-EXPERT-026,nuisance_misc,L0,auxiliary_system,2345,2355,2370,1
EAVT-L3-EXPERT-026-N171,EAVT-L3-EXPERT-026,nuisance_misc,L0,auxiliary_system,2350,2360,2375,1
EAVT-L3-EXPERT-026-N172,EAVT-L3-EXPERT-026,nuisance_misc,L0,auxiliary_system,2395,2405,2410,1
EAVT-L3-EXPERT-026-N173,EAVT-L3-EXPERT-026,nuisance_misc,L0,auxiliary_system,2400,2410,2430,1
EAVT-L3-EXPERT-026-N174,EAVT-L3-EXPERT-026,nuisance_misc,L0,auxiliary_system,2405,2415,2425,1
EAVT-L3-EXPERT-026-N175,EAVT-L3-EXPERT-026,nuisance_misc,L0,auxiliary_system,2415,2425,2445,1
EAVT-L3-EXPERT-026-N176,EAVT-L3-EXPERT-026,nuisance_misc,L0,auxiliary_system,2450,2460,2465,1
EAVT-L3-EXPERT-026-N177,EAVT-L3-EXPERT-026,nuisance_misc,L0,auxiliary_system,2480,2490,2510,1
EAVT-L3-EXPERT-026-N178,EAVT-L3-EXPERT-026,nuisance_misc,L0,auxiliary_system,2480,2490,2505,1
EAVT-L3-EXPERT-026-N179,EAVT-L3-EXPERT-026,nuisance_misc,L0,auxiliary_system,2480,2490,2505,1
EAVT-L3-EXPERT-026-N180,EAVT-L3-EXPERT-026,nuisance_misc,L0,auxiliary_system,2480,2490,2505,1
EAVT-L3-EXPERT-026-N181,EAVT-L3-EXPERT-026,nuisance_misc,L0,auxiliary_system,2485,2495,2500,1
EAVT-L3-EXPERT-026-N182,EAVT-L3-EXPERT-026,nuisance_misc,L0,auxiliary_system,2485,2495,2505,1
EAVT-L3-EXPERT-026-N183,EAVT-L3-EXPERT-026,nuisance_misc,L0,auxiliary_system,2505,2515,2525,1
EAVT-L3-EXPERT-026-N184,EAVT-L3-EXPERT-026,nuisance_misc,L0,auxiliary_system,2530,2540,2560,1
EAVT-L3-EXPERT-026-N185,EAVT-L3-EXPERT-026,nuisance_misc,L0,auxiliary_system,2550,2560,2575,1
EAVT-L3-EXPERT-026-N186,EAVT-L3-EXPERT-026,nuisance_misc,L0,auxiliary_system,2560,2570,2585,1
EAVT-L3-EXPERT-026-N187,EAVT-L3-EXPERT-026,nuisance_misc,L0,auxiliary_system,2580,2590,2600,1
EAVT-L3-EXPERT-026-N188,EAVT-L3-EXPERT-026,nuisance_misc,L0,auxiliary_system,2585,2595,2615,1
EAVT-L3-EXPERT-026-N189,EAVT-L3-EXPERT-026,nuisance_misc,L0,auxiliary_system,2610,2620,2635,1
EAVT-L3-EXPERT-026-N190,EAVT-L3-EXPERT-026,nuisance_misc,L0,auxiliary_system,2615,2625,2640,1
EAVT-L3-EXPERT-026-N191,EAVT-L3-EXPERT-026,nuisance_misc,L0,auxiliary_system,2670,2680,2690,1
EAVT-L3-EXPERT-026-N192,EAVT-L3-EXPERT-026,nuisance_misc,L0,auxiliary_system,2670,2680,2685,1
EAVT-L3-EXPERT-026-N193,EAVT-L3-EXPERT-026,nuisance_misc,L0,auxiliary_system,2735,2745,2760,1
EAVT-L3-EXPERT-026-N194,EAVT-L3-EXPERT-026,nuisance_misc,L0,auxiliary_system,2780,2790,2800,1
EAVT-L3-EXPERT-026-N195,EAVT-L3-EXPERT-026,nuisance_misc,L0,auxiliary_system,2795,2805,2810,1
EAVT-L3-EXPERT-026-N196,EAVT-L3-EXPERT-026,nuisance_misc,L0,auxiliary_system,2830,2840,2845,1
EAVT-L3-EXPERT-026-N197,EAVT-L3-EXPERT-026,nuisance_misc,L0,auxiliary_system,2835,2845,2855,1
EAVT-L3-EXPERT-026-N198,EAVT-L3-EXPERT-026,nuisance_misc,L0,auxiliary_system,2865,2875,2890,1
EAVT-L3-EXPERT-026-N199,EAVT-L3-EXPERT-026,nuisance_misc,L0,auxiliary_system,2865,2875,2885,1
EAVT-L3-EXPERT-026-N200,EAVT-L3-EXPERT-026,nuisance_misc,L0,auxiliary_system,2880,2890,2895,1
EAVT-L3-EXPERT-026-N201,EAVT-L3-EXPERT-026,nuisance_misc,L0,auxiliary_system,2890,2900,2920,1
EAVT-L3-EXPERT-026-N202,EAVT-L3-EXPERT-026,nuisance_misc,L0,auxiliary_system,2895,2905,2915,1
EAVT-L3-EXPERT-026-N203,EAVT-L3-EXPERT-026,nuisance_misc,L0,auxiliary_system,2895,2905,2925,1
EAVT-L3-EXPERT-026-N204,EAVT-L3-EXPERT-026,nuisance_misc,L0,auxiliary_system,2895,2905,2925,1
EAVT-L3-EXPERT-026-N205,EAVT-L3-EXPERT-026,nuisance_misc,L0,auxiliary_system,2905,2915,2920,1
EAVT-L3-EXPERT-026-N206,EAVT-L3-EXPERT-026,nuisance_misc,L0,auxiliary_system,2905,2915,2925,1
EAVT-L3-EXPERT-026-N207,EAVT-L3-EXPERT-026,nuisance_misc,L0,auxiliary_system,2910,2920,2930,1
EAVT-L3-EXPERT-026-N208,EAVT-L3-EXPERT-026,nuisance_misc,L0,auxiliary_system,2920,2930,2940,1
EAVT-L3-EXPERT-026-N209,EAVT-L3-EXPERT-026,nuisance_misc,L0,auxiliary_system,2925,2935,2950,1
EAVT-L3-EXPERT-026-N210,EAVT-L3-EXPERT-026,nuisance_misc,L0,auxiliary_system,2925,2935,2945,1
EAVT-L3-EXPERT-026-N211,EAVT-L3-EXPERT-026,nuisance_misc,L0,auxiliary_system,2940,2950,2970,1
EAVT-L3-EXPERT-026-N212,EAVT-L3-EXPERT-026,nuisance_misc,L0,auxiliary_system,2945,2955,2960,1
EAVT-L3-EXPERT-026-N213,EAVT-L3-EXPERT-026,nuisance_misc,L0,auxiliary_system,2975,2985,2990,1
EAVT-L3-EXPERT-026-N214,EAVT-L3-EXPERT-026,nuisance_misc,L0,auxiliary_system,3015,3025,3035,1
EAVT-L3-EXPERT-026-N215,EAVT-L3-EXPERT-026,nuisance_misc,L0,auxiliary_system,3020,3030,3045,1
EAVT-L3-EXPERT-026-N216,EAVT-L3-EXPERT-026,nuisance_misc,L0,auxiliary_system,3020,3030,3040,1
EAVT-L3-EXPERT-026-N217,EAVT-L3-EXPERT-026,nuisance_misc,L0,auxiliary_system,3025,3035,3050,1
EAVT-L3-EXPERT-026-N218,EAVT-L3-EXPERT-026,nuisance_misc,L0,auxiliary_system,3030,3040,3055,1
EAVT-L3-EXPERT-026-N219,EAVT-L3-EXPERT-026,nuisance_misc,L0,auxiliary_system,3070,3080,3100,1
EAVT-L3-EXPERT-026-N220,EAVT-L3-EXPERT-026,nuisance_misc,L0,auxiliary_system,3075,3085,3090,1
EAVT-L3-EXPERT-026-N221,EAVT-L3-EXPERT-026,nuisance_misc,L0,auxiliary_system,3075,3085,3090,1
EAVT-L3-EXPERT-026-N222,EAVT-L3-EXPERT-026,nuisance_misc,L0,auxiliary_system,3090,3100,3120,1
EAVT-L3-EXPERT-026-N223,EAVT-L3-EXPERT-026,nuisance_misc,L0,auxiliary_system,3115,3125,3135,1
EAVT-L3-EXPERT-026-N224,EAVT-L3-EXPERT-026,nuisance_misc,L0,auxiliary_system,3120,3130,3140,1
EAVT-L3-EXPERT-026-N225,EAVT-L3-EXPERT-026,nuisance_misc,L0,auxiliary_system,3130,3140,3150,1
EAVT-L3-EXPERT-026-N226,EAVT-L3-EXPERT-026,nuisance_misc,L0,auxiliary_system,3135,3145,3150,1
EAVT-L3-EXPERT-026-N227,EAVT-L3-EXPERT-026,nuisance_misc,L0,auxiliary_system,3140,3150,3155,1
EAVT-L3-EXPERT-026-N228,EAVT-L3-EXPERT-026,nuisance_misc,L0,auxiliary_system,3150,3160,3180,1
EAVT-L3-EXPERT-026-N229,EAVT-L3-EXPERT-026,nuisance_misc,L0,auxiliary_system,3155,3165,3185,1
EAVT-L3-EXPERT-026-N230,EAVT-L3-EXPERT-026,nuisance_misc,L0,auxiliary_system,3170,3180,3195,1
EAVT-L3-EXPERT-026-N231,EAVT-L3-EXPERT-026,nuisance_misc,L0,auxiliary_system,3180,3190,3210,1
EAVT-L3-EXPERT-026-N232,EAVT-L3-EXPERT-026,nuisance_misc,L0,auxiliary_system,3185,3195,3210,1
EAVT-L3-EXPERT-026-N233,EAVT-L3-EXPERT-026,nuisance_misc,L0,auxiliary_system,3190,3200,3210,1
EAVT-L3-EXPERT-026-N234,EAVT-L3-EXPERT-026,nuisance_misc,L0,auxiliary_system,3200,3210,3230,1
EAVT-L3-EXPERT-026-N235,EAVT-L3-EXPERT-026,nuisance_misc,L0,auxiliary_system,3225,3235,3255,1
EAVT-L3-EXPERT-026-N236,EAVT-L3-EXPERT-026,nuisance_misc,L0,auxiliary_system,3230,3240,3260,1
EAVT-L3-EXPERT-026-N237,EAVT-L3-EXPERT-026,nuisance_misc,L0,auxiliary_system,3235,3245,3250,1
EAVT-L3-EXPERT-026-N238,EAVT-L3-EXPERT-026,nuisance_misc,L0,auxiliary_system,3235,3245,3255,1
EAVT-L3-EXPERT-026-N239,EAVT-L3-EXPERT-026,nuisance_misc,L0,auxiliary_system,3235,3245,3260,1
EAVT-L3-EXPERT-026-N240,EAVT-L3-EXPERT-026,nuisance_misc,L0,auxiliary_system,3240,3250,3260,1
EAVT-L3-EXPERT-026-N241,EAVT-L3-EXPERT-026,nuisance_misc,L0,auxiliary_system,3270,3280,3295,1
EAVT-L3-EXPERT-026-N242,EAVT-L3-EXPERT-026,nuisance_misc,L0,auxiliary_system,3275,3285,3290,1
EAVT-L3-EXPERT-026-N243,EAVT-L3-EXPERT-026,nuisance_misc,L0,auxiliary_system,3280,3290,3305,1
EAVT-L3-EXPERT-026-N244,EAVT-L3-EXPERT-026,nuisance_misc,L0,auxiliary_system,3320,3330,3350,1
EAVT-L3-EXPERT-026-N245,EAVT-L3-EXPERT-026,nuisance_misc,L0,auxiliary_system,3330,3340,3345,1
EAVT-L3-EXPERT-026-N246,EAVT-L3-EXPERT-026,nuisance_misc,L0,auxiliary_system,3335,3345,3360,1
EAVT-L3-EXPERT-026-N247,EAVT-L3-EXPERT-026,nuisance_misc,L0,auxiliary_system,3350,3360,3380,1
EAVT-L3-EXPERT-026-N248,EAVT-L3-EXPERT-026,nuisance_misc,L0,auxiliary_system,3350,3360,3380,1
EAVT-L3-EXPERT-026-N249,EAVT-L3-EXPERT-026,nuisance_misc,L0,auxiliary_system,3350,3360,3380,1
EAVT-L3-EXPERT-026-N250,EAVT-L3-EXPERT-026,nuisance_misc,L0,auxiliary_system,3380,3390,3405,1
EAVT-L3-EXPERT-026-N251,EAVT-L3-EXPERT-026,nuisance_misc,L0,auxiliary_system,3390,3400,3415,1
EAVT-L3-EXPERT-026-N252,EAVT-L3-EXPERT-026,nuisance_misc,L0,auxiliary_system,3405,3415,3435,1
EAVT-L3-EXPERT-026-N253,EAVT-L3-EXPERT-026,nuisance_misc,L0,auxiliary_system,3415,3425,3445,1
EAVT-L3-EXPERT-026-N254,EAVT-L3-EXPERT-026,nuisance_misc,L0,auxiliary_system,3440,3450,3455,1
EAVT-L3-EXPERT-026-N255,EAVT-L3-EXPERT-026,nuisance_misc,L0,auxiliary_system,3450,3460,3470,1
EAVT-L3-EXPERT-026-N256,EAVT-L3-EXPERT-026,nuisance_misc,L0,auxiliary_system,3470,3480,3490,1
EAVT-L3-EXPERT-026-N257,EAVT-L3-EXPERT-026,nuisance_misc,L0,auxiliary_system,3495,3505,3525,1
EAVT-L3-EXPERT-026-N258,EAVT-L3-EXPERT-026,nuisance_misc,L0,auxiliary_system,3495,3505,3515,1
EAVT-L3-EXPERT-026-N259,EAVT-L3-EXPERT-026,nuisance_misc,L0,auxiliary_system,3515,3525,3530,1
EAVT-L3-EXPERT-026-N260,EAVT-L3-EXPERT-026,nuisance_misc,L0,auxiliary_system,3555,3565,3575,1
EAVT-L3-EXPERT-026-N261,EAVT-L3-EXPERT-026,nuisance_misc,L0,auxiliary_system,3560,3570,3580,1
EAVT-L3-EXPERT-026-N262,EAVT-L3-EXPERT-026,nuisance_misc,L0,auxiliary_system,3570,3580,3600,1
EAVT-L3-EXPERT-026-N263,EAVT-L3-EXPERT-026,nuisance_misc,L0,auxiliary_system,3570,3580,3585,1
EAVT-L3-EXPERT-026-N264,EAVT-L3-EXPERT-026,nuisance_misc,L0,auxiliary_system,3575,3585,3600,1
EAVT-L3-EXPERT-026-N265,EAVT-L3-EXPERT-026,nuisance_misc,L0,auxiliary_system,3620,3630,3645,1
EAVT-L3-EXPERT-026-N266,EAVT-L3-EXPERT-026,nuisance_misc,L0,auxiliary_system,3620,3630,3635,1
EAVT-L3-EXPERT-026-N267,EAVT-L3-EXPERT-026,nuisance_misc,L0,auxiliary_system,3625,3635,3645,1
EAVT-L3-EXPERT-026-N268,EAVT-L3-EXPERT-026,nuisance_misc,L0,auxiliary_system,3630,3640,3655,1
EAVT-L3-EXPERT-026-N269,EAVT-L3-EXPERT-026,nuisance_misc,L0,auxiliary_system,3640,3650,3670,1
EAVT-L3-EXPERT-026-N270,EAVT-L3-EXPERT-026,nuisance_misc,L0,auxiliary_system,3650,3660,3670,1
EAVT-L3-EXPERT-026-N271,EAVT-L3-EXPERT-026,nuisance_misc,L0,auxiliary_system,3650,3660,3665,1
EAVT-L3-EXPERT-026-N272,EAVT-L3-EXPERT-026,nuisance_misc,L0,auxiliary_system,3660,3670,3680,1
EAVT-L3-EXPERT-026-N273,EAVT-L3-EXPERT-026,nuisance_misc,L0,auxiliary_system,3665,3675,3690,1
EAVT-L3-EXPERT-026-N274,EAVT-L3-EXPERT-026,nuisance_misc,L0,auxiliary_system,3665,3675,3685,1
EAVT-L3-EXPERT-026-N275,EAVT-L3-EXPERT-026,nuisance_misc,L0,auxiliary_system,3720,3730,3750,1
EAVT-L3-EXPERT-026-N276,EAVT-L3-EXPERT-026,nuisance_misc,L0,auxiliary_system,3725,3735,3740,1
EAVT-L3-EXPERT-026-N277,EAVT-L3-EXPERT-026,nuisance_misc,L0,auxiliary_system,3725,3735,3740,1
EAVT-L3-EXPERT-026-N278,EAVT-L3-EXPERT-026,nuisance_misc,L0,auxiliary_system,3730,3740,3745,1
EAVT-L3-EXPERT-026-N279,EAVT-L3-EXPERT-026,nuisance_misc,L0,auxiliary_system,3730,3740,3750,1
EAVT-L3-EXPERT-026-N280,EAVT-L3-EXPERT-026,nuisance_misc,L0,auxiliary_system,3770,3780,3795,1
EAVT-L3-EXPERT-026-N281,EAVT-L3-EXPERT-026,nuisance_misc,L0,auxiliary_system,3770,3780,3785,1
EAVT-L3-EXPERT-026-N282,EAVT-L3-EXPERT-026,nuisance_misc,L0,auxiliary_system,3785,3795,3805,1
EAVT-L3-EXPERT-026-N283,EAVT-L3-EXPERT-026,nuisance_misc,L0,auxiliary_system,3800,3810,3825,1
EAVT-L3-EXPERT-026-N284,EAVT-L3-EXPERT-026,nuisance_misc,L0,auxiliary_system,3815,3825,3845,1
EAVT-L3-EXPERT-026-N285,EAVT-L3-EXPERT-026,nuisance_misc,L0,auxiliary_system,3820,3830,3835,1
EAVT-L3-EXPERT-026-N286,EAVT-L3-EXPERT-026,nuisance_misc,L0,auxiliary_system,3820,3830,3835,1
EAVT-L3-EXPERT-026-N287,EAVT-L3-EXPERT-026,nuisance_misc,L0,auxiliary_system,3825,3835,3840,1
EAVT-L3-EXPERT-026-N288,EAVT-L3-EXPERT-026,nuisance_misc,L0,auxiliary_system,3840,3850,3855,1
EAVT-L3-EXPERT-026-N289,EAVT-L3-EXPERT-026,nuisance_misc,L0,auxiliary_system,3845,3855,3875,1
EAVT-L3-EXPERT-026-N290,EAVT-L3-EXPERT-026,nuisance_misc,L0,auxiliary_system,3865,3875,3885,1
EAVT-L3-EXPERT-026-N291,EAVT-L3-EXPERT-026,nuisance_misc,L0,auxiliary_system,3865,3875,3880,1
EAVT-L3-EXPERT-026-N292,EAVT-L3-EXPERT-026,nuisance_misc,L0,auxiliary_system,3880,3890,3900,1
EAVT-L3-EXPERT-026-N293,EAVT-L3-EXPERT-026,nuisance_misc,L0,auxiliary_system,3890,3900,3900,1
EAVT-L3-EXPERT-026-N294,EAVT-L3-EXPERT-026,nuisance_misc,L0,auxiliary_system,3895,3905,3900,1
EAVT-L3-EXPERT-026-N295,EAVT-L3-EXPERT-026,nuisance_misc,L0,auxiliary_system,3900,3910,3900,1
EAVT-L3-EXPERT-026-S01,EAVT-L3-EXPERT-026,flow_deviation_branch,L1,feed_branch_3,3260,3305,3520,0
EAVT-L3-EXPERT-026-S02,EAVT-L3-EXPERT-026,t11_temperature_deviation,L3,T-1...T-11,3275,3305,3490,0
EAVT-L3-EXPERT-026-S03,EAVT-L3-EXPERT-026,feed_flow_imbalance,L2,feed_system,3285,3305,3480,0
EAVT-L3-EXPERT-026-S04,EAVT-L3-EXPERT-026,elou_load_imbalance,L4,ELOU,3325,3330,3400,0
EAVT-L3-EXPERT-026-S05,EAVT-L3-EXPERT-026,t11_temperature_deviation,L3,T-1...T-11,3500,3505,3510,0
EAVT-L3-SLOW-027-N001,EAVT-L3-SLOW-027,nuisance_misc,L0,auxiliary_system,30,50,50,1
EAVT-L3-SLOW-027-N002,EAVT-L3-SLOW-027,nuisance_misc,L0,auxiliary_system,30,50,50,1
EAVT-L3-SLOW-027-N003,EAVT-L3-SLOW-027,nuisance_misc,L0,auxiliary_system,40,60,55,1
EAVT-L3-SLOW-027-N004,EAVT-L3-SLOW-027,nuisance_misc,L0,auxiliary_system,40,60,65,1
EAVT-L3-SLOW-027-N005,EAVT-L3-SLOW-027,nuisance_misc,L0,auxiliary_system,70,90,90,1
EAVT-L3-SLOW-027-N006,EAVT-L3-SLOW-027,nuisance_misc,L0,auxiliary_system,90,110,115,1
EAVT-L3-SLOW-027-N007,EAVT-L3-SLOW-027,nuisance_misc,L0,auxiliary_system,105,125,125,1
EAVT-L3-SLOW-027-N008,EAVT-L3-SLOW-027,nuisance_misc,L0,auxiliary_system,110,130,130,1
EAVT-L3-SLOW-027-N009,EAVT-L3-SLOW-027,nuisance_misc,L0,auxiliary_system,125,145,150,1
EAVT-L3-SLOW-027-N010,EAVT-L3-SLOW-027,nuisance_misc,L0,auxiliary_system,140,160,160,1
EAVT-L3-SLOW-027-N011,EAVT-L3-SLOW-027,nuisance_misc,L0,auxiliary_system,155,175,185,1
EAVT-L3-SLOW-027-N012,EAVT-L3-SLOW-027,nuisance_misc,L0,auxiliary_system,160,180,190,1
EAVT-L3-SLOW-027-N013,EAVT-L3-SLOW-027,nuisance_misc,L0,auxiliary_system,160,180,185,1
EAVT-L3-SLOW-027-N014,EAVT-L3-SLOW-027,nuisance_misc,L0,auxiliary_system,185,205,205,1
EAVT-L3-SLOW-027-N015,EAVT-L3-SLOW-027,nuisance_misc,L0,auxiliary_system,200,220,220,1
EAVT-L3-SLOW-027-N016,EAVT-L3-SLOW-027,nuisance_misc,L0,auxiliary_system,200,220,225,1
EAVT-L3-SLOW-027-N017,EAVT-L3-SLOW-027,nuisance_misc,L0,auxiliary_system,205,225,220,1
EAVT-L3-SLOW-027-N018,EAVT-L3-SLOW-027,nuisance_misc,L0,auxiliary_system,205,225,230,1
EAVT-L3-SLOW-027-N019,EAVT-L3-SLOW-027,nuisance_misc,L0,auxiliary_system,215,235,230,1
EAVT-L3-SLOW-027-N020,EAVT-L3-SLOW-027,nuisance_misc,L0,auxiliary_system,225,245,250,1
EAVT-L3-SLOW-027-N021,EAVT-L3-SLOW-027,nuisance_misc,L0,auxiliary_system,240,260,255,1
EAVT-L3-SLOW-027-N022,EAVT-L3-SLOW-027,nuisance_misc,L0,auxiliary_system,270,290,295,1
EAVT-L3-SLOW-027-N023,EAVT-L3-SLOW-027,nuisance_misc,L0,auxiliary_system,270,290,300,1
EAVT-L3-SLOW-027-N024,EAVT-L3-SLOW-027,nuisance_misc,L0,auxiliary_system,275,295,300,1
EAVT-L3-SLOW-027-N025,EAVT-L3-SLOW-027,nuisance_misc,L0,auxiliary_system,285,305,310,1
EAVT-L3-SLOW-027-N026,EAVT-L3-SLOW-027,nuisance_misc,L0,auxiliary_system,320,340,335,1
EAVT-L3-SLOW-027-N027,EAVT-L3-SLOW-027,nuisance_misc,L0,auxiliary_system,325,345,350,1
EAVT-L3-SLOW-027-N028,EAVT-L3-SLOW-027,nuisance_misc,L0,auxiliary_system,330,350,355,1
EAVT-L3-SLOW-027-N029,EAVT-L3-SLOW-027,nuisance_misc,L0,auxiliary_system,335,355,355,1
EAVT-L3-SLOW-027-N030,EAVT-L3-SLOW-027,nuisance_misc,L0,auxiliary_system,360,380,375,1
EAVT-L3-SLOW-027-N031,EAVT-L3-SLOW-027,nuisance_misc,L0,auxiliary_system,360,380,385,1
EAVT-L3-SLOW-027-N032,EAVT-L3-SLOW-027,nuisance_misc,L0,auxiliary_system,390,410,420,1
EAVT-L3-SLOW-027-N033,EAVT-L3-SLOW-027,nuisance_misc,L0,auxiliary_system,405,425,435,1
EAVT-L3-SLOW-027-N034,EAVT-L3-SLOW-027,nuisance_misc,L0,auxiliary_system,410,430,435,1
EAVT-L3-SLOW-027-N035,EAVT-L3-SLOW-027,nuisance_misc,L0,auxiliary_system,430,450,450,1
EAVT-L3-SLOW-027-N036,EAVT-L3-SLOW-027,nuisance_misc,L0,auxiliary_system,435,455,460,1
EAVT-L3-SLOW-027-N037,EAVT-L3-SLOW-027,nuisance_misc,L0,auxiliary_system,445,465,475,1
EAVT-L3-SLOW-027-N038,EAVT-L3-SLOW-027,nuisance_misc,L0,auxiliary_system,465,485,485,1
EAVT-L3-SLOW-027-N039,EAVT-L3-SLOW-027,nuisance_misc,L0,auxiliary_system,470,490,495,1
EAVT-L3-SLOW-027-N040,EAVT-L3-SLOW-027,nuisance_misc,L0,auxiliary_system,475,495,500,1
EAVT-L3-SLOW-027-N041,EAVT-L3-SLOW-027,nuisance_misc,L0,auxiliary_system,485,505,515,1
EAVT-L3-SLOW-027-N042,EAVT-L3-SLOW-027,nuisance_misc,L0,auxiliary_system,490,510,515,1
EAVT-L3-SLOW-027-N043,EAVT-L3-SLOW-027,nuisance_misc,L0,auxiliary_system,520,540,540,1
EAVT-L3-SLOW-027-N044,EAVT-L3-SLOW-027,nuisance_misc,L0,auxiliary_system,530,550,545,1
EAVT-L3-SLOW-027-N045,EAVT-L3-SLOW-027,nuisance_misc,L0,auxiliary_system,530,550,555,1
EAVT-L3-SLOW-027-N046,EAVT-L3-SLOW-027,nuisance_misc,L0,auxiliary_system,535,555,565,1
EAVT-L3-SLOW-027-N047,EAVT-L3-SLOW-027,nuisance_misc,L0,auxiliary_system,535,555,555,1
EAVT-L3-SLOW-027-N048,EAVT-L3-SLOW-027,nuisance_misc,L0,auxiliary_system,550,570,570,1
EAVT-L3-SLOW-027-N049,EAVT-L3-SLOW-027,nuisance_misc,L0,auxiliary_system,555,575,580,1
EAVT-L3-SLOW-027-N050,EAVT-L3-SLOW-027,nuisance_misc,L0,auxiliary_system,575,595,600,1
EAVT-L3-SLOW-027-N051,EAVT-L3-SLOW-027,nuisance_misc,L0,auxiliary_system,585,605,605,1
EAVT-L3-SLOW-027-N052,EAVT-L3-SLOW-027,nuisance_misc,L0,auxiliary_system,605,625,635,1
EAVT-L3-SLOW-027-N053,EAVT-L3-SLOW-027,nuisance_misc,L0,auxiliary_system,605,625,625,1
EAVT-L3-SLOW-027-N054,EAVT-L3-SLOW-027,nuisance_misc,L0,auxiliary_system,625,645,650,1
EAVT-L3-SLOW-027-N055,EAVT-L3-SLOW-027,nuisance_misc,L0,auxiliary_system,645,665,675,1
EAVT-L3-SLOW-027-N056,EAVT-L3-SLOW-027,nuisance_misc,L0,auxiliary_system,665,685,680,1
EAVT-L3-SLOW-027-N057,EAVT-L3-SLOW-027,nuisance_misc,L0,auxiliary_system,685,705,700,1
EAVT-L3-SLOW-027-N058,EAVT-L3-SLOW-027,nuisance_misc,L0,auxiliary_system,695,715,710,1
EAVT-L3-SLOW-027-N059,EAVT-L3-SLOW-027,nuisance_misc,L0,auxiliary_system,705,725,735,1
EAVT-L3-SLOW-027-N060,EAVT-L3-SLOW-027,nuisance_misc,L0,auxiliary_system,705,725,725,1
EAVT-L3-SLOW-027-N061,EAVT-L3-SLOW-027,nuisance_misc,L0,auxiliary_system,710,730,725,1
EAVT-L3-SLOW-027-N062,EAVT-L3-SLOW-027,nuisance_misc,L0,auxiliary_system,745,765,775,1
EAVT-L3-SLOW-027-N063,EAVT-L3-SLOW-027,nuisance_misc,L0,auxiliary_system,750,770,770,1
EAVT-L3-SLOW-027-N064,EAVT-L3-SLOW-027,nuisance_misc,L0,auxiliary_system,750,770,780,1
EAVT-L3-SLOW-027-N065,EAVT-L3-SLOW-027,nuisance_misc,L0,auxiliary_system,790,810,820,1
EAVT-L3-SLOW-027-N066,EAVT-L3-SLOW-027,nuisance_misc,L0,auxiliary_system,795,815,810,1
EAVT-L3-SLOW-027-N067,EAVT-L3-SLOW-027,nuisance_misc,L0,auxiliary_system,815,835,845,1
EAVT-L3-SLOW-027-N068,EAVT-L3-SLOW-027,nuisance_misc,L0,auxiliary_system,825,845,840,1
EAVT-L3-SLOW-027-N069,EAVT-L3-SLOW-027,nuisance_misc,L0,auxiliary_system,840,860,860,1
EAVT-L3-SLOW-027-N070,EAVT-L3-SLOW-027,nuisance_misc,L0,auxiliary_system,840,860,870,1
EAVT-L3-SLOW-027-N071,EAVT-L3-SLOW-027,nuisance_misc,L0,auxiliary_system,850,870,865,1
EAVT-L3-SLOW-027-N072,EAVT-L3-SLOW-027,nuisance_misc,L0,auxiliary_system,875,895,895,1
EAVT-L3-SLOW-027-N073,EAVT-L3-SLOW-027,nuisance_misc,L0,auxiliary_system,880,900,900,1
EAVT-L3-SLOW-027-N074,EAVT-L3-SLOW-027,nuisance_misc,L0,auxiliary_system,930,950,945,1
EAVT-L3-SLOW-027-N075,EAVT-L3-SLOW-027,nuisance_misc,L0,auxiliary_system,935,955,960,1
EAVT-L3-SLOW-027-N076,EAVT-L3-SLOW-027,nuisance_misc,L0,auxiliary_system,950,970,980,1
EAVT-L3-SLOW-027-N077,EAVT-L3-SLOW-027,nuisance_misc,L0,auxiliary_system,955,975,975,1
EAVT-L3-SLOW-027-N078,EAVT-L3-SLOW-027,nuisance_misc,L0,auxiliary_system,955,975,980,1
EAVT-L3-SLOW-027-N079,EAVT-L3-SLOW-027,nuisance_misc,L0,auxiliary_system,955,975,985,1
EAVT-L3-SLOW-027-N080,EAVT-L3-SLOW-027,nuisance_misc,L0,auxiliary_system,970,990,990,1
EAVT-L3-SLOW-027-N081,EAVT-L3-SLOW-027,nuisance_misc,L0,auxiliary_system,970,990,985,1
EAVT-L3-SLOW-027-N082,EAVT-L3-SLOW-027,nuisance_misc,L0,auxiliary_system,1020,1040,1035,1
EAVT-L3-SLOW-027-N083,EAVT-L3-SLOW-027,nuisance_misc,L0,auxiliary_system,1030,1050,1055,1
EAVT-L3-SLOW-027-N084,EAVT-L3-SLOW-027,nuisance_misc,L0,auxiliary_system,1055,1075,1080,1
EAVT-L3-SLOW-027-N085,EAVT-L3-SLOW-027,nuisance_misc,L0,auxiliary_system,1060,1080,1080,1
EAVT-L3-SLOW-027-N086,EAVT-L3-SLOW-027,nuisance_misc,L0,auxiliary_system,1075,1095,1095,1
EAVT-L3-SLOW-027-N087,EAVT-L3-SLOW-027,nuisance_misc,L0,auxiliary_system,1105,1125,1130,1
EAVT-L3-SLOW-027-N088,EAVT-L3-SLOW-027,nuisance_misc,L0,auxiliary_system,1110,1130,1130,1
EAVT-L3-SLOW-027-N089,EAVT-L3-SLOW-027,nuisance_misc,L0,auxiliary_system,1115,1135,1130,1
EAVT-L3-SLOW-027-N090,EAVT-L3-SLOW-027,nuisance_misc,L0,auxiliary_system,1145,1165,1175,1
EAVT-L3-SLOW-027-N091,EAVT-L3-SLOW-027,nuisance_misc,L0,auxiliary_system,1170,1190,1185,1
EAVT-L3-SLOW-027-N092,EAVT-L3-SLOW-027,nuisance_misc,L0,auxiliary_system,1215,1235,1235,1
EAVT-L3-SLOW-027-N093,EAVT-L3-SLOW-027,nuisance_misc,L0,auxiliary_system,1215,1235,1245,1
EAVT-L3-SLOW-027-N094,EAVT-L3-SLOW-027,nuisance_misc,L0,auxiliary_system,1220,1240,1250,1
EAVT-L3-SLOW-027-N095,EAVT-L3-SLOW-027,nuisance_misc,L0,auxiliary_system,1235,1255,1250,1
EAVT-L3-SLOW-027-N096,EAVT-L3-SLOW-027,nuisance_misc,L0,auxiliary_system,1260,1280,1290,1
EAVT-L3-SLOW-027-N097,EAVT-L3-SLOW-027,nuisance_misc,L0,auxiliary_system,1265,1285,1295,1
EAVT-L3-SLOW-027-N098,EAVT-L3-SLOW-027,nuisance_misc,L0,auxiliary_system,1295,1315,1325,1
EAVT-L3-SLOW-027-N099,EAVT-L3-SLOW-027,nuisance_misc,L0,auxiliary_system,1295,1315,1325,1
EAVT-L3-SLOW-027-N100,EAVT-L3-SLOW-027,nuisance_misc,L0,auxiliary_system,1305,1325,1320,1
EAVT-L3-SLOW-027-N101,EAVT-L3-SLOW-027,nuisance_misc,L0,auxiliary_system,1310,1330,1335,1
EAVT-L3-SLOW-027-N102,EAVT-L3-SLOW-027,nuisance_misc,L0,auxiliary_system,1340,1360,1365,1
EAVT-L3-SLOW-027-N103,EAVT-L3-SLOW-027,nuisance_misc,L0,auxiliary_system,1340,1360,1370,1
EAVT-L3-SLOW-027-N104,EAVT-L3-SLOW-027,nuisance_misc,L0,auxiliary_system,1345,1365,1375,1
EAVT-L3-SLOW-027-N105,EAVT-L3-SLOW-027,nuisance_misc,L0,auxiliary_system,1350,1370,1380,1
EAVT-L3-SLOW-027-N106,EAVT-L3-SLOW-027,nuisance_misc,L0,auxiliary_system,1365,1385,1380,1
EAVT-L3-SLOW-027-N107,EAVT-L3-SLOW-027,nuisance_misc,L0,auxiliary_system,1370,1390,1385,1
EAVT-L3-SLOW-027-N108,EAVT-L3-SLOW-027,nuisance_misc,L0,auxiliary_system,1370,1390,1390,1
EAVT-L3-SLOW-027-N109,EAVT-L3-SLOW-027,nuisance_misc,L0,auxiliary_system,1390,1410,1405,1
EAVT-L3-SLOW-027-N110,EAVT-L3-SLOW-027,nuisance_misc,L0,auxiliary_system,1435,1455,1450,1
EAVT-L3-SLOW-027-N111,EAVT-L3-SLOW-027,nuisance_misc,L0,auxiliary_system,1445,1465,1465,1
EAVT-L3-SLOW-027-N112,EAVT-L3-SLOW-027,nuisance_misc,L0,auxiliary_system,1465,1485,1480,1
EAVT-L3-SLOW-027-N113,EAVT-L3-SLOW-027,nuisance_misc,L0,auxiliary_system,1470,1490,1485,1
EAVT-L3-SLOW-027-N114,EAVT-L3-SLOW-027,nuisance_misc,L0,auxiliary_system,1475,1495,1505,1
EAVT-L3-SLOW-027-N115,EAVT-L3-SLOW-027,nuisance_misc,L0,auxiliary_system,1475,1495,1495,1
EAVT-L3-SLOW-027-N116,EAVT-L3-SLOW-027,nuisance_misc,L0,auxiliary_system,1485,1505,1510,1
EAVT-L3-SLOW-027-N117,EAVT-L3-SLOW-027,nuisance_misc,L0,auxiliary_system,1520,1540,1550,1
EAVT-L3-SLOW-027-N118,EAVT-L3-SLOW-027,nuisance_misc,L0,auxiliary_system,1520,1540,1540,1
EAVT-L3-SLOW-027-N119,EAVT-L3-SLOW-027,nuisance_misc,L0,auxiliary_system,1525,1545,1545,1
EAVT-L3-SLOW-027-N120,EAVT-L3-SLOW-027,nuisance_misc,L0,auxiliary_system,1535,1555,1565,1
EAVT-L3-SLOW-027-N121,EAVT-L3-SLOW-027,nuisance_misc,L0,auxiliary_system,1535,1555,1565,1
EAVT-L3-SLOW-027-N122,EAVT-L3-SLOW-027,nuisance_misc,L0,auxiliary_system,1540,1560,1555,1
EAVT-L3-SLOW-027-N123,EAVT-L3-SLOW-027,nuisance_misc,L0,auxiliary_system,1550,1570,1570,1
EAVT-L3-SLOW-027-N124,EAVT-L3-SLOW-027,nuisance_misc,L0,auxiliary_system,1550,1570,1570,1
EAVT-L3-SLOW-027-N125,EAVT-L3-SLOW-027,nuisance_misc,L0,auxiliary_system,1555,1575,1575,1
EAVT-L3-SLOW-027-N126,EAVT-L3-SLOW-027,nuisance_misc,L0,auxiliary_system,1570,1590,1595,1
EAVT-L3-SLOW-027-N127,EAVT-L3-SLOW-027,nuisance_misc,L0,auxiliary_system,1640,1660,1655,1
EAVT-L3-SLOW-027-N128,EAVT-L3-SLOW-027,nuisance_misc,L0,auxiliary_system,1650,1670,1665,1
EAVT-L3-SLOW-027-N129,EAVT-L3-SLOW-027,nuisance_misc,L0,auxiliary_system,1670,1690,1695,1
EAVT-L3-SLOW-027-N130,EAVT-L3-SLOW-027,nuisance_misc,L0,auxiliary_system,1675,1695,1700,1
EAVT-L3-SLOW-027-N131,EAVT-L3-SLOW-027,nuisance_misc,L0,auxiliary_system,1675,1695,1690,1
EAVT-L3-SLOW-027-N132,EAVT-L3-SLOW-027,nuisance_misc,L0,auxiliary_system,1680,1700,1705,1
EAVT-L3-SLOW-027-N133,EAVT-L3-SLOW-027,nuisance_misc,L0,auxiliary_system,1685,1705,1710,1
EAVT-L3-SLOW-027-N134,EAVT-L3-SLOW-027,nuisance_misc,L0,auxiliary_system,1685,1705,1705,1
EAVT-L3-SLOW-027-N135,EAVT-L3-SLOW-027,nuisance_misc,L0,auxiliary_system,1685,1705,1710,1
EAVT-L3-SLOW-027-N136,EAVT-L3-SLOW-027,nuisance_misc,L0,auxiliary_system,1715,1735,1740,1
EAVT-L3-SLOW-027-N137,EAVT-L3-SLOW-027,nuisance_misc,L0,auxiliary_system,1720,1740,1735,1
EAVT-L3-SLOW-027-N138,EAVT-L3-SLOW-027,nuisance_misc,L0,auxiliary_system,1725,1745,1750,1
EAVT-L3-SLOW-027-N139,EAVT-L3-SLOW-027,nuisance_misc,L0,auxiliary_system,1735,1755,1765,1
EAVT-L3-SLOW-027-N140,EAVT-L3-SLOW-027,nuisance_misc,L0,auxiliary_system,1750,1770,1775,1
EAVT-L3-SLOW-027-N141,EAVT-L3-SLOW-027,nuisance_misc,L0,auxiliary_system,1755,1775,1780,1
EAVT-L3-SLOW-027-N142,EAVT-L3-SLOW-027,nuisance_misc,L0,auxiliary_system,1760,1780,1780,1
EAVT-L3-SLOW-027-N143,EAVT-L3-SLOW-027,nuisance_misc,L0,auxiliary_system,1810,1830,1825,1
EAVT-L3-SLOW-027-N144,EAVT-L3-SLOW-027,nuisance_misc,L0,auxiliary_system,1815,1835,1840,1
EAVT-L3-SLOW-027-N145,EAVT-L3-SLOW-027,nuisance_misc,L0,auxiliary_system,1830,1850,1850,1
EAVT-L3-SLOW-027-N146,EAVT-L3-SLOW-027,nuisance_misc,L0,auxiliary_system,1840,1860,1860,1
EAVT-L3-SLOW-027-N147,EAVT-L3-SLOW-027,nuisance_misc,L0,auxiliary_system,1865,1885,1895,1
EAVT-L3-SLOW-027-N148,EAVT-L3-SLOW-027,nuisance_misc,L0,auxiliary_system,1875,1895,1905,1
EAVT-L3-SLOW-027-N149,EAVT-L3-SLOW-027,nuisance_misc,L0,auxiliary_system,1905,1925,1920,1
EAVT-L3-SLOW-027-N150,EAVT-L3-SLOW-027,nuisance_misc,L0,auxiliary_system,1945,1965,1960,1
EAVT-L3-SLOW-027-N151,EAVT-L3-SLOW-027,nuisance_misc,L0,auxiliary_system,1955,1975,1970,1
EAVT-L3-SLOW-027-N152,EAVT-L3-SLOW-027,nuisance_misc,L0,auxiliary_system,1970,1990,2000,1
EAVT-L3-SLOW-027-N153,EAVT-L3-SLOW-027,nuisance_misc,L0,auxiliary_system,1995,2015,2015,1
EAVT-L3-SLOW-027-N154,EAVT-L3-SLOW-027,nuisance_misc,L0,auxiliary_system,2025,2045,2040,1
EAVT-L3-SLOW-027-N155,EAVT-L3-SLOW-027,nuisance_misc,L0,auxiliary_system,2035,2055,2065,1
EAVT-L3-SLOW-027-N156,EAVT-L3-SLOW-027,nuisance_misc,L0,auxiliary_system,2055,2075,2085,1
EAVT-L3-SLOW-027-N157,EAVT-L3-SLOW-027,nuisance_misc,L0,auxiliary_system,2065,2085,2085,1
EAVT-L3-SLOW-027-N158,EAVT-L3-SLOW-027,nuisance_misc,L0,auxiliary_system,2070,2090,2090,1
EAVT-L3-SLOW-027-N159,EAVT-L3-SLOW-027,nuisance_misc,L0,auxiliary_system,2095,2115,2120,1
EAVT-L3-SLOW-027-N160,EAVT-L3-SLOW-027,nuisance_misc,L0,auxiliary_system,2120,2140,2140,1
EAVT-L3-SLOW-027-N161,EAVT-L3-SLOW-027,nuisance_misc,L0,auxiliary_system,2120,2140,2140,1
EAVT-L3-SLOW-027-N162,EAVT-L3-SLOW-027,nuisance_misc,L0,auxiliary_system,2135,2155,2160,1
EAVT-L3-SLOW-027-N163,EAVT-L3-SLOW-027,nuisance_misc,L0,auxiliary_system,2145,2165,2170,1
EAVT-L3-SLOW-027-N164,EAVT-L3-SLOW-027,nuisance_misc,L0,auxiliary_system,2155,2175,2170,1
EAVT-L3-SLOW-027-N165,EAVT-L3-SLOW-027,nuisance_misc,L0,auxiliary_system,2155,2175,2180,1
EAVT-L3-SLOW-027-N166,EAVT-L3-SLOW-027,nuisance_misc,L0,auxiliary_system,2170,2190,2190,1
EAVT-L3-SLOW-027-N167,EAVT-L3-SLOW-027,nuisance_misc,L0,auxiliary_system,2170,2190,2195,1
EAVT-L3-SLOW-027-N168,EAVT-L3-SLOW-027,nuisance_misc,L0,auxiliary_system,2200,2220,2230,1
EAVT-L3-SLOW-027-N169,EAVT-L3-SLOW-027,nuisance_misc,L0,auxiliary_system,2205,2225,2220,1
EAVT-L3-SLOW-027-N170,EAVT-L3-SLOW-027,nuisance_misc,L0,auxiliary_system,2210,2230,2225,1
EAVT-L3-SLOW-027-N171,EAVT-L3-SLOW-027,nuisance_misc,L0,auxiliary_system,2210,2230,2225,1
EAVT-L3-SLOW-027-N172,EAVT-L3-SLOW-027,nuisance_misc,L0,auxiliary_system,2210,2230,2230,1
EAVT-L3-SLOW-027-N173,EAVT-L3-SLOW-027,nuisance_misc,L0,auxiliary_system,2230,2250,2260,1
EAVT-L3-SLOW-027-N174,EAVT-L3-SLOW-027,nuisance_misc,L0,auxiliary_system,2235,2255,2265,1
EAVT-L3-SLOW-027-N175,EAVT-L3-SLOW-027,nuisance_misc,L0,auxiliary_system,2260,2280,2290,1
EAVT-L3-SLOW-027-N176,EAVT-L3-SLOW-027,nuisance_misc,L0,auxiliary_system,2290,2310,2305,1
EAVT-L3-SLOW-027-N177,EAVT-L3-SLOW-027,nuisance_misc,L0,auxiliary_system,2300,2320,2330,1
EAVT-L3-SLOW-027-N178,EAVT-L3-SLOW-027,nuisance_misc,L0,auxiliary_system,2310,2330,2330,1
EAVT-L3-SLOW-027-N179,EAVT-L3-SLOW-027,nuisance_misc,L0,auxiliary_system,2320,2340,2340,1
EAVT-L3-SLOW-027-N180,EAVT-L3-SLOW-027,nuisance_misc,L0,auxiliary_system,2325,2345,2355,1
EAVT-L3-SLOW-027-N181,EAVT-L3-SLOW-027,nuisance_misc,L0,auxiliary_system,2335,2355,2355,1
EAVT-L3-SLOW-027-N182,EAVT-L3-SLOW-027,nuisance_misc,L0,auxiliary_system,2400,2420,2415,1
EAVT-L3-SLOW-027-N183,EAVT-L3-SLOW-027,nuisance_misc,L0,auxiliary_system,2420,2440,2440,1
EAVT-L3-SLOW-027-N184,EAVT-L3-SLOW-027,nuisance_misc,L0,auxiliary_system,2425,2445,2445,1
EAVT-L3-SLOW-027-N185,EAVT-L3-SLOW-027,nuisance_misc,L0,auxiliary_system,2430,2450,2445,1
EAVT-L3-SLOW-027-N186,EAVT-L3-SLOW-027,nuisance_misc,L0,auxiliary_system,2440,2460,2460,1
EAVT-L3-SLOW-027-N187,EAVT-L3-SLOW-027,nuisance_misc,L0,auxiliary_system,2445,2465,2460,1
EAVT-L3-SLOW-027-N188,EAVT-L3-SLOW-027,nuisance_misc,L0,auxiliary_system,2485,2505,2510,1
EAVT-L3-SLOW-027-N189,EAVT-L3-SLOW-027,nuisance_misc,L0,auxiliary_system,2490,2510,2515,1
EAVT-L3-SLOW-027-N190,EAVT-L3-SLOW-027,nuisance_misc,L0,auxiliary_system,2500,2520,2530,1
EAVT-L3-SLOW-027-N191,EAVT-L3-SLOW-027,nuisance_misc,L0,auxiliary_system,2500,2520,2520,1
EAVT-L3-SLOW-027-N192,EAVT-L3-SLOW-027,nuisance_misc,L0,auxiliary_system,2500,2520,2525,1
EAVT-L3-SLOW-027-N193,EAVT-L3-SLOW-027,nuisance_misc,L0,auxiliary_system,2505,2525,2535,1
EAVT-L3-SLOW-027-N194,EAVT-L3-SLOW-027,nuisance_misc,L0,auxiliary_system,2510,2530,2525,1
EAVT-L3-SLOW-027-N195,EAVT-L3-SLOW-027,nuisance_misc,L0,auxiliary_system,2515,2535,2545,1
EAVT-L3-SLOW-027-N196,EAVT-L3-SLOW-027,nuisance_misc,L0,auxiliary_system,2535,2555,2555,1
EAVT-L3-SLOW-027-N197,EAVT-L3-SLOW-027,nuisance_misc,L0,auxiliary_system,2550,2570,2575,1
EAVT-L3-SLOW-027-N198,EAVT-L3-SLOW-027,nuisance_misc,L0,auxiliary_system,2565,2585,2585,1
EAVT-L3-SLOW-027-N199,EAVT-L3-SLOW-027,nuisance_misc,L0,auxiliary_system,2585,2605,2615,1
EAVT-L3-SLOW-027-N200,EAVT-L3-SLOW-027,nuisance_misc,L0,auxiliary_system,2595,2615,2620,1
EAVT-L3-SLOW-027-N201,EAVT-L3-SLOW-027,nuisance_misc,L0,auxiliary_system,2600,2620,2615,1
EAVT-L3-SLOW-027-N202,EAVT-L3-SLOW-027,nuisance_misc,L0,auxiliary_system,2640,2660,2665,1
EAVT-L3-SLOW-027-N203,EAVT-L3-SLOW-027,nuisance_misc,L0,auxiliary_system,2645,2665,2660,1
EAVT-L3-SLOW-027-N204,EAVT-L3-SLOW-027,nuisance_misc,L0,auxiliary_system,2660,2680,2685,1
EAVT-L3-SLOW-027-N205,EAVT-L3-SLOW-027,nuisance_misc,L0,auxiliary_system,2665,2685,2680,1
EAVT-L3-SLOW-027-N206,EAVT-L3-SLOW-027,nuisance_misc,L0,auxiliary_system,2675,2695,2705,1
EAVT-L3-SLOW-027-N207,EAVT-L3-SLOW-027,nuisance_misc,L0,auxiliary_system,2700,2720,2720,1
EAVT-L3-SLOW-027-N208,EAVT-L3-SLOW-027,nuisance_misc,L0,auxiliary_system,2715,2735,2745,1
EAVT-L3-SLOW-027-N209,EAVT-L3-SLOW-027,nuisance_misc,L0,auxiliary_system,2735,2755,2765,1
EAVT-L3-SLOW-027-N210,EAVT-L3-SLOW-027,nuisance_misc,L0,auxiliary_system,2740,2760,2755,1
EAVT-L3-SLOW-027-N211,EAVT-L3-SLOW-027,nuisance_misc,L0,auxiliary_system,2790,2810,2820,1
EAVT-L3-SLOW-027-N212,EAVT-L3-SLOW-027,nuisance_misc,L0,auxiliary_system,2800,2820,2830,1
EAVT-L3-SLOW-027-N213,EAVT-L3-SLOW-027,nuisance_misc,L0,auxiliary_system,2800,2820,2820,1
EAVT-L3-SLOW-027-N214,EAVT-L3-SLOW-027,nuisance_misc,L0,auxiliary_system,2805,2825,2820,1
EAVT-L3-SLOW-027-N215,EAVT-L3-SLOW-027,nuisance_misc,L0,auxiliary_system,2850,2870,2875,1
EAVT-L3-SLOW-027-N216,EAVT-L3-SLOW-027,nuisance_misc,L0,auxiliary_system,2855,2875,2870,1
EAVT-L3-SLOW-027-N217,EAVT-L3-SLOW-027,nuisance_misc,L0,auxiliary_system,2860,2880,2875,1
EAVT-L3-SLOW-027-N218,EAVT-L3-SLOW-027,nuisance_misc,L0,auxiliary_system,2860,2880,2880,1
EAVT-L3-SLOW-027-N219,EAVT-L3-SLOW-027,nuisance_misc,L0,auxiliary_system,2880,2900,2900,1
EAVT-L3-SLOW-027-N220,EAVT-L3-SLOW-027,nuisance_misc,L0,auxiliary_system,2890,2910,2915,1
EAVT-L3-SLOW-027-N221,EAVT-L3-SLOW-027,nuisance_misc,L0,auxiliary_system,2895,2915,2920,1
EAVT-L3-SLOW-027-N222,EAVT-L3-SLOW-027,nuisance_misc,L0,auxiliary_system,2930,2950,2950,1
EAVT-L3-SLOW-027-N223,EAVT-L3-SLOW-027,nuisance_misc,L0,auxiliary_system,2950,2970,2965,1
EAVT-L3-SLOW-027-N224,EAVT-L3-SLOW-027,nuisance_misc,L0,auxiliary_system,2955,2975,2980,1
EAVT-L3-SLOW-027-N225,EAVT-L3-SLOW-027,nuisance_misc,L0,auxiliary_system,2975,2995,3000,1
EAVT-L3-SLOW-027-N226,EAVT-L3-SLOW-027,nuisance_misc,L0,auxiliary_system,2985,3005,3015,1
EAVT-L3-SLOW-027-N227,EAVT-L3-SLOW-027,nuisance_misc,L0,auxiliary_system,2985,3005,3000,1
EAVT-L3-SLOW-027-N228,EAVT-L3-SLOW-027,nuisance_misc,L0,auxiliary_system,2990,3010,3020,1
EAVT-L3-SLOW-027-N229,EAVT-L3-SLOW-027,nuisance_misc,L0,auxiliary_system,2995,3015,3025,1
EAVT-L3-SLOW-027-N230,EAVT-L3-SLOW-027,nuisance_misc,L0,auxiliary_system,3000,3020,3015,1
EAVT-L3-SLOW-027-N231,EAVT-L3-SLOW-027,nuisance_misc,L0,auxiliary_system,3030,3050,3055,1
EAVT-L3-SLOW-027-N232,EAVT-L3-SLOW-027,nuisance_misc,L0,auxiliary_system,3035,3055,3055,1
EAVT-L3-SLOW-027-N233,EAVT-L3-SLOW-027,nuisance_misc,L0,auxiliary_system,3035,3055,3055,1
EAVT-L3-SLOW-027-N234,EAVT-L3-SLOW-027,nuisance_misc,L0,auxiliary_system,3045,3065,3075,1
EAVT-L3-SLOW-027-N235,EAVT-L3-SLOW-027,nuisance_misc,L0,auxiliary_system,3055,3075,3085,1
EAVT-L3-SLOW-027-N236,EAVT-L3-SLOW-027,nuisance_misc,L0,auxiliary_system,3085,3105,3115,1
EAVT-L3-SLOW-027-N237,EAVT-L3-SLOW-027,nuisance_misc,L0,auxiliary_system,3090,3110,3120,1
EAVT-L3-SLOW-027-N238,EAVT-L3-SLOW-027,nuisance_misc,L0,auxiliary_system,3115,3135,3135,1
EAVT-L3-SLOW-027-N239,EAVT-L3-SLOW-027,nuisance_misc,L0,auxiliary_system,3120,3140,3150,1
EAVT-L3-SLOW-027-N240,EAVT-L3-SLOW-027,nuisance_misc,L0,auxiliary_system,3120,3140,3150,1
EAVT-L3-SLOW-027-N241,EAVT-L3-SLOW-027,nuisance_misc,L0,auxiliary_system,3140,3160,3165,1
EAVT-L3-SLOW-027-N242,EAVT-L3-SLOW-027,nuisance_misc,L0,auxiliary_system,3175,3195,3190,1
EAVT-L3-SLOW-027-N243,EAVT-L3-SLOW-027,nuisance_misc,L0,auxiliary_system,3260,3280,3280,1
EAVT-L3-SLOW-027-N244,EAVT-L3-SLOW-027,nuisance_misc,L0,auxiliary_system,3285,3305,3300,1
EAVT-L3-SLOW-027-N245,EAVT-L3-SLOW-027,nuisance_misc,L0,auxiliary_system,3290,3310,3315,1
EAVT-L3-SLOW-027-N246,EAVT-L3-SLOW-027,nuisance_misc,L0,auxiliary_system,3325,3345,3340,1
EAVT-L3-SLOW-027-N247,EAVT-L3-SLOW-027,nuisance_misc,L0,auxiliary_system,3350,3370,3370,1
EAVT-L3-SLOW-027-N248,EAVT-L3-SLOW-027,nuisance_misc,L0,auxiliary_system,3375,3395,3395,1
EAVT-L3-SLOW-027-N249,EAVT-L3-SLOW-027,nuisance_misc,L0,auxiliary_system,3375,3395,3400,1
EAVT-L3-SLOW-027-N250,EAVT-L3-SLOW-027,nuisance_misc,L0,auxiliary_system,3385,3405,3410,1
EAVT-L3-SLOW-027-N251,EAVT-L3-SLOW-027,nuisance_misc,L0,auxiliary_system,3400,3420,3430,1
EAVT-L3-SLOW-027-N252,EAVT-L3-SLOW-027,nuisance_misc,L0,auxiliary_system,3435,3455,3450,1
EAVT-L3-SLOW-027-N253,EAVT-L3-SLOW-027,nuisance_misc,L0,auxiliary_system,3450,3470,3470,1
EAVT-L3-SLOW-027-N254,EAVT-L3-SLOW-027,nuisance_misc,L0,auxiliary_system,3455,3475,3470,1
EAVT-L3-SLOW-027-N255,EAVT-L3-SLOW-027,nuisance_misc,L0,auxiliary_system,3470,3490,3490,1
EAVT-L3-SLOW-027-N256,EAVT-L3-SLOW-027,nuisance_misc,L0,auxiliary_system,3505,3525,3530,1
EAVT-L3-SLOW-027-N257,EAVT-L3-SLOW-027,nuisance_misc,L0,auxiliary_system,3515,3535,3535,1
EAVT-L3-SLOW-027-N258,EAVT-L3-SLOW-027,nuisance_misc,L0,auxiliary_system,3545,3565,3565,1
EAVT-L3-SLOW-027-N259,EAVT-L3-SLOW-027,nuisance_misc,L0,auxiliary_system,3550,3570,3565,1
EAVT-L3-SLOW-027-N260,EAVT-L3-SLOW-027,nuisance_misc,L0,auxiliary_system,3560,3580,3585,1
EAVT-L3-SLOW-027-N261,EAVT-L3-SLOW-027,nuisance_misc,L0,auxiliary_system,3565,3585,3585,1
EAVT-L3-SLOW-027-N262,EAVT-L3-SLOW-027,nuisance_misc,L0,auxiliary_system,3570,3590,3585,1
EAVT-L3-SLOW-027-N263,EAVT-L3-SLOW-027,nuisance_misc,L0,auxiliary_system,3575,3595,3605,1
EAVT-L3-SLOW-027-N264,EAVT-L3-SLOW-027,nuisance_misc,L0,auxiliary_system,3580,3600,3600,1
EAVT-L3-SLOW-027-N265,EAVT-L3-SLOW-027,nuisance_misc,L0,auxiliary_system,3585,3605,3610,1
EAVT-L3-SLOW-027-N266,EAVT-L3-SLOW-027,nuisance_misc,L0,auxiliary_system,3625,3645,3650,1
EAVT-L3-SLOW-027-N267,EAVT-L3-SLOW-027,nuisance_misc,L0,auxiliary_system,3645,3665,3660,1
EAVT-L3-SLOW-027-N268,EAVT-L3-SLOW-027,nuisance_misc,L0,auxiliary_system,3690,3710,3710,1
EAVT-L3-SLOW-027-N269,EAVT-L3-SLOW-027,nuisance_misc,L0,auxiliary_system,3690,3710,3720,1
EAVT-L3-SLOW-027-N270,EAVT-L3-SLOW-027,nuisance_misc,L0,auxiliary_system,3695,3715,3715,1
EAVT-L3-SLOW-027-N271,EAVT-L3-SLOW-027,nuisance_misc,L0,auxiliary_system,3695,3715,3725,1
EAVT-L3-SLOW-027-N272,EAVT-L3-SLOW-027,nuisance_misc,L0,auxiliary_system,3705,3725,3730,1
EAVT-L3-SLOW-027-N273,EAVT-L3-SLOW-027,nuisance_misc,L0,auxiliary_system,3710,3730,3740,1
EAVT-L3-SLOW-027-N274,EAVT-L3-SLOW-027,nuisance_misc,L0,auxiliary_system,3725,3745,3745,1
EAVT-L3-SLOW-027-N275,EAVT-L3-SLOW-027,nuisance_misc,L0,auxiliary_system,3730,3750,3745,1
EAVT-L3-SLOW-027-N276,EAVT-L3-SLOW-027,nuisance_misc,L0,auxiliary_system,3750,3770,3770,1
EAVT-L3-SLOW-027-N277,EAVT-L3-SLOW-027,nuisance_misc,L0,auxiliary_system,3750,3770,3775,1
EAVT-L3-SLOW-027-N278,EAVT-L3-SLOW-027,nuisance_misc,L0,auxiliary_system,3765,3785,3780,1
EAVT-L3-SLOW-027-N279,EAVT-L3-SLOW-027,nuisance_misc,L0,auxiliary_system,3770,3790,3785,1
EAVT-L3-SLOW-027-N280,EAVT-L3-SLOW-027,nuisance_misc,L0,auxiliary_system,3785,3805,3815,1
EAVT-L3-SLOW-027-N281,EAVT-L3-SLOW-027,nuisance_misc,L0,auxiliary_system,3820,3840,3850,1
EAVT-L3-SLOW-027-N282,EAVT-L3-SLOW-027,nuisance_misc,L0,auxiliary_system,3835,3855,3850,1
EAVT-L3-SLOW-027-N283,EAVT-L3-SLOW-027,nuisance_misc,L0,auxiliary_system,3840,3860,3860,1
EAVT-L3-SLOW-027-N284,EAVT-L3-SLOW-027,nuisance_misc,L0,auxiliary_system,3860,3880,3885,1
EAVT-L3-SLOW-027-N285,EAVT-L3-SLOW-027,nuisance_misc,L0,auxiliary_system,3865,3885,3895,1
EAVT-L3-SLOW-027-N286,EAVT-L3-SLOW-027,nuisance_misc,L0,auxiliary_system,3900,3920,3900,1
EAVT-L3-SLOW-027-N287,EAVT-L3-SLOW-027,nuisance_misc,L0,auxiliary_system,3900,3920,3900,1
EAVT-L3-SLOW-027-S01,EAVT-L3-SLOW-027,flow_deviation_branch,L1,feed_branch_1,3130,3270,3565,0
EAVT-L3-SLOW-027-S02,EAVT-L3-SLOW-027,t11_temperature_deviation,L3,T-1...T-11,3135,3270,3555,0
EAVT-L3-SLOW-027-S03,EAVT-L3-SLOW-027,feed_flow_imbalance,L2,feed_system,3145,3270,3540,0
EAVT-L3-SLOW-027-S04,EAVT-L3-SLOW-027,elou_load_imbalance,L4,ELOU,3185,3270,3490,0
EAVT-L3-SLOW-027-S05,EAVT-L3-SLOW-027,k1_feed_deviation,L5,K-1,3255,3270,3405,0
EAVT-L3-SLOW-028-N001,EAVT-L3-SLOW-028,nuisance_misc,L0,auxiliary_system,10,30,30,1
EAVT-L3-SLOW-028-N002,EAVT-L3-SLOW-028,nuisance_misc,L0,auxiliary_system,40,60,65,1
EAVT-L3-SLOW-028-N003,EAVT-L3-SLOW-028,nuisance_misc,L0,auxiliary_system,45,65,75,1
EAVT-L3-SLOW-028-N004,EAVT-L3-SLOW-028,nuisance_misc,L0,auxiliary_system,50,70,80,1
EAVT-L3-SLOW-028-N005,EAVT-L3-SLOW-028,nuisance_misc,L0,auxiliary_system,55,75,85,1
EAVT-L3-SLOW-028-N006,EAVT-L3-SLOW-028,nuisance_misc,L0,auxiliary_system,90,110,115,1
EAVT-L3-SLOW-028-N007,EAVT-L3-SLOW-028,nuisance_misc,L0,auxiliary_system,105,125,120,1
EAVT-L3-SLOW-028-N008,EAVT-L3-SLOW-028,nuisance_misc,L0,auxiliary_system,130,150,145,1
EAVT-L3-SLOW-028-N009,EAVT-L3-SLOW-028,nuisance_misc,L0,auxiliary_system,165,185,185,1
EAVT-L3-SLOW-028-N010,EAVT-L3-SLOW-028,nuisance_misc,L0,auxiliary_system,170,190,195,1
EAVT-L3-SLOW-028-N011,EAVT-L3-SLOW-028,nuisance_misc,L0,auxiliary_system,170,190,195,1
EAVT-L3-SLOW-028-N012,EAVT-L3-SLOW-028,nuisance_misc,L0,auxiliary_system,185,205,205,1
EAVT-L3-SLOW-028-N013,EAVT-L3-SLOW-028,nuisance_misc,L0,auxiliary_system,205,225,230,1
EAVT-L3-SLOW-028-N014,EAVT-L3-SLOW-028,nuisance_misc,L0,auxiliary_system,225,245,250,1
EAVT-L3-SLOW-028-N015,EAVT-L3-SLOW-028,nuisance_misc,L0,auxiliary_system,225,245,250,1
EAVT-L3-SLOW-028-N016,EAVT-L3-SLOW-028,nuisance_misc,L0,auxiliary_system,240,260,255,1
EAVT-L3-SLOW-028-N017,EAVT-L3-SLOW-028,nuisance_misc,L0,auxiliary_system,245,265,265,1
EAVT-L3-SLOW-028-N018,EAVT-L3-SLOW-028,nuisance_misc,L0,auxiliary_system,250,270,270,1
EAVT-L3-SLOW-028-N019,EAVT-L3-SLOW-028,nuisance_misc,L0,auxiliary_system,255,275,280,1
EAVT-L3-SLOW-028-N020,EAVT-L3-SLOW-028,nuisance_misc,L0,auxiliary_system,280,300,295,1
EAVT-L3-SLOW-028-N021,EAVT-L3-SLOW-028,nuisance_misc,L0,auxiliary_system,300,320,325,1
EAVT-L3-SLOW-028-N022,EAVT-L3-SLOW-028,nuisance_misc,L0,auxiliary_system,315,335,345,1
EAVT-L3-SLOW-028-N023,EAVT-L3-SLOW-028,nuisance_misc,L0,auxiliary_system,350,370,375,1
EAVT-L3-SLOW-028-N024,EAVT-L3-SLOW-028,nuisance_misc,L0,auxiliary_system,355,375,385,1
EAVT-L3-SLOW-028-N025,EAVT-L3-SLOW-028,nuisance_misc,L0,auxiliary_system,355,375,385,1
EAVT-L3-SLOW-028-N026,EAVT-L3-SLOW-028,nuisance_misc,L0,auxiliary_system,355,375,370,1
EAVT-L3-SLOW-028-N027,EAVT-L3-SLOW-028,nuisance_misc,L0,auxiliary_system,360,380,375,1
EAVT-L3-SLOW-028-N028,EAVT-L3-SLOW-028,nuisance_misc,L0,auxiliary_system,365,385,395,1
EAVT-L3-SLOW-028-N029,EAVT-L3-SLOW-028,nuisance_misc,L0,auxiliary_system,370,390,395,1
EAVT-L3-SLOW-028-N030,EAVT-L3-SLOW-028,nuisance_misc,L0,auxiliary_system,375,395,395,1
EAVT-L3-SLOW-028-N031,EAVT-L3-SLOW-028,nuisance_misc,L0,auxiliary_system,380,400,400,1
EAVT-L3-SLOW-028-N032,EAVT-L3-SLOW-028,nuisance_misc,L0,auxiliary_system,395,415,420,1
EAVT-L3-SLOW-028-N033,EAVT-L3-SLOW-028,nuisance_misc,L0,auxiliary_system,405,425,420,1
EAVT-L3-SLOW-028-N034,EAVT-L3-SLOW-028,nuisance_misc,L0,auxiliary_system,425,445,445,1
EAVT-L3-SLOW-028-N035,EAVT-L3-SLOW-028,nuisance_misc,L0,auxiliary_system,430,450,450,1
EAVT-L3-SLOW-028-N036,EAVT-L3-SLOW-028,nuisance_misc,L0,auxiliary_system,435,455,450,1
EAVT-L3-SLOW-028-N037,EAVT-L3-SLOW-028,nuisance_misc,L0,auxiliary_system,440,460,465,1
EAVT-L3-SLOW-028-N038,EAVT-L3-SLOW-028,nuisance_misc,L0,auxiliary_system,455,475,480,1
EAVT-L3-SLOW-028-N039,EAVT-L3-SLOW-028,nuisance_misc,L0,auxiliary_system,460,480,475,1
EAVT-L3-SLOW-028-N040,EAVT-L3-SLOW-028,nuisance_misc,L0,auxiliary_system,485,505,510,1
EAVT-L3-SLOW-028-N041,EAVT-L3-SLOW-028,nuisance_misc,L0,auxiliary_system,490,510,520,1
EAVT-L3-SLOW-028-N042,EAVT-L3-SLOW-028,nuisance_misc,L0,auxiliary_system,530,550,545,1
EAVT-L3-SLOW-028-N043,EAVT-L3-SLOW-028,nuisance_misc,L0,auxiliary_system,540,560,570,1
EAVT-L3-SLOW-028-N044,EAVT-L3-SLOW-028,nuisance_misc,L0,auxiliary_system,575,595,595,1
EAVT-L3-SLOW-028-N045,EAVT-L3-SLOW-028,nuisance_misc,L0,auxiliary_system,605,625,630,1
EAVT-L3-SLOW-028-N046,EAVT-L3-SLOW-028,nuisance_misc,L0,auxiliary_system,610,630,630,1
EAVT-L3-SLOW-028-N047,EAVT-L3-SLOW-028,nuisance_misc,L0,auxiliary_system,610,630,625,1
EAVT-L3-SLOW-028-N048,EAVT-L3-SLOW-028,nuisance_misc,L0,auxiliary_system,615,635,630,1
EAVT-L3-SLOW-028-N049,EAVT-L3-SLOW-028,nuisance_misc,L0,auxiliary_system,615,635,630,1
EAVT-L3-SLOW-028-N050,EAVT-L3-SLOW-028,nuisance_misc,L0,auxiliary_system,630,650,645,1
EAVT-L3-SLOW-028-N051,EAVT-L3-SLOW-028,nuisance_misc,L0,auxiliary_system,630,650,660,1
EAVT-L3-SLOW-028-N052,EAVT-L3-SLOW-028,nuisance_misc,L0,auxiliary_system,635,655,660,1
EAVT-L3-SLOW-028-N053,EAVT-L3-SLOW-028,nuisance_misc,L0,auxiliary_system,655,675,675,1
EAVT-L3-SLOW-028-N054,EAVT-L3-SLOW-028,nuisance_misc,L0,auxiliary_system,665,685,695,1
EAVT-L3-SLOW-028-N055,EAVT-L3-SLOW-028,nuisance_misc,L0,auxiliary_system,710,730,740,1
EAVT-L3-SLOW-028-N056,EAVT-L3-SLOW-028,nuisance_misc,L0,auxiliary_system,750,770,775,1
EAVT-L3-SLOW-028-N057,EAVT-L3-SLOW-028,nuisance_misc,L0,auxiliary_system,755,775,780,1
EAVT-L3-SLOW-028-N058,EAVT-L3-SLOW-028,nuisance_misc,L0,auxiliary_system,765,785,785,1
EAVT-L3-SLOW-028-N059,EAVT-L3-SLOW-028,nuisance_misc,L0,auxiliary_system,765,785,795,1
EAVT-L3-SLOW-028-N060,EAVT-L3-SLOW-028,nuisance_misc,L0,auxiliary_system,780,800,800,1
EAVT-L3-SLOW-028-N061,EAVT-L3-SLOW-028,nuisance_misc,L0,auxiliary_system,785,805,810,1
EAVT-L3-SLOW-028-N062,EAVT-L3-SLOW-028,nuisance_misc,L0,auxiliary_system,810,830,835,1
EAVT-L3-SLOW-028-N063,EAVT-L3-SLOW-028,nuisance_misc,L0,auxiliary_system,835,855,855,1
EAVT-L3-SLOW-028-N064,EAVT-L3-SLOW-028,nuisance_misc,L0,auxiliary_system,845,865,875,1
EAVT-L3-SLOW-028-N065,EAVT-L3-SLOW-028,nuisance_misc,L0,auxiliary_system,860,880,880,1
EAVT-L3-SLOW-028-N066,EAVT-L3-SLOW-028,nuisance_misc,L0,auxiliary_system,880,900,905,1
EAVT-L3-SLOW-028-N067,EAVT-L3-SLOW-028,nuisance_misc,L0,auxiliary_system,900,920,920,1
EAVT-L3-SLOW-028-N068,EAVT-L3-SLOW-028,nuisance_misc,L0,auxiliary_system,900,920,925,1
EAVT-L3-SLOW-028-N069,EAVT-L3-SLOW-028,nuisance_misc,L0,auxiliary_system,910,930,930,1
EAVT-L3-SLOW-028-N070,EAVT-L3-SLOW-028,nuisance_misc,L0,auxiliary_system,965,985,995,1
EAVT-L3-SLOW-028-N071,EAVT-L3-SLOW-028,nuisance_misc,L0,auxiliary_system,970,990,995,1
EAVT-L3-SLOW-028-N072,EAVT-L3-SLOW-028,nuisance_misc,L0,auxiliary_system,1000,1020,1015,1
EAVT-L3-SLOW-028-N073,EAVT-L3-SLOW-028,nuisance_misc,L0,auxiliary_system,1030,1050,1050,1
EAVT-L3-SLOW-028-N074,EAVT-L3-SLOW-028,nuisance_misc,L0,auxiliary_system,1040,1060,1060,1
EAVT-L3-SLOW-028-N075,EAVT-L3-SLOW-028,nuisance_misc,L0,auxiliary_system,1045,1065,1075,1
EAVT-L3-SLOW-028-N076,EAVT-L3-SLOW-028,nuisance_misc,L0,auxiliary_system,1080,1100,1105,1
EAVT-L3-SLOW-028-N077,EAVT-L3-SLOW-028,nuisance_misc,L0,auxiliary_system,1120,1140,1135,1
EAVT-L3-SLOW-028-N078,EAVT-L3-SLOW-028,nuisance_misc,L0,auxiliary_system,1160,1180,1180,1
EAVT-L3-SLOW-028-N079,EAVT-L3-SLOW-028,nuisance_misc,L0,auxiliary_system,1215,1235,1240,1
EAVT-L3-SLOW-028-N080,EAVT-L3-SLOW-028,nuisance_misc,L0,auxiliary_system,1230,1250,1255,1
EAVT-L3-SLOW-028-N081,EAVT-L3-SLOW-028,nuisance_misc,L0,auxiliary_system,1230,1250,1250,1
EAVT-L3-SLOW-028-N082,EAVT-L3-SLOW-028,nuisance_misc,L0,auxiliary_system,1260,1280,1280,1
EAVT-L3-SLOW-028-N083,EAVT-L3-SLOW-028,nuisance_misc,L0,auxiliary_system,1275,1295,1305,1
EAVT-L3-SLOW-028-N084,EAVT-L3-SLOW-028,nuisance_misc,L0,auxiliary_system,1300,1320,1330,1
EAVT-L3-SLOW-028-N085,EAVT-L3-SLOW-028,nuisance_misc,L0,auxiliary_system,1305,1325,1330,1
EAVT-L3-SLOW-028-N086,EAVT-L3-SLOW-028,nuisance_misc,L0,auxiliary_system,1315,1335,1335,1
EAVT-L3-SLOW-028-N087,EAVT-L3-SLOW-028,nuisance_misc,L0,auxiliary_system,1330,1350,1345,1
EAVT-L3-SLOW-028-N088,EAVT-L3-SLOW-028,nuisance_misc,L0,auxiliary_system,1335,1355,1365,1
EAVT-L3-SLOW-028-N089,EAVT-L3-SLOW-028,nuisance_misc,L0,auxiliary_system,1360,1380,1375,1
EAVT-L3-SLOW-028-N090,EAVT-L3-SLOW-028,nuisance_misc,L0,auxiliary_system,1385,1405,1410,1
EAVT-L3-SLOW-028-N091,EAVT-L3-SLOW-028,nuisance_misc,L0,auxiliary_system,1395,1415,1415,1
EAVT-L3-SLOW-028-N092,EAVT-L3-SLOW-028,nuisance_misc,L0,auxiliary_system,1410,1430,1430,1
EAVT-L3-SLOW-028-N093,EAVT-L3-SLOW-028,nuisance_misc,L0,auxiliary_system,1430,1450,1460,1
EAVT-L3-SLOW-028-N094,EAVT-L3-SLOW-028,nuisance_misc,L0,auxiliary_system,1435,1455,1460,1
EAVT-L3-SLOW-028-N095,EAVT-L3-SLOW-028,nuisance_misc,L0,auxiliary_system,1460,1480,1480,1
EAVT-L3-SLOW-028-N096,EAVT-L3-SLOW-028,nuisance_misc,L0,auxiliary_system,1485,1505,1510,1
EAVT-L3-SLOW-028-N097,EAVT-L3-SLOW-028,nuisance_misc,L0,auxiliary_system,1490,1510,1505,1
EAVT-L3-SLOW-028-N098,EAVT-L3-SLOW-028,nuisance_misc,L0,auxiliary_system,1510,1530,1540,1
EAVT-L3-SLOW-028-N099,EAVT-L3-SLOW-028,nuisance_misc,L0,auxiliary_system,1515,1535,1540,1
EAVT-L3-SLOW-028-N100,EAVT-L3-SLOW-028,nuisance_misc,L0,auxiliary_system,1520,1540,1540,1
EAVT-L3-SLOW-028-N101,EAVT-L3-SLOW-028,nuisance_misc,L0,auxiliary_system,1520,1540,1550,1
EAVT-L3-SLOW-028-N102,EAVT-L3-SLOW-028,nuisance_misc,L0,auxiliary_system,1530,1550,1550,1
EAVT-L3-SLOW-028-N103,EAVT-L3-SLOW-028,nuisance_misc,L0,auxiliary_system,1535,1555,1565,1
EAVT-L3-SLOW-028-N104,EAVT-L3-SLOW-028,nuisance_misc,L0,auxiliary_system,1570,1590,1600,1
EAVT-L3-SLOW-028-N105,EAVT-L3-SLOW-028,nuisance_misc,L0,auxiliary_system,1585,1605,1605,1
EAVT-L3-SLOW-028-N106,EAVT-L3-SLOW-028,nuisance_misc,L0,auxiliary_system,1610,1630,1630,1
EAVT-L3-SLOW-028-N107,EAVT-L3-SLOW-028,nuisance_misc,L0,auxiliary_system,1620,1640,1635,1
EAVT-L3-SLOW-028-N108,EAVT-L3-SLOW-028,nuisance_misc,L0,auxiliary_system,1640,1660,1670,1
EAVT-L3-SLOW-028-N109,EAVT-L3-SLOW-028,nuisance_misc,L0,auxiliary_system,1640,1660,1665,1
EAVT-L3-SLOW-028-N110,EAVT-L3-SLOW-028,nuisance_misc,L0,auxiliary_system,1650,1670,1675,1
EAVT-L3-SLOW-028-N111,EAVT-L3-SLOW-028,nuisance_misc,L0,auxiliary_system,1650,1670,1670,1
EAVT-L3-SLOW-028-N112,EAVT-L3-SLOW-028,nuisance_misc,L0,auxiliary_system,1665,1685,1695,1
EAVT-L3-SLOW-028-N113,EAVT-L3-SLOW-028,nuisance_misc,L0,auxiliary_system,1670,1690,1685,1
EAVT-L3-SLOW-028-N114,EAVT-L3-SLOW-028,nuisance_misc,L0,auxiliary_system,1675,1695,1700,1
EAVT-L3-SLOW-028-N115,EAVT-L3-SLOW-028,nuisance_misc,L0,auxiliary_system,1710,1730,1730,1
EAVT-L3-SLOW-028-N116,EAVT-L3-SLOW-028,nuisance_misc,L0,auxiliary_system,1715,1735,1740,1
EAVT-L3-SLOW-028-N117,EAVT-L3-SLOW-028,nuisance_misc,L0,auxiliary_system,1725,1745,1755,1
EAVT-L3-SLOW-028-N118,EAVT-L3-SLOW-028,nuisance_misc,L0,auxiliary_system,1725,1745,1755,1
EAVT-L3-SLOW-028-N119,EAVT-L3-SLOW-028,nuisance_misc,L0,auxiliary_system,1740,1760,1755,1
EAVT-L3-SLOW-028-N120,EAVT-L3-SLOW-028,nuisance_misc,L0,auxiliary_system,1745,1765,1760,1
EAVT-L3-SLOW-028-N121,EAVT-L3-SLOW-028,nuisance_misc,L0,auxiliary_system,1750,1770,1765,1
EAVT-L3-SLOW-028-N122,EAVT-L3-SLOW-028,nuisance_misc,L0,auxiliary_system,1795,1815,1810,1
EAVT-L3-SLOW-028-N123,EAVT-L3-SLOW-028,nuisance_misc,L0,auxiliary_system,1805,1825,1820,1
EAVT-L3-SLOW-028-N124,EAVT-L3-SLOW-028,nuisance_misc,L0,auxiliary_system,1815,1835,1830,1
EAVT-L3-SLOW-028-N125,EAVT-L3-SLOW-028,nuisance_misc,L0,auxiliary_system,1825,1845,1850,1
EAVT-L3-SLOW-028-N126,EAVT-L3-SLOW-028,nuisance_misc,L0,auxiliary_system,1890,1910,1915,1
EAVT-L3-SLOW-028-N127,EAVT-L3-SLOW-028,nuisance_misc,L0,auxiliary_system,1895,1915,1920,1
EAVT-L3-SLOW-028-N128,EAVT-L3-SLOW-028,nuisance_misc,L0,auxiliary_system,1900,1920,1930,1
EAVT-L3-SLOW-028-N129,EAVT-L3-SLOW-028,nuisance_misc,L0,auxiliary_system,1905,1925,1930,1
EAVT-L3-SLOW-028-N130,EAVT-L3-SLOW-028,nuisance_misc,L0,auxiliary_system,1910,1930,1930,1
EAVT-L3-SLOW-028-N131,EAVT-L3-SLOW-028,nuisance_misc,L0,auxiliary_system,1910,1930,1925,1
EAVT-L3-SLOW-028-N132,EAVT-L3-SLOW-028,nuisance_misc,L0,auxiliary_system,1920,1940,1940,1
EAVT-L3-SLOW-028-N133,EAVT-L3-SLOW-028,nuisance_misc,L0,auxiliary_system,1925,1945,1945,1
EAVT-L3-SLOW-028-N134,EAVT-L3-SLOW-028,nuisance_misc,L0,auxiliary_system,1925,1945,1945,1
EAVT-L3-SLOW-028-N135,EAVT-L3-SLOW-028,nuisance_misc,L0,auxiliary_system,1945,1965,1965,1
EAVT-L3-SLOW-028-N136,EAVT-L3-SLOW-028,nuisance_misc,L0,auxiliary_system,1990,2010,2020,1
EAVT-L3-SLOW-028-N137,EAVT-L3-SLOW-028,nuisance_misc,L0,auxiliary_system,1995,2015,2015,1
EAVT-L3-SLOW-028-N138,EAVT-L3-SLOW-028,nuisance_misc,L0,auxiliary_system,2005,2025,2030,1
EAVT-L3-SLOW-028-N139,EAVT-L3-SLOW-028,nuisance_misc,L0,auxiliary_system,2005,2025,2030,1
EAVT-L3-SLOW-028-N140,EAVT-L3-SLOW-028,nuisance_misc,L0,auxiliary_system,2020,2040,2050,1
EAVT-L3-SLOW-028-N141,EAVT-L3-SLOW-028,nuisance_misc,L0,auxiliary_system,2025,2045,2045,1
EAVT-L3-SLOW-028-N142,EAVT-L3-SLOW-028,nuisance_misc,L0,auxiliary_system,2030,2050,2045,1
EAVT-L3-SLOW-028-N143,EAVT-L3-SLOW-028,nuisance_misc,L0,auxiliary_system,2035,2055,2065,1
EAVT-L3-SLOW-028-N144,EAVT-L3-SLOW-028,nuisance_misc,L0,auxiliary_system,2050,2070,2070,1
EAVT-L3-SLOW-028-N145,EAVT-L3-SLOW-028,nuisance_misc,L0,auxiliary_system,2050,2070,2080,1
EAVT-L3-SLOW-028-N146,EAVT-L3-SLOW-028,nuisance_misc,L0,auxiliary_system,2065,2085,2085,1
EAVT-L3-SLOW-028-N147,EAVT-L3-SLOW-028,nuisance_misc,L0,auxiliary_system,2095,2115,2110,1
EAVT-L3-SLOW-028-N148,EAVT-L3-SLOW-028,nuisance_misc,L0,auxiliary_system,2150,2170,2165,1
EAVT-L3-SLOW-028-N149,EAVT-L3-SLOW-028,nuisance_misc,L0,auxiliary_system,2160,2180,2185,1
EAVT-L3-SLOW-028-N150,EAVT-L3-SLOW-028,nuisance_misc,L0,auxiliary_system,2195,2215,2210,1
EAVT-L3-SLOW-028-N151,EAVT-L3-SLOW-028,nuisance_misc,L0,auxiliary_system,2195,2215,2220,1
EAVT-L3-SLOW-028-N152,EAVT-L3-SLOW-028,nuisance_misc,L0,auxiliary_system,2210,2230,2230,1
EAVT-L3-SLOW-028-N153,EAVT-L3-SLOW-028,nuisance_misc,L0,auxiliary_system,2225,2245,2250,1
EAVT-L3-SLOW-028-N154,EAVT-L3-SLOW-028,nuisance_misc,L0,auxiliary_system,2230,2250,2255,1
EAVT-L3-SLOW-028-N155,EAVT-L3-SLOW-028,nuisance_misc,L0,auxiliary_system,2235,2255,2260,1
EAVT-L3-SLOW-028-N156,EAVT-L3-SLOW-028,nuisance_misc,L0,auxiliary_system,2235,2255,2260,1
EAVT-L3-SLOW-028-N157,EAVT-L3-SLOW-028,nuisance_misc,L0,auxiliary_system,2235,2255,2260,1
EAVT-L3-SLOW-028-N158,EAVT-L3-SLOW-028,nuisance_misc,L0,auxiliary_system,2245,2265,2265,1
EAVT-L3-SLOW-028-N159,EAVT-L3-SLOW-028,nuisance_misc,L0,auxiliary_system,2245,2265,2265,1
EAVT-L3-SLOW-028-N160,EAVT-L3-SLOW-028,nuisance_misc,L0,auxiliary_system,2265,2285,2280,1
EAVT-L3-SLOW-028-N161,EAVT-L3-SLOW-028,nuisance_misc,L0,auxiliary_system,2265,2285,2290,1
EAVT-L3-SLOW-028-N162,EAVT-L3-SLOW-028,nuisance_misc,L0,auxiliary_system,2330,2350,2360,1
EAVT-L3-SLOW-028-N163,EAVT-L3-SLOW-028,nuisance_misc,L0,auxiliary_system,2340,2360,2370,1
EAVT-L3-SLOW-028-N164,EAVT-L3-SLOW-028,nuisance_misc,L0,auxiliary_system,2345,2365,2365,1
EAVT-L3-SLOW-028-N165,EAVT-L3-SLOW-028,nuisance_misc,L0,auxiliary_system,2355,2375,2370,1
EAVT-L3-SLOW-028-N166,EAVT-L3-SLOW-028,nuisance_misc,L0,auxiliary_system,2355,2375,2375,1
EAVT-L3-SLOW-028-N167,EAVT-L3-SLOW-028,nuisance_misc,L0,auxiliary_system,2395,2415,2420,1
EAVT-L3-SLOW-028-N168,EAVT-L3-SLOW-028,nuisance_misc,L0,auxiliary_system,2405,2425,2420,1
EAVT-L3-SLOW-028-N169,EAVT-L3-SLOW-028,nuisance_misc,L0,auxiliary_system,2410,2430,2430,1
EAVT-L3-SLOW-028-N170,EAVT-L3-SLOW-028,nuisance_misc,L0,auxiliary_system,2460,2480,2490,1
EAVT-L3-SLOW-028-N171,EAVT-L3-SLOW-028,nuisance_misc,L0,auxiliary_system,2460,2480,2490,1
EAVT-L3-SLOW-028-N172,EAVT-L3-SLOW-028,nuisance_misc,L0,auxiliary_system,2470,2490,2485,1
EAVT-L3-SLOW-028-N173,EAVT-L3-SLOW-028,nuisance_misc,L0,auxiliary_system,2505,2525,2520,1
EAVT-L3-SLOW-028-N174,EAVT-L3-SLOW-028,nuisance_misc,L0,auxiliary_system,2525,2545,2550,1
EAVT-L3-SLOW-028-N175,EAVT-L3-SLOW-028,nuisance_misc,L0,auxiliary_system,2555,2575,2570,1
EAVT-L3-SLOW-028-N176,EAVT-L3-SLOW-028,nuisance_misc,L0,auxiliary_system,2565,2585,2590,1
EAVT-L3-SLOW-028-N177,EAVT-L3-SLOW-028,nuisance_misc,L0,auxiliary_system,2570,2590,2600,1
EAVT-L3-SLOW-028-N178,EAVT-L3-SLOW-028,nuisance_misc,L0,auxiliary_system,2570,2590,2585,1
EAVT-L3-SLOW-028-N179,EAVT-L3-SLOW-028,nuisance_misc,L0,auxiliary_system,2575,2595,2600,1
EAVT-L3-SLOW-028-N180,EAVT-L3-SLOW-028,nuisance_misc,L0,auxiliary_system,2580,2600,2595,1
EAVT-L3-SLOW-028-N181,EAVT-L3-SLOW-028,nuisance_misc,L0,auxiliary_system,2585,2605,2610,1
EAVT-L3-SLOW-028-N182,EAVT-L3-SLOW-028,nuisance_misc,L0,auxiliary_system,2590,2610,2610,1
EAVT-L3-SLOW-028-N183,EAVT-L3-SLOW-028,nuisance_misc,L0,auxiliary_system,2600,2620,2615,1
EAVT-L3-SLOW-028-N184,EAVT-L3-SLOW-028,nuisance_misc,L0,auxiliary_system,2600,2620,2620,1
EAVT-L3-SLOW-028-N185,EAVT-L3-SLOW-028,nuisance_misc,L0,auxiliary_system,2605,2625,2620,1
EAVT-L3-SLOW-028-N186,EAVT-L3-SLOW-028,nuisance_misc,L0,auxiliary_system,2620,2640,2650,1
EAVT-L3-SLOW-028-N187,EAVT-L3-SLOW-028,nuisance_misc,L0,auxiliary_system,2625,2645,2650,1
EAVT-L3-SLOW-028-N188,EAVT-L3-SLOW-028,nuisance_misc,L0,auxiliary_system,2625,2645,2655,1
EAVT-L3-SLOW-028-N189,EAVT-L3-SLOW-028,nuisance_misc,L0,auxiliary_system,2635,2655,2655,1
EAVT-L3-SLOW-028-N190,EAVT-L3-SLOW-028,nuisance_misc,L0,auxiliary_system,2640,2660,2655,1
EAVT-L3-SLOW-028-N191,EAVT-L3-SLOW-028,nuisance_misc,L0,auxiliary_system,2645,2665,2670,1
EAVT-L3-SLOW-028-N192,EAVT-L3-SLOW-028,nuisance_misc,L0,auxiliary_system,2650,2670,2670,1
EAVT-L3-SLOW-028-N193,EAVT-L3-SLOW-028,nuisance_misc,L0,auxiliary_system,2655,2675,2680,1
EAVT-L3-SLOW-028-N194,EAVT-L3-SLOW-028,nuisance_misc,L0,auxiliary_system,2660,2680,2680,1
EAVT-L3-SLOW-028-N195,EAVT-L3-SLOW-028,nuisance_misc,L0,auxiliary_system,2710,2730,2725,1
EAVT-L3-SLOW-028-N196,EAVT-L3-SLOW-028,nuisance_misc,L0,auxiliary_system,2745,2765,2770,1
EAVT-L3-SLOW-028-N197,EAVT-L3-SLOW-028,nuisance_misc,L0,auxiliary_system,2760,2780,2780,1
EAVT-L3-SLOW-028-N198,EAVT-L3-SLOW-028,nuisance_misc,L0,auxiliary_system,2800,2820,2830,1
EAVT-L3-SLOW-028-N199,EAVT-L3-SLOW-028,nuisance_misc,L0,auxiliary_system,2800,2820,2825,1
EAVT-L3-SLOW-028-N200,EAVT-L3-SLOW-028,nuisance_misc,L0,auxiliary_system,2815,2835,2845,1
EAVT-L3-SLOW-028-N201,EAVT-L3-SLOW-028,nuisance_misc,L0,auxiliary_system,2855,2875,2880,1
EAVT-L3-SLOW-028-N202,EAVT-L3-SLOW-028,nuisance_misc,L0,auxiliary_system,2865,2885,2895,1
EAVT-L3-SLOW-028-N203,EAVT-L3-SLOW-028,nuisance_misc,L0,auxiliary_system,2880,2900,2905,1
EAVT-L3-SLOW-028-N204,EAVT-L3-SLOW-028,nuisance_misc,L0,auxiliary_system,2890,2910,2915,1
EAVT-L3-SLOW-028-N205,EAVT-L3-SLOW-028,nuisance_misc,L0,auxiliary_system,2930,2950,2945,1
EAVT-L3-SLOW-028-N206,EAVT-L3-SLOW-028,nuisance_misc,L0,auxiliary_system,2935,2955,2950,1
EAVT-L3-SLOW-028-N207,EAVT-L3-SLOW-028,nuisance_misc,L0,auxiliary_system,2935,2955,2960,1
EAVT-L3-SLOW-028-N208,EAVT-L3-SLOW-028,nuisance_misc,L0,auxiliary_system,2950,2970,2970,1
EAVT-L3-SLOW-028-N209,EAVT-L3-SLOW-028,nuisance_misc,L0,auxiliary_system,2955,2975,2985,1
EAVT-L3-SLOW-028-N210,EAVT-L3-SLOW-028,nuisance_misc,L0,auxiliary_system,2965,2985,2990,1
EAVT-L3-SLOW-028-N211,EAVT-L3-SLOW-028,nuisance_misc,L0,auxiliary_system,2980,3000,3010,1
EAVT-L3-SLOW-028-N212,EAVT-L3-SLOW-028,nuisance_misc,L0,auxiliary_system,3020,3040,3050,1
EAVT-L3-SLOW-028-N213,EAVT-L3-SLOW-028,nuisance_misc,L0,auxiliary_system,3030,3050,3060,1
EAVT-L3-SLOW-028-N214,EAVT-L3-SLOW-028,nuisance_misc,L0,auxiliary_system,3035,3055,3050,1
EAVT-L3-SLOW-028-N215,EAVT-L3-SLOW-028,nuisance_misc,L0,auxiliary_system,3055,3075,3075,1
EAVT-L3-SLOW-028-N216,EAVT-L3-SLOW-028,nuisance_misc,L0,auxiliary_system,3075,3095,3090,1
EAVT-L3-SLOW-028-N217,EAVT-L3-SLOW-028,nuisance_misc,L0,auxiliary_system,3090,3110,3120,1
EAVT-L3-SLOW-028-N218,EAVT-L3-SLOW-028,nuisance_misc,L0,auxiliary_system,3140,3160,3165,1
EAVT-L3-SLOW-028-N219,EAVT-L3-SLOW-028,nuisance_misc,L0,auxiliary_system,3165,3185,3180,1
EAVT-L3-SLOW-028-N220,EAVT-L3-SLOW-028,nuisance_misc,L0,auxiliary_system,3185,3205,3215,1
EAVT-L3-SLOW-028-N221,EAVT-L3-SLOW-028,nuisance_misc,L0,auxiliary_system,3210,3230,3225,1
EAVT-L3-SLOW-028-N222,EAVT-L3-SLOW-028,nuisance_misc,L0,auxiliary_system,3215,3235,3230,1
EAVT-L3-SLOW-028-N223,EAVT-L3-SLOW-028,nuisance_misc,L0,auxiliary_system,3220,3240,3240,1
EAVT-L3-SLOW-028-N224,EAVT-L3-SLOW-028,nuisance_misc,L0,auxiliary_system,3225,3245,3255,1
EAVT-L3-SLOW-028-N225,EAVT-L3-SLOW-028,nuisance_misc,L0,auxiliary_system,3240,3260,3260,1
EAVT-L3-SLOW-028-N226,EAVT-L3-SLOW-028,nuisance_misc,L0,auxiliary_system,3280,3300,3305,1
EAVT-L3-SLOW-028-N227,EAVT-L3-SLOW-028,nuisance_misc,L0,auxiliary_system,3290,3310,3315,1
EAVT-L3-SLOW-028-N228,EAVT-L3-SLOW-028,nuisance_misc,L0,auxiliary_system,3290,3310,3305,1
EAVT-L3-SLOW-028-N229,EAVT-L3-SLOW-028,nuisance_misc,L0,auxiliary_system,3290,3310,3315,1
EAVT-L3-SLOW-028-N230,EAVT-L3-SLOW-028,nuisance_misc,L0,auxiliary_system,3340,3360,3360,1
EAVT-L3-SLOW-028-N231,EAVT-L3-SLOW-028,nuisance_misc,L0,auxiliary_system,3360,3380,3375,1
EAVT-L3-SLOW-028-N232,EAVT-L3-SLOW-028,nuisance_misc,L0,auxiliary_system,3385,3405,3410,1
EAVT-L3-SLOW-028-N233,EAVT-L3-SLOW-028,nuisance_misc,L0,auxiliary_system,3400,3420,3415,1
EAVT-L3-SLOW-028-N234,EAVT-L3-SLOW-028,nuisance_misc,L0,auxiliary_system,3420,3440,3450,1
EAVT-L3-SLOW-028-N235,EAVT-L3-SLOW-028,nuisance_misc,L0,auxiliary_system,3420,3440,3445,1
EAVT-L3-SLOW-028-N236,EAVT-L3-SLOW-028,nuisance_misc,L0,auxiliary_system,3430,3450,3455,1
EAVT-L3-SLOW-028-N237,EAVT-L3-SLOW-028,nuisance_misc,L0,auxiliary_system,3460,3480,3480,1
EAVT-L3-SLOW-028-N238,EAVT-L3-SLOW-028,nuisance_misc,L0,auxiliary_system,3470,3490,3500,1
EAVT-L3-SLOW-028-N239,EAVT-L3-SLOW-028,nuisance_misc,L0,auxiliary_system,3480,3500,3495,1
EAVT-L3-SLOW-028-N240,EAVT-L3-SLOW-028,nuisance_misc,L0,auxiliary_system,3480,3500,3505,1
EAVT-L3-SLOW-028-N241,EAVT-L3-SLOW-028,nuisance_misc,L0,auxiliary_system,3490,3510,3515,1
EAVT-L3-SLOW-028-N242,EAVT-L3-SLOW-028,nuisance_misc,L0,auxiliary_system,3495,3515,3520,1
EAVT-L3-SLOW-028-N243,EAVT-L3-SLOW-028,nuisance_misc,L0,auxiliary_system,3515,3535,3530,1
EAVT-L3-SLOW-028-N244,EAVT-L3-SLOW-028,nuisance_misc,L0,auxiliary_system,3545,3565,3570,1
EAVT-L3-SLOW-028-N245,EAVT-L3-SLOW-028,nuisance_misc,L0,auxiliary_system,3555,3575,3570,1
EAVT-L3-SLOW-028-N246,EAVT-L3-SLOW-028,nuisance_misc,L0,auxiliary_system,3555,3575,3580,1
EAVT-L3-SLOW-028-N247,EAVT-L3-SLOW-028,nuisance_misc,L0,auxiliary_system,3565,3585,3590,1
EAVT-L3-SLOW-028-N248,EAVT-L3-SLOW-028,nuisance_misc,L0,auxiliary_system,3580,3600,3610,1
EAVT-L3-SLOW-028-N249,EAVT-L3-SLOW-028,nuisance_misc,L0,auxiliary_system,3585,3605,3600,1
EAVT-L3-SLOW-028-N250,EAVT-L3-SLOW-028,nuisance_misc,L0,auxiliary_system,3585,3605,3610,1
EAVT-L3-SLOW-028-N251,EAVT-L3-SLOW-028,nuisance_misc,L0,auxiliary_system,3595,3615,3610,1
EAVT-L3-SLOW-028-N252,EAVT-L3-SLOW-028,nuisance_misc,L0,auxiliary_system,3600,3620,3625,1
EAVT-L3-SLOW-028-N253,EAVT-L3-SLOW-028,nuisance_misc,L0,auxiliary_system,3615,3635,3635,1
EAVT-L3-SLOW-028-N254,EAVT-L3-SLOW-028,nuisance_misc,L0,auxiliary_system,3630,3650,3655,1
EAVT-L3-SLOW-028-N255,EAVT-L3-SLOW-028,nuisance_misc,L0,auxiliary_system,3630,3650,3645,1
EAVT-L3-SLOW-028-N256,EAVT-L3-SLOW-028,nuisance_misc,L0,auxiliary_system,3665,3685,3695,1
EAVT-L3-SLOW-028-N257,EAVT-L3-SLOW-028,nuisance_misc,L0,auxiliary_system,3670,3690,3690,1
EAVT-L3-SLOW-028-N258,EAVT-L3-SLOW-028,nuisance_misc,L0,auxiliary_system,3685,3705,3700,1
EAVT-L3-SLOW-028-N259,EAVT-L3-SLOW-028,nuisance_misc,L0,auxiliary_system,3690,3710,3710,1
EAVT-L3-SLOW-028-N260,EAVT-L3-SLOW-028,nuisance_misc,L0,auxiliary_system,3705,3725,3720,1
EAVT-L3-SLOW-028-N261,EAVT-L3-SLOW-028,nuisance_misc,L0,auxiliary_system,3710,3730,3725,1
EAVT-L3-SLOW-028-N262,EAVT-L3-SLOW-028,nuisance_misc,L0,auxiliary_system,3720,3740,3750,1
EAVT-L3-SLOW-028-N263,EAVT-L3-SLOW-028,nuisance_misc,L0,auxiliary_system,3730,3750,3745,1
EAVT-L3-SLOW-028-N264,EAVT-L3-SLOW-028,nuisance_misc,L0,auxiliary_system,3750,3770,3770,1
EAVT-L3-SLOW-028-N265,EAVT-L3-SLOW-028,nuisance_misc,L0,auxiliary_system,3760,3780,3790,1
EAVT-L3-SLOW-028-N266,EAVT-L3-SLOW-028,nuisance_misc,L0,auxiliary_system,3765,3785,3785,1
EAVT-L3-SLOW-028-N267,EAVT-L3-SLOW-028,nuisance_misc,L0,auxiliary_system,3790,3810,3820,1
EAVT-L3-SLOW-028-N268,EAVT-L3-SLOW-028,nuisance_misc,L0,auxiliary_system,3805,3825,3830,1
EAVT-L3-SLOW-028-N269,EAVT-L3-SLOW-028,nuisance_misc,L0,auxiliary_system,3830,3850,3860,1
EAVT-L3-SLOW-028-N270,EAVT-L3-SLOW-028,nuisance_misc,L0,auxiliary_system,3840,3860,3865,1
EAVT-L3-SLOW-028-N271,EAVT-L3-SLOW-028,nuisance_misc,L0,auxiliary_system,3850,3870,3865,1
EAVT-L3-SLOW-028-N272,EAVT-L3-SLOW-028,nuisance_misc,L0,auxiliary_system,3855,3875,3880,1
EAVT-L3-SLOW-028-N273,EAVT-L3-SLOW-028,nuisance_misc,L0,auxiliary_system,3855,3875,3885,1
EAVT-L3-SLOW-028-N274,EAVT-L3-SLOW-028,nuisance_misc,L0,auxiliary_system,3870,3890,3900,1
EAVT-L3-SLOW-028-N275,EAVT-L3-SLOW-028,nuisance_misc,L0,auxiliary_system,3880,3900,3900,1
EAVT-L3-SLOW-028-N276,EAVT-L3-SLOW-028,nuisance_misc,L0,auxiliary_system,3885,3905,3900,1
EAVT-L3-SLOW-028-N277,EAVT-L3-SLOW-028,nuisance_misc,L0,auxiliary_system,3895,3915,3900,1
EAVT-L3-SLOW-028-N278,EAVT-L3-SLOW-028,nuisance_misc,L0,auxiliary_system,3900,3920,3900,1
EAVT-L3-SLOW-028-S01,EAVT-L3-SLOW-028,flow_deviation_branch,L1,feed_branch_2,3160,3245,3900,0
EAVT-L3-SLOW-028-S02,EAVT-L3-SLOW-028,t11_temperature_deviation,L3,T-1...T-11,3165,3245,3900,0
EAVT-L3-SLOW-028-S03,EAVT-L3-SLOW-028,feed_flow_imbalance,L2,feed_system,3175,3245,3900,0
EAVT-L3-SLOW-028-S04,EAVT-L3-SLOW-028,elou_load_imbalance,L4,ELOU,3210,3245,3900,0
EAVT-L3-SLOW-028-S05,EAVT-L3-SLOW-028,k1_feed_deviation,L5,K-1,3285,3300,3900,0
EAVT-L3-ALARM-OVERLOAD-029-N001,EAVT-L3-ALARM-OVERLOAD-029,nuisance_misc,L0,auxiliary_system,20,,40,1
EAVT-L3-ALARM-OVERLOAD-029-N002,EAVT-L3-ALARM-OVERLOAD-029,nuisance_misc,L0,auxiliary_system,25,,50,1
EAVT-L3-ALARM-OVERLOAD-029-N003,EAVT-L3-ALARM-OVERLOAD-029,nuisance_misc,L0,auxiliary_system,25,,40,1
EAVT-L3-ALARM-OVERLOAD-029-N004,EAVT-L3-ALARM-OVERLOAD-029,nuisance_misc,L0,auxiliary_system,45,,65,1
EAVT-L3-ALARM-OVERLOAD-029-N005,EAVT-L3-ALARM-OVERLOAD-029,nuisance_misc,L0,auxiliary_system,45,,75,1
EAVT-L3-ALARM-OVERLOAD-029-N006,EAVT-L3-ALARM-OVERLOAD-029,nuisance_misc,L0,auxiliary_system,55,,80,1
EAVT-L3-ALARM-OVERLOAD-029-N007,EAVT-L3-ALARM-OVERLOAD-029,nuisance_misc,L0,auxiliary_system,60,,75,1
EAVT-L3-ALARM-OVERLOAD-029-N008,EAVT-L3-ALARM-OVERLOAD-029,nuisance_misc,L0,auxiliary_system,80,,95,1
EAVT-L3-ALARM-OVERLOAD-029-N009,EAVT-L3-ALARM-OVERLOAD-029,nuisance_misc,L0,auxiliary_system,85,,100,1
EAVT-L3-ALARM-OVERLOAD-029-N010,EAVT-L3-ALARM-OVERLOAD-029,nuisance_misc,L0,auxiliary_system,105,,130,1
EAVT-L3-ALARM-OVERLOAD-029-N011,EAVT-L3-ALARM-OVERLOAD-029,nuisance_misc,L0,auxiliary_system,115,,140,1
EAVT-L3-ALARM-OVERLOAD-029-N012,EAVT-L3-ALARM-OVERLOAD-029,nuisance_misc,L0,auxiliary_system,135,,155,1
EAVT-L3-ALARM-OVERLOAD-029-N013,EAVT-L3-ALARM-OVERLOAD-029,nuisance_misc,L0,auxiliary_system,135,,155,1
EAVT-L3-ALARM-OVERLOAD-029-N014,EAVT-L3-ALARM-OVERLOAD-029,nuisance_misc,L0,auxiliary_system,150,,175,1
EAVT-L3-ALARM-OVERLOAD-029-N015,EAVT-L3-ALARM-OVERLOAD-029,nuisance_misc,L0,auxiliary_system,160,,175,1
EAVT-L3-ALARM-OVERLOAD-029-N016,EAVT-L3-ALARM-OVERLOAD-029,nuisance_misc,L0,auxiliary_system,170,,190,1
EAVT-L3-ALARM-OVERLOAD-029-N017,EAVT-L3-ALARM-OVERLOAD-029,nuisance_misc,L0,auxiliary_system,175,,190,1
EAVT-L3-ALARM-OVERLOAD-029-N018,EAVT-L3-ALARM-OVERLOAD-029,nuisance_misc,L0,auxiliary_system,185,,205,1
EAVT-L3-ALARM-OVERLOAD-029-N019,EAVT-L3-ALARM-OVERLOAD-029,nuisance_misc,L0,auxiliary_system,200,,230,1
EAVT-L3-ALARM-OVERLOAD-029-N020,EAVT-L3-ALARM-OVERLOAD-029,nuisance_misc,L0,auxiliary_system,200,,215,1
EAVT-L3-ALARM-OVERLOAD-029-N021,EAVT-L3-ALARM-OVERLOAD-029,nuisance_misc,L0,auxiliary_system,215,,235,1
EAVT-L3-ALARM-OVERLOAD-029-N022,EAVT-L3-ALARM-OVERLOAD-029,nuisance_misc,L0,auxiliary_system,225,,250,1
EAVT-L3-ALARM-OVERLOAD-029-N023,EAVT-L3-ALARM-OVERLOAD-029,nuisance_misc,L0,auxiliary_system,260,,280,1
EAVT-L3-ALARM-OVERLOAD-029-N024,EAVT-L3-ALARM-OVERLOAD-029,nuisance_misc,L0,auxiliary_system,270,,285,1
EAVT-L3-ALARM-OVERLOAD-029-N025,EAVT-L3-ALARM-OVERLOAD-029,nuisance_misc,L0,auxiliary_system,275,,300,1
EAVT-L3-ALARM-OVERLOAD-029-N026,EAVT-L3-ALARM-OVERLOAD-029,nuisance_misc,L0,auxiliary_system,290,,305,1
EAVT-L3-ALARM-OVERLOAD-029-N027,EAVT-L3-ALARM-OVERLOAD-029,nuisance_misc,L0,auxiliary_system,300,,320,1
EAVT-L3-ALARM-OVERLOAD-029-N028,EAVT-L3-ALARM-OVERLOAD-029,nuisance_misc,L0,auxiliary_system,300,,320,1
EAVT-L3-ALARM-OVERLOAD-029-N029,EAVT-L3-ALARM-OVERLOAD-029,nuisance_misc,L0,auxiliary_system,305,,335,1
EAVT-L3-ALARM-OVERLOAD-029-N030,EAVT-L3-ALARM-OVERLOAD-029,nuisance_misc,L0,auxiliary_system,310,,335,1
EAVT-L3-ALARM-OVERLOAD-029-N031,EAVT-L3-ALARM-OVERLOAD-029,nuisance_misc,L0,auxiliary_system,410,,435,1
EAVT-L3-ALARM-OVERLOAD-029-N032,EAVT-L3-ALARM-OVERLOAD-029,nuisance_misc,L0,auxiliary_system,445,,470,1
EAVT-L3-ALARM-OVERLOAD-029-N033,EAVT-L3-ALARM-OVERLOAD-029,nuisance_misc,L0,auxiliary_system,450,,470,1
EAVT-L3-ALARM-OVERLOAD-029-N034,EAVT-L3-ALARM-OVERLOAD-029,nuisance_misc,L0,auxiliary_system,450,,465,1
EAVT-L3-ALARM-OVERLOAD-029-N035,EAVT-L3-ALARM-OVERLOAD-029,nuisance_misc,L0,auxiliary_system,470,,495,1
EAVT-L3-ALARM-OVERLOAD-029-N036,EAVT-L3-ALARM-OVERLOAD-029,nuisance_misc,L0,auxiliary_system,495,,525,1
EAVT-L3-ALARM-OVERLOAD-029-N037,EAVT-L3-ALARM-OVERLOAD-029,nuisance_misc,L0,auxiliary_system,525,,550,1
EAVT-L3-ALARM-OVERLOAD-029-N038,EAVT-L3-ALARM-OVERLOAD-029,nuisance_misc,L0,auxiliary_system,530,,550,1
EAVT-L3-ALARM-OVERLOAD-029-N039,EAVT-L3-ALARM-OVERLOAD-029,nuisance_misc,L0,auxiliary_system,540,,565,1
EAVT-L3-ALARM-OVERLOAD-029-N040,EAVT-L3-ALARM-OVERLOAD-029,nuisance_misc,L0,auxiliary_system,545,,570,1
EAVT-L3-ALARM-OVERLOAD-029-N041,EAVT-L3-ALARM-OVERLOAD-029,nuisance_misc,L0,auxiliary_system,605,,625,1
EAVT-L3-ALARM-OVERLOAD-029-N042,EAVT-L3-ALARM-OVERLOAD-029,nuisance_misc,L0,auxiliary_system,615,,630,1
EAVT-L3-ALARM-OVERLOAD-029-N043,EAVT-L3-ALARM-OVERLOAD-029,nuisance_misc,L0,auxiliary_system,630,,655,1
EAVT-L3-ALARM-OVERLOAD-029-N044,EAVT-L3-ALARM-OVERLOAD-029,nuisance_misc,L0,auxiliary_system,630,,660,1
EAVT-L3-ALARM-OVERLOAD-029-N045,EAVT-L3-ALARM-OVERLOAD-029,nuisance_misc,L0,auxiliary_system,660,,675,1
EAVT-L3-ALARM-OVERLOAD-029-N046,EAVT-L3-ALARM-OVERLOAD-029,nuisance_misc,L0,auxiliary_system,660,,690,1
EAVT-L3-ALARM-OVERLOAD-029-N047,EAVT-L3-ALARM-OVERLOAD-029,nuisance_misc,L0,auxiliary_system,660,,690,1
EAVT-L3-ALARM-OVERLOAD-029-N048,EAVT-L3-ALARM-OVERLOAD-029,nuisance_misc,L0,auxiliary_system,675,,705,1
EAVT-L3-ALARM-OVERLOAD-029-N049,EAVT-L3-ALARM-OVERLOAD-029,nuisance_misc,L0,auxiliary_system,675,,700,1
EAVT-L3-ALARM-OVERLOAD-029-N050,EAVT-L3-ALARM-OVERLOAD-029,nuisance_misc,L0,auxiliary_system,675,,700,1
EAVT-L3-ALARM-OVERLOAD-029-N051,EAVT-L3-ALARM-OVERLOAD-029,nuisance_misc,L0,auxiliary_system,690,,705,1
EAVT-L3-ALARM-OVERLOAD-029-N052,EAVT-L3-ALARM-OVERLOAD-029,nuisance_misc,L0,auxiliary_system,695,,710,1
EAVT-L3-ALARM-OVERLOAD-029-N053,EAVT-L3-ALARM-OVERLOAD-029,nuisance_misc,L0,auxiliary_system,735,,750,1
EAVT-L3-ALARM-OVERLOAD-029-N054,EAVT-L3-ALARM-OVERLOAD-029,nuisance_misc,L0,auxiliary_system,740,,755,1
EAVT-L3-ALARM-OVERLOAD-029-N055,EAVT-L3-ALARM-OVERLOAD-029,nuisance_misc,L0,auxiliary_system,745,,760,1
EAVT-L3-ALARM-OVERLOAD-029-N056,EAVT-L3-ALARM-OVERLOAD-029,nuisance_misc,L0,auxiliary_system,755,,770,1
EAVT-L3-ALARM-OVERLOAD-029-N057,EAVT-L3-ALARM-OVERLOAD-029,nuisance_misc,L0,auxiliary_system,770,,795,1
EAVT-L3-ALARM-OVERLOAD-029-N058,EAVT-L3-ALARM-OVERLOAD-029,nuisance_misc,L0,auxiliary_system,780,,800,1
EAVT-L3-ALARM-OVERLOAD-029-N059,EAVT-L3-ALARM-OVERLOAD-029,nuisance_misc,L0,auxiliary_system,785,,810,1
EAVT-L3-ALARM-OVERLOAD-029-N060,EAVT-L3-ALARM-OVERLOAD-029,nuisance_misc,L0,auxiliary_system,805,,820,1
EAVT-L3-ALARM-OVERLOAD-029-N061,EAVT-L3-ALARM-OVERLOAD-029,nuisance_misc,L0,auxiliary_system,810,,840,1
EAVT-L3-ALARM-OVERLOAD-029-N062,EAVT-L3-ALARM-OVERLOAD-029,nuisance_misc,L0,auxiliary_system,835,,865,1
EAVT-L3-ALARM-OVERLOAD-029-N063,EAVT-L3-ALARM-OVERLOAD-029,nuisance_misc,L0,auxiliary_system,855,,870,1
EAVT-L3-ALARM-OVERLOAD-029-N064,EAVT-L3-ALARM-OVERLOAD-029,nuisance_misc,L0,auxiliary_system,890,,905,1
EAVT-L3-ALARM-OVERLOAD-029-N065,EAVT-L3-ALARM-OVERLOAD-029,nuisance_misc,L0,auxiliary_system,920,,940,1
EAVT-L3-ALARM-OVERLOAD-029-N066,EAVT-L3-ALARM-OVERLOAD-029,nuisance_misc,L0,auxiliary_system,945,,970,1
EAVT-L3-ALARM-OVERLOAD-029-N067,EAVT-L3-ALARM-OVERLOAD-029,nuisance_misc,L0,auxiliary_system,950,,970,1
EAVT-L3-ALARM-OVERLOAD-029-N068,EAVT-L3-ALARM-OVERLOAD-029,nuisance_misc,L0,auxiliary_system,955,,970,1
EAVT-L3-ALARM-OVERLOAD-029-N069,EAVT-L3-ALARM-OVERLOAD-029,nuisance_misc,L0,auxiliary_system,960,,985,1
EAVT-L3-ALARM-OVERLOAD-029-N070,EAVT-L3-ALARM-OVERLOAD-029,nuisance_misc,L0,auxiliary_system,970,,990,1
EAVT-L3-ALARM-OVERLOAD-029-N071,EAVT-L3-ALARM-OVERLOAD-029,nuisance_misc,L0,auxiliary_system,980,,1000,1
EAVT-L3-ALARM-OVERLOAD-029-N072,EAVT-L3-ALARM-OVERLOAD-029,nuisance_misc,L0,auxiliary_system,985,,1010,1
EAVT-L3-ALARM-OVERLOAD-029-N073,EAVT-L3-ALARM-OVERLOAD-029,nuisance_misc,L0,auxiliary_system,995,,1010,1
EAVT-L3-ALARM-OVERLOAD-029-N074,EAVT-L3-ALARM-OVERLOAD-029,nuisance_misc,L0,auxiliary_system,1020,,1040,1
EAVT-L3-ALARM-OVERLOAD-029-N075,EAVT-L3-ALARM-OVERLOAD-029,nuisance_misc,L0,auxiliary_system,1060,,1090,1
EAVT-L3-ALARM-OVERLOAD-029-N076,EAVT-L3-ALARM-OVERLOAD-029,nuisance_misc,L0,auxiliary_system,1065,,1085,1
EAVT-L3-ALARM-OVERLOAD-029-N077,EAVT-L3-ALARM-OVERLOAD-029,nuisance_misc,L0,auxiliary_system,1075,,1100,1
EAVT-L3-ALARM-OVERLOAD-029-N078,EAVT-L3-ALARM-OVERLOAD-029,nuisance_misc,L0,auxiliary_system,1085,,1115,1
EAVT-L3-ALARM-OVERLOAD-029-N079,EAVT-L3-ALARM-OVERLOAD-029,nuisance_misc,L0,auxiliary_system,1090,,1110,1
EAVT-L3-ALARM-OVERLOAD-029-N080,EAVT-L3-ALARM-OVERLOAD-029,nuisance_misc,L0,auxiliary_system,1100,,1125,1
EAVT-L3-ALARM-OVERLOAD-029-N081,EAVT-L3-ALARM-OVERLOAD-029,nuisance_misc,L0,auxiliary_system,1110,,1130,1
EAVT-L3-ALARM-OVERLOAD-029-N082,EAVT-L3-ALARM-OVERLOAD-029,nuisance_misc,L0,auxiliary_system,1125,,1150,1
EAVT-L3-ALARM-OVERLOAD-029-N083,EAVT-L3-ALARM-OVERLOAD-029,nuisance_misc,L0,auxiliary_system,1170,,1185,1
EAVT-L3-ALARM-OVERLOAD-029-N084,EAVT-L3-ALARM-OVERLOAD-029,nuisance_misc,L0,auxiliary_system,1180,,1210,1
EAVT-L3-ALARM-OVERLOAD-029-N085,EAVT-L3-ALARM-OVERLOAD-029,nuisance_misc,L0,auxiliary_system,1185,,1200,1
EAVT-L3-ALARM-OVERLOAD-029-N086,EAVT-L3-ALARM-OVERLOAD-029,nuisance_misc,L0,auxiliary_system,1185,,1210,1
EAVT-L3-ALARM-OVERLOAD-029-N087,EAVT-L3-ALARM-OVERLOAD-029,nuisance_misc,L0,auxiliary_system,1190,,1215,1
EAVT-L3-ALARM-OVERLOAD-029-N088,EAVT-L3-ALARM-OVERLOAD-029,nuisance_misc,L0,auxiliary_system,1190,,1215,1
EAVT-L3-ALARM-OVERLOAD-029-N089,EAVT-L3-ALARM-OVERLOAD-029,nuisance_misc,L0,auxiliary_system,1195,,1225,1
EAVT-L3-ALARM-OVERLOAD-029-N090,EAVT-L3-ALARM-OVERLOAD-029,nuisance_misc,L0,auxiliary_system,1265,,1280,1
EAVT-L3-ALARM-OVERLOAD-029-N091,EAVT-L3-ALARM-OVERLOAD-029,nuisance_misc,L0,auxiliary_system,1270,,1300,1
EAVT-L3-ALARM-OVERLOAD-029-N092,EAVT-L3-ALARM-OVERLOAD-029,nuisance_misc,L0,auxiliary_system,1285,,1315,1
EAVT-L3-ALARM-OVERLOAD-029-N093,EAVT-L3-ALARM-OVERLOAD-029,nuisance_misc,L0,auxiliary_system,1290,,1310,1
EAVT-L3-ALARM-OVERLOAD-029-N094,EAVT-L3-ALARM-OVERLOAD-029,nuisance_misc,L0,auxiliary_system,1295,,1310,1
EAVT-L3-ALARM-OVERLOAD-029-N095,EAVT-L3-ALARM-OVERLOAD-029,nuisance_misc,L0,auxiliary_system,1300,,1320,1
EAVT-L3-ALARM-OVERLOAD-029-N096,EAVT-L3-ALARM-OVERLOAD-029,nuisance_misc,L0,auxiliary_system,1300,,1320,1
EAVT-L3-ALARM-OVERLOAD-029-N097,EAVT-L3-ALARM-OVERLOAD-029,nuisance_misc,L0,auxiliary_system,1310,,1335,1
EAVT-L3-ALARM-OVERLOAD-029-N098,EAVT-L3-ALARM-OVERLOAD-029,nuisance_misc,L0,auxiliary_system,1320,,1340,1
EAVT-L3-ALARM-OVERLOAD-029-N099,EAVT-L3-ALARM-OVERLOAD-029,nuisance_misc,L0,auxiliary_system,1340,,1365,1
EAVT-L3-ALARM-OVERLOAD-029-N100,EAVT-L3-ALARM-OVERLOAD-029,nuisance_misc,L0,auxiliary_system,1340,,1370,1
EAVT-L3-ALARM-OVERLOAD-029-N101,EAVT-L3-ALARM-OVERLOAD-029,nuisance_misc,L0,auxiliary_system,1340,,1355,1
EAVT-L3-ALARM-OVERLOAD-029-N102,EAVT-L3-ALARM-OVERLOAD-029,nuisance_misc,L0,auxiliary_system,1345,,1370,1
EAVT-L3-ALARM-OVERLOAD-029-N103,EAVT-L3-ALARM-OVERLOAD-029,nuisance_misc,L0,auxiliary_system,1360,,1390,1
EAVT-L3-ALARM-OVERLOAD-029-N104,EAVT-L3-ALARM-OVERLOAD-029,nuisance_misc,L0,auxiliary_system,1380,,1410,1
EAVT-L3-ALARM-OVERLOAD-029-N105,EAVT-L3-ALARM-OVERLOAD-029,nuisance_misc,L0,auxiliary_system,1380,,1405,1
EAVT-L3-ALARM-OVERLOAD-029-N106,EAVT-L3-ALARM-OVERLOAD-029,nuisance_misc,L0,auxiliary_system,1385,,1410,1
EAVT-L3-ALARM-OVERLOAD-029-N107,EAVT-L3-ALARM-OVERLOAD-029,nuisance_misc,L0,auxiliary_system,1390,,1410,1
EAVT-L3-ALARM-OVERLOAD-029-N108,EAVT-L3-ALARM-OVERLOAD-029,nuisance_misc,L0,auxiliary_system,1390,,1415,1
EAVT-L3-ALARM-OVERLOAD-029-N109,EAVT-L3-ALARM-OVERLOAD-029,nuisance_misc,L0,auxiliary_system,1395,,1415,1
EAVT-L3-ALARM-OVERLOAD-029-N110,EAVT-L3-ALARM-OVERLOAD-029,nuisance_misc,L0,auxiliary_system,1400,,1415,1
EAVT-L3-ALARM-OVERLOAD-029-N111,EAVT-L3-ALARM-OVERLOAD-029,nuisance_misc,L0,auxiliary_system,1405,,1420,1
EAVT-L3-ALARM-OVERLOAD-029-N112,EAVT-L3-ALARM-OVERLOAD-029,nuisance_misc,L0,auxiliary_system,1425,,1455,1
EAVT-L3-ALARM-OVERLOAD-029-N113,EAVT-L3-ALARM-OVERLOAD-029,nuisance_misc,L0,auxiliary_system,1445,,1475,1
EAVT-L3-ALARM-OVERLOAD-029-N114,EAVT-L3-ALARM-OVERLOAD-029,nuisance_misc,L0,auxiliary_system,1455,,1470,1
EAVT-L3-ALARM-OVERLOAD-029-N115,EAVT-L3-ALARM-OVERLOAD-029,nuisance_misc,L0,auxiliary_system,1460,,1480,1
EAVT-L3-ALARM-OVERLOAD-029-N116,EAVT-L3-ALARM-OVERLOAD-029,nuisance_misc,L0,auxiliary_system,1465,,1485,1
EAVT-L3-ALARM-OVERLOAD-029-N117,EAVT-L3-ALARM-OVERLOAD-029,nuisance_misc,L0,auxiliary_system,1480,,1505,1
EAVT-L3-ALARM-OVERLOAD-029-N118,EAVT-L3-ALARM-OVERLOAD-029,nuisance_misc,L0,auxiliary_system,1490,,1520,1
EAVT-L3-ALARM-OVERLOAD-029-N119,EAVT-L3-ALARM-OVERLOAD-029,nuisance_misc,L0,auxiliary_system,1495,,1510,1
EAVT-L3-ALARM-OVERLOAD-029-N120,EAVT-L3-ALARM-OVERLOAD-029,nuisance_misc,L0,auxiliary_system,1505,,1530,1
EAVT-L3-ALARM-OVERLOAD-029-N121,EAVT-L3-ALARM-OVERLOAD-029,nuisance_misc,L0,auxiliary_system,1520,,1550,1
EAVT-L3-ALARM-OVERLOAD-029-N122,EAVT-L3-ALARM-OVERLOAD-029,nuisance_misc,L0,auxiliary_system,1590,,1605,1
EAVT-L3-ALARM-OVERLOAD-029-N123,EAVT-L3-ALARM-OVERLOAD-029,nuisance_misc,L0,auxiliary_system,1595,,1615,1
EAVT-L3-ALARM-OVERLOAD-029-N124,EAVT-L3-ALARM-OVERLOAD-029,nuisance_misc,L0,auxiliary_system,1605,,1635,1
EAVT-L3-ALARM-OVERLOAD-029-N125,EAVT-L3-ALARM-OVERLOAD-029,nuisance_misc,L0,auxiliary_system,1625,,1650,1
EAVT-L3-ALARM-OVERLOAD-029-N126,EAVT-L3-ALARM-OVERLOAD-029,nuisance_misc,L0,auxiliary_system,1645,,1660,1
EAVT-L3-ALARM-OVERLOAD-029-N127,EAVT-L3-ALARM-OVERLOAD-029,nuisance_misc,L0,auxiliary_system,1740,,1765,1
EAVT-L3-ALARM-OVERLOAD-029-N128,EAVT-L3-ALARM-OVERLOAD-029,nuisance_misc,L0,auxiliary_system,1745,,1765,1
EAVT-L3-ALARM-OVERLOAD-029-N129,EAVT-L3-ALARM-OVERLOAD-029,nuisance_misc,L0,auxiliary_system,1750,,1775,1
EAVT-L3-ALARM-OVERLOAD-029-N130,EAVT-L3-ALARM-OVERLOAD-029,nuisance_misc,L0,auxiliary_system,1755,,1780,1
EAVT-L3-ALARM-OVERLOAD-029-N131,EAVT-L3-ALARM-OVERLOAD-029,nuisance_misc,L0,auxiliary_system,1760,,1785,1
EAVT-L3-ALARM-OVERLOAD-029-N132,EAVT-L3-ALARM-OVERLOAD-029,nuisance_misc,L0,auxiliary_system,1765,,1785,1
EAVT-L3-ALARM-OVERLOAD-029-N133,EAVT-L3-ALARM-OVERLOAD-029,nuisance_misc,L0,auxiliary_system,1765,,1785,1
EAVT-L3-ALARM-OVERLOAD-029-N134,EAVT-L3-ALARM-OVERLOAD-029,nuisance_misc,L0,auxiliary_system,1770,,1790,1
EAVT-L3-ALARM-OVERLOAD-029-N135,EAVT-L3-ALARM-OVERLOAD-029,nuisance_misc,L0,auxiliary_system,1785,,1800,1
EAVT-L3-ALARM-OVERLOAD-029-N136,EAVT-L3-ALARM-OVERLOAD-029,nuisance_misc,L0,auxiliary_system,1790,,1815,1
EAVT-L3-ALARM-OVERLOAD-029-N137,EAVT-L3-ALARM-OVERLOAD-029,nuisance_misc,L0,auxiliary_system,1790,,1815,1
EAVT-L3-ALARM-OVERLOAD-029-N138,EAVT-L3-ALARM-OVERLOAD-029,nuisance_misc,L0,auxiliary_system,1805,,1830,1
EAVT-L3-ALARM-OVERLOAD-029-N139,EAVT-L3-ALARM-OVERLOAD-029,nuisance_misc,L0,auxiliary_system,1815,,1845,1
EAVT-L3-ALARM-OVERLOAD-029-N140,EAVT-L3-ALARM-OVERLOAD-029,nuisance_misc,L0,auxiliary_system,1830,,1855,1
EAVT-L3-ALARM-OVERLOAD-029-N141,EAVT-L3-ALARM-OVERLOAD-029,nuisance_misc,L0,auxiliary_system,1835,,1865,1
EAVT-L3-ALARM-OVERLOAD-029-N142,EAVT-L3-ALARM-OVERLOAD-029,nuisance_misc,L0,auxiliary_system,1850,,1870,1
EAVT-L3-ALARM-OVERLOAD-029-N143,EAVT-L3-ALARM-OVERLOAD-029,nuisance_misc,L0,auxiliary_system,1885,,1900,1
EAVT-L3-ALARM-OVERLOAD-029-N144,EAVT-L3-ALARM-OVERLOAD-029,nuisance_misc,L0,auxiliary_system,1905,,1935,1
EAVT-L3-ALARM-OVERLOAD-029-N145,EAVT-L3-ALARM-OVERLOAD-029,nuisance_misc,L0,auxiliary_system,1910,,1930,1
EAVT-L3-ALARM-OVERLOAD-029-N146,EAVT-L3-ALARM-OVERLOAD-029,nuisance_misc,L0,auxiliary_system,1915,,1935,1
EAVT-L3-ALARM-OVERLOAD-029-N147,EAVT-L3-ALARM-OVERLOAD-029,nuisance_misc,L0,auxiliary_system,1925,,1945,1
EAVT-L3-ALARM-OVERLOAD-029-N148,EAVT-L3-ALARM-OVERLOAD-029,nuisance_misc,L0,auxiliary_system,1960,,1985,1
EAVT-L3-ALARM-OVERLOAD-029-N149,EAVT-L3-ALARM-OVERLOAD-029,nuisance_misc,L0,auxiliary_system,1970,,1985,1
EAVT-L3-ALARM-OVERLOAD-029-N150,EAVT-L3-ALARM-OVERLOAD-029,nuisance_misc,L0,auxiliary_system,1975,,1990,1
EAVT-L3-ALARM-OVERLOAD-029-N151,EAVT-L3-ALARM-OVERLOAD-029,nuisance_misc,L0,auxiliary_system,2005,,2020,1
EAVT-L3-ALARM-OVERLOAD-029-N152,EAVT-L3-ALARM-OVERLOAD-029,nuisance_misc,L0,auxiliary_system,2030,,2050,1
EAVT-L3-ALARM-OVERLOAD-029-N153,EAVT-L3-ALARM-OVERLOAD-029,nuisance_misc,L0,auxiliary_system,2030,,2060,1
EAVT-L3-ALARM-OVERLOAD-029-N154,EAVT-L3-ALARM-OVERLOAD-029,nuisance_misc,L0,auxiliary_system,2075,,2105,1
EAVT-L3-ALARM-OVERLOAD-029-N155,EAVT-L3-ALARM-OVERLOAD-029,nuisance_misc,L0,auxiliary_system,2075,,2090,1
EAVT-L3-ALARM-OVERLOAD-029-N156,EAVT-L3-ALARM-OVERLOAD-029,nuisance_misc,L0,auxiliary_system,2080,,2105,1
EAVT-L3-ALARM-OVERLOAD-029-N157,EAVT-L3-ALARM-OVERLOAD-029,nuisance_misc,L0,auxiliary_system,2090,,2115,1
EAVT-L3-ALARM-OVERLOAD-029-N158,EAVT-L3-ALARM-OVERLOAD-029,nuisance_misc,L0,auxiliary_system,2095,,2115,1
EAVT-L3-ALARM-OVERLOAD-029-N159,EAVT-L3-ALARM-OVERLOAD-029,nuisance_misc,L0,auxiliary_system,2130,,2145,1
EAVT-L3-ALARM-OVERLOAD-029-N160,EAVT-L3-ALARM-OVERLOAD-029,nuisance_misc,L0,auxiliary_system,2160,,2190,1
EAVT-L3-ALARM-OVERLOAD-029-N161,EAVT-L3-ALARM-OVERLOAD-029,nuisance_misc,L0,auxiliary_system,2165,,2190,1
EAVT-L3-ALARM-OVERLOAD-029-N162,EAVT-L3-ALARM-OVERLOAD-029,nuisance_misc,L0,auxiliary_system,2170,,2195,1
EAVT-L3-ALARM-OVERLOAD-029-N163,EAVT-L3-ALARM-OVERLOAD-029,nuisance_misc,L0,auxiliary_system,2190,,2215,1
EAVT-L3-ALARM-OVERLOAD-029-N164,EAVT-L3-ALARM-OVERLOAD-029,nuisance_misc,L0,auxiliary_system,2190,,2215,1
EAVT-L3-ALARM-OVERLOAD-029-N165,EAVT-L3-ALARM-OVERLOAD-029,nuisance_misc,L0,auxiliary_system,2210,,2240,1
EAVT-L3-ALARM-OVERLOAD-029-N166,EAVT-L3-ALARM-OVERLOAD-029,nuisance_misc,L0,auxiliary_system,2215,,2245,1
EAVT-L3-ALARM-OVERLOAD-029-N167,EAVT-L3-ALARM-OVERLOAD-029,nuisance_misc,L0,auxiliary_system,2225,,2255,1
EAVT-L3-ALARM-OVERLOAD-029-N168,EAVT-L3-ALARM-OVERLOAD-029,nuisance_misc,L0,auxiliary_system,2230,,2255,1
EAVT-L3-ALARM-OVERLOAD-029-N169,EAVT-L3-ALARM-OVERLOAD-029,nuisance_misc,L0,auxiliary_system,2235,,2260,1
EAVT-L3-ALARM-OVERLOAD-029-N170,EAVT-L3-ALARM-OVERLOAD-029,nuisance_misc,L0,auxiliary_system,2250,,2270,1
EAVT-L3-ALARM-OVERLOAD-029-N171,EAVT-L3-ALARM-OVERLOAD-029,nuisance_misc,L0,auxiliary_system,2255,,2280,1
EAVT-L3-ALARM-OVERLOAD-029-N172,EAVT-L3-ALARM-OVERLOAD-029,nuisance_misc,L0,auxiliary_system,2270,,2285,1
EAVT-L3-ALARM-OVERLOAD-029-N173,EAVT-L3-ALARM-OVERLOAD-029,nuisance_misc,L0,auxiliary_system,2275,,2305,1
EAVT-L3-ALARM-OVERLOAD-029-N174,EAVT-L3-ALARM-OVERLOAD-029,nuisance_misc,L0,auxiliary_system,2315,,2345,1
EAVT-L3-ALARM-OVERLOAD-029-N175,EAVT-L3-ALARM-OVERLOAD-029,nuisance_misc,L0,auxiliary_system,2330,,2350,1
EAVT-L3-ALARM-OVERLOAD-029-N176,EAVT-L3-ALARM-OVERLOAD-029,nuisance_misc,L0,auxiliary_system,2340,,2365,1
EAVT-L3-ALARM-OVERLOAD-029-N177,EAVT-L3-ALARM-OVERLOAD-029,nuisance_misc,L0,auxiliary_system,2360,,2380,1
EAVT-L3-ALARM-OVERLOAD-029-N178,EAVT-L3-ALARM-OVERLOAD-029,nuisance_misc,L0,auxiliary_system,2370,,2395,1
EAVT-L3-ALARM-OVERLOAD-029-N179,EAVT-L3-ALARM-OVERLOAD-029,nuisance_misc,L0,auxiliary_system,2385,,2410,1
EAVT-L3-ALARM-OVERLOAD-029-N180,EAVT-L3-ALARM-OVERLOAD-029,nuisance_misc,L0,auxiliary_system,2390,,2420,1
EAVT-L3-ALARM-OVERLOAD-029-N181,EAVT-L3-ALARM-OVERLOAD-029,nuisance_misc,L0,auxiliary_system,2405,,2425,1
EAVT-L3-ALARM-OVERLOAD-029-N182,EAVT-L3-ALARM-OVERLOAD-029,nuisance_misc,L0,auxiliary_system,2420,,2450,1
EAVT-L3-ALARM-OVERLOAD-029-N183,EAVT-L3-ALARM-OVERLOAD-029,nuisance_misc,L0,auxiliary_system,2435,,2450,1
EAVT-L3-ALARM-OVERLOAD-029-N184,EAVT-L3-ALARM-OVERLOAD-029,nuisance_misc,L0,auxiliary_system,2460,,2480,1
EAVT-L3-ALARM-OVERLOAD-029-N185,EAVT-L3-ALARM-OVERLOAD-029,nuisance_misc,L0,auxiliary_system,2500,,2515,1
EAVT-L3-ALARM-OVERLOAD-029-N186,EAVT-L3-ALARM-OVERLOAD-029,nuisance_misc,L0,auxiliary_system,2505,,2535,1
EAVT-L3-ALARM-OVERLOAD-029-N187,EAVT-L3-ALARM-OVERLOAD-029,nuisance_misc,L0,auxiliary_system,2510,,2525,1
EAVT-L3-ALARM-OVERLOAD-029-N188,EAVT-L3-ALARM-OVERLOAD-029,nuisance_misc,L0,auxiliary_system,2530,,2545,1
EAVT-L3-ALARM-OVERLOAD-029-N189,EAVT-L3-ALARM-OVERLOAD-029,nuisance_misc,L0,auxiliary_system,2545,,2565,1
EAVT-L3-ALARM-OVERLOAD-029-N190,EAVT-L3-ALARM-OVERLOAD-029,nuisance_misc,L0,auxiliary_system,2550,,2580,1
EAVT-L3-ALARM-OVERLOAD-029-N191,EAVT-L3-ALARM-OVERLOAD-029,nuisance_misc,L0,auxiliary_system,2555,,2570,1
EAVT-L3-ALARM-OVERLOAD-029-N192,EAVT-L3-ALARM-OVERLOAD-029,nuisance_misc,L0,auxiliary_system,2575,,2605,1
EAVT-L3-ALARM-OVERLOAD-029-N193,EAVT-L3-ALARM-OVERLOAD-029,nuisance_misc,L0,auxiliary_system,2620,,2650,1
EAVT-L3-ALARM-OVERLOAD-029-N194,EAVT-L3-ALARM-OVERLOAD-029,nuisance_misc,L0,auxiliary_system,2630,,2650,1
EAVT-L3-ALARM-OVERLOAD-029-N195,EAVT-L3-ALARM-OVERLOAD-029,nuisance_misc,L0,auxiliary_system,2695,,2720,1
EAVT-L3-ALARM-OVERLOAD-029-N196,EAVT-L3-ALARM-OVERLOAD-029,nuisance_misc,L0,auxiliary_system,2710,,2730,1
EAVT-L3-ALARM-OVERLOAD-029-N197,EAVT-L3-ALARM-OVERLOAD-029,nuisance_misc,L0,auxiliary_system,2715,,2740,1
EAVT-L3-ALARM-OVERLOAD-029-N198,EAVT-L3-ALARM-OVERLOAD-029,nuisance_misc,L0,auxiliary_system,2735,,2750,1
EAVT-L3-ALARM-OVERLOAD-029-N199,EAVT-L3-ALARM-OVERLOAD-029,nuisance_misc,L0,auxiliary_system,2740,,2755,1
EAVT-L3-ALARM-OVERLOAD-029-N200,EAVT-L3-ALARM-OVERLOAD-029,nuisance_misc,L0,auxiliary_system,2745,,2760,1
EAVT-L3-ALARM-OVERLOAD-029-N201,EAVT-L3-ALARM-OVERLOAD-029,nuisance_misc,L0,auxiliary_system,2765,,2785,1
EAVT-L3-ALARM-OVERLOAD-029-N202,EAVT-L3-ALARM-OVERLOAD-029,nuisance_misc,L0,auxiliary_system,2765,,2785,1
EAVT-L3-ALARM-OVERLOAD-029-N203,EAVT-L3-ALARM-OVERLOAD-029,nuisance_misc,L0,auxiliary_system,2785,,2815,1
EAVT-L3-ALARM-OVERLOAD-029-N204,EAVT-L3-ALARM-OVERLOAD-029,nuisance_misc,L0,auxiliary_system,2800,,2820,1
EAVT-L3-ALARM-OVERLOAD-029-N205,EAVT-L3-ALARM-OVERLOAD-029,nuisance_misc,L0,auxiliary_system,2810,,2835,1
EAVT-L3-ALARM-OVERLOAD-029-N206,EAVT-L3-ALARM-OVERLOAD-029,nuisance_misc,L0,auxiliary_system,2810,,2835,1
EAVT-L3-ALARM-OVERLOAD-029-N207,EAVT-L3-ALARM-OVERLOAD-029,nuisance_misc,L0,auxiliary_system,2820,,2840,1
EAVT-L3-ALARM-OVERLOAD-029-N208,EAVT-L3-ALARM-OVERLOAD-029,nuisance_misc,L0,auxiliary_system,2825,,2840,1
EAVT-L3-ALARM-OVERLOAD-029-N209,EAVT-L3-ALARM-OVERLOAD-029,nuisance_misc,L0,auxiliary_system,2880,,2900,1
EAVT-L3-ALARM-OVERLOAD-029-N210,EAVT-L3-ALARM-OVERLOAD-029,nuisance_misc,L0,auxiliary_system,2930,,2955,1
EAVT-L3-ALARM-OVERLOAD-029-N211,EAVT-L3-ALARM-OVERLOAD-029,nuisance_misc,L0,auxiliary_system,2940,,2965,1
EAVT-L3-ALARM-OVERLOAD-029-N212,EAVT-L3-ALARM-OVERLOAD-029,nuisance_misc,L0,auxiliary_system,2955,,2970,1
EAVT-L3-ALARM-OVERLOAD-029-N213,EAVT-L3-ALARM-OVERLOAD-029,nuisance_misc,L0,auxiliary_system,2980,,3000,1
EAVT-L3-ALARM-OVERLOAD-029-N214,EAVT-L3-ALARM-OVERLOAD-029,nuisance_misc,L0,auxiliary_system,2985,,3015,1
EAVT-L3-ALARM-OVERLOAD-029-N215,EAVT-L3-ALARM-OVERLOAD-029,nuisance_misc,L0,auxiliary_system,2990,,3010,1
EAVT-L3-ALARM-OVERLOAD-029-N216,EAVT-L3-ALARM-OVERLOAD-029,nuisance_misc,L0,auxiliary_system,3005,,3035,1
EAVT-L3-ALARM-OVERLOAD-029-N217,EAVT-L3-ALARM-OVERLOAD-029,nuisance_misc,L0,auxiliary_system,3020,,3035,1
EAVT-L3-ALARM-OVERLOAD-029-N218,EAVT-L3-ALARM-OVERLOAD-029,nuisance_misc,L0,auxiliary_system,3060,,3075,1
EAVT-L3-ALARM-OVERLOAD-029-N219,EAVT-L3-ALARM-OVERLOAD-029,nuisance_misc,L0,auxiliary_system,3065,,3090,1
EAVT-L3-ALARM-OVERLOAD-029-N220,EAVT-L3-ALARM-OVERLOAD-029,nuisance_misc,L0,auxiliary_system,3070,,3085,1
EAVT-L3-ALARM-OVERLOAD-029-N221,EAVT-L3-ALARM-OVERLOAD-029,nuisance_misc,L0,auxiliary_system,3070,,3095,1
EAVT-L3-ALARM-OVERLOAD-029-N222,EAVT-L3-ALARM-OVERLOAD-029,nuisance_misc,L0,auxiliary_system,3085,,3110,1
EAVT-L3-ALARM-OVERLOAD-029-N223,EAVT-L3-ALARM-OVERLOAD-029,nuisance_misc,L0,auxiliary_system,3095,,3125,1
EAVT-L3-ALARM-OVERLOAD-029-N224,EAVT-L3-ALARM-OVERLOAD-029,nuisance_misc,L0,auxiliary_system,3100,,3115,1
EAVT-L3-ALARM-OVERLOAD-029-N225,EAVT-L3-ALARM-OVERLOAD-029,nuisance_misc,L0,auxiliary_system,3130,,3145,1
EAVT-L3-ALARM-OVERLOAD-029-N226,EAVT-L3-ALARM-OVERLOAD-029,nuisance_misc,L0,auxiliary_system,3150,,3165,1
EAVT-L3-ALARM-OVERLOAD-029-N227,EAVT-L3-ALARM-OVERLOAD-029,nuisance_misc,L0,auxiliary_system,3160,,3190,1
EAVT-L3-ALARM-OVERLOAD-029-N228,EAVT-L3-ALARM-OVERLOAD-029,nuisance_misc,L0,auxiliary_system,3160,,3190,1
EAVT-L3-ALARM-OVERLOAD-029-N229,EAVT-L3-ALARM-OVERLOAD-029,nuisance_misc,L0,auxiliary_system,3180,,3210,1
EAVT-L3-ALARM-OVERLOAD-029-N230,EAVT-L3-ALARM-OVERLOAD-029,nuisance_misc,L0,auxiliary_system,3185,,3200,1
EAVT-L3-ALARM-OVERLOAD-029-N231,EAVT-L3-ALARM-OVERLOAD-029,nuisance_misc,L0,auxiliary_system,3200,,3230,1
EAVT-L3-ALARM-OVERLOAD-029-N232,EAVT-L3-ALARM-OVERLOAD-029,nuisance_misc,L0,auxiliary_system,3200,,3220,1
EAVT-L3-ALARM-OVERLOAD-029-N233,EAVT-L3-ALARM-OVERLOAD-029,nuisance_misc,L0,auxiliary_system,3220,,3240,1
EAVT-L3-ALARM-OVERLOAD-029-N234,EAVT-L3-ALARM-OVERLOAD-029,nuisance_misc,L0,auxiliary_system,3235,,3250,1
EAVT-L3-ALARM-OVERLOAD-029-N235,EAVT-L3-ALARM-OVERLOAD-029,nuisance_misc,L0,auxiliary_system,3245,,3270,1
EAVT-L3-ALARM-OVERLOAD-029-N236,EAVT-L3-ALARM-OVERLOAD-029,nuisance_misc,L0,auxiliary_system,3275,,3295,1
EAVT-L3-ALARM-OVERLOAD-029-N237,EAVT-L3-ALARM-OVERLOAD-029,nuisance_misc,L0,auxiliary_system,3285,,3300,1
EAVT-L3-ALARM-OVERLOAD-029-N238,EAVT-L3-ALARM-OVERLOAD-029,nuisance_misc,L0,auxiliary_system,3340,,3365,1
EAVT-L3-ALARM-OVERLOAD-029-N239,EAVT-L3-ALARM-OVERLOAD-029,nuisance_misc,L0,auxiliary_system,3355,,3385,1
EAVT-L3-ALARM-OVERLOAD-029-N240,EAVT-L3-ALARM-OVERLOAD-029,nuisance_misc,L0,auxiliary_system,3385,,3410,1
EAVT-L3-ALARM-OVERLOAD-029-N241,EAVT-L3-ALARM-OVERLOAD-029,nuisance_misc,L0,auxiliary_system,3390,,3415,1
EAVT-L3-ALARM-OVERLOAD-029-N242,EAVT-L3-ALARM-OVERLOAD-029,nuisance_misc,L0,auxiliary_system,3390,,3420,1
EAVT-L3-ALARM-OVERLOAD-029-N243,EAVT-L3-ALARM-OVERLOAD-029,nuisance_misc,L0,auxiliary_system,3390,,3405,1
EAVT-L3-ALARM-OVERLOAD-029-N244,EAVT-L3-ALARM-OVERLOAD-029,nuisance_misc,L0,auxiliary_system,3410,,3430,1
EAVT-L3-ALARM-OVERLOAD-029-N245,EAVT-L3-ALARM-OVERLOAD-029,nuisance_misc,L0,auxiliary_system,3420,,3440,1
EAVT-L3-ALARM-OVERLOAD-029-N246,EAVT-L3-ALARM-OVERLOAD-029,nuisance_misc,L0,auxiliary_system,3435,,3450,1
EAVT-L3-ALARM-OVERLOAD-029-N247,EAVT-L3-ALARM-OVERLOAD-029,nuisance_misc,L0,auxiliary_system,3445,,3465,1
EAVT-L3-ALARM-OVERLOAD-029-N248,EAVT-L3-ALARM-OVERLOAD-029,nuisance_misc,L0,auxiliary_system,3445,,3475,1
EAVT-L3-ALARM-OVERLOAD-029-N249,EAVT-L3-ALARM-OVERLOAD-029,nuisance_misc,L0,auxiliary_system,3445,,3465,1
EAVT-L3-ALARM-OVERLOAD-029-N250,EAVT-L3-ALARM-OVERLOAD-029,nuisance_misc,L0,auxiliary_system,3450,,3465,1
EAVT-L3-ALARM-OVERLOAD-029-N251,EAVT-L3-ALARM-OVERLOAD-029,nuisance_misc,L0,auxiliary_system,3450,,3480,1
EAVT-L3-ALARM-OVERLOAD-029-N252,EAVT-L3-ALARM-OVERLOAD-029,nuisance_misc,L0,auxiliary_system,3465,,3490,1
EAVT-L3-ALARM-OVERLOAD-029-N253,EAVT-L3-ALARM-OVERLOAD-029,nuisance_misc,L0,auxiliary_system,3470,,3485,1
EAVT-L3-ALARM-OVERLOAD-029-N254,EAVT-L3-ALARM-OVERLOAD-029,nuisance_misc,L0,auxiliary_system,3470,,3500,1
EAVT-L3-ALARM-OVERLOAD-029-N255,EAVT-L3-ALARM-OVERLOAD-029,nuisance_misc,L0,auxiliary_system,3485,,3510,1
EAVT-L3-ALARM-OVERLOAD-029-N256,EAVT-L3-ALARM-OVERLOAD-029,nuisance_misc,L0,auxiliary_system,3485,,3505,1
EAVT-L3-ALARM-OVERLOAD-029-N257,EAVT-L3-ALARM-OVERLOAD-029,nuisance_misc,L0,auxiliary_system,3490,,3520,1
EAVT-L3-ALARM-OVERLOAD-029-N258,EAVT-L3-ALARM-OVERLOAD-029,nuisance_misc,L0,auxiliary_system,3530,,3545,1
EAVT-L3-ALARM-OVERLOAD-029-N259,EAVT-L3-ALARM-OVERLOAD-029,nuisance_misc,L0,auxiliary_system,3545,,3565,1
EAVT-L3-ALARM-OVERLOAD-029-N260,EAVT-L3-ALARM-OVERLOAD-029,nuisance_misc,L0,auxiliary_system,3565,,3585,1
EAVT-L3-ALARM-OVERLOAD-029-N261,EAVT-L3-ALARM-OVERLOAD-029,nuisance_misc,L0,auxiliary_system,3570,,3600,1
EAVT-L3-ALARM-OVERLOAD-029-N262,EAVT-L3-ALARM-OVERLOAD-029,nuisance_misc,L0,auxiliary_system,3585,,3605,1
EAVT-L3-ALARM-OVERLOAD-029-N263,EAVT-L3-ALARM-OVERLOAD-029,nuisance_misc,L0,auxiliary_system,3590,,3605,1
EAVT-L3-ALARM-OVERLOAD-029-N264,EAVT-L3-ALARM-OVERLOAD-029,nuisance_misc,L0,auxiliary_system,3605,,3620,1
EAVT-L3-ALARM-OVERLOAD-029-N265,EAVT-L3-ALARM-OVERLOAD-029,nuisance_misc,L0,auxiliary_system,3610,,3640,1
EAVT-L3-ALARM-OVERLOAD-029-N266,EAVT-L3-ALARM-OVERLOAD-029,nuisance_misc,L0,auxiliary_system,3620,,3635,1
EAVT-L3-ALARM-OVERLOAD-029-N267,EAVT-L3-ALARM-OVERLOAD-029,nuisance_misc,L0,auxiliary_system,3655,,3685,1
EAVT-L3-ALARM-OVERLOAD-029-N268,EAVT-L3-ALARM-OVERLOAD-029,nuisance_misc,L0,auxiliary_system,3665,,3690,1
EAVT-L3-ALARM-OVERLOAD-029-N269,EAVT-L3-ALARM-OVERLOAD-029,nuisance_misc,L0,auxiliary_system,3720,,3745,1
EAVT-L3-ALARM-OVERLOAD-029-N270,EAVT-L3-ALARM-OVERLOAD-029,nuisance_misc,L0,auxiliary_system,3735,,3765,1
EAVT-L3-ALARM-OVERLOAD-029-N271,EAVT-L3-ALARM-OVERLOAD-029,nuisance_misc,L0,auxiliary_system,3735,,3765,1
EAVT-L3-ALARM-OVERLOAD-029-N272,EAVT-L3-ALARM-OVERLOAD-029,nuisance_misc,L0,auxiliary_system,3785,,3800,1
EAVT-L3-ALARM-OVERLOAD-029-N273,EAVT-L3-ALARM-OVERLOAD-029,nuisance_misc,L0,auxiliary_system,3785,,3815,1
EAVT-L3-ALARM-OVERLOAD-029-N274,EAVT-L3-ALARM-OVERLOAD-029,nuisance_misc,L0,auxiliary_system,3790,,3820,1
EAVT-L3-ALARM-OVERLOAD-029-N275,EAVT-L3-ALARM-OVERLOAD-029,nuisance_misc,L0,auxiliary_system,3800,,3820,1
EAVT-L3-ALARM-OVERLOAD-029-N276,EAVT-L3-ALARM-OVERLOAD-029,nuisance_misc,L0,auxiliary_system,3815,,3845,1
EAVT-L3-ALARM-OVERLOAD-029-N277,EAVT-L3-ALARM-OVERLOAD-029,nuisance_misc,L0,auxiliary_system,3825,,3855,1
EAVT-L3-ALARM-OVERLOAD-029-N278,EAVT-L3-ALARM-OVERLOAD-029,nuisance_misc,L0,auxiliary_system,3830,,3855,1
EAVT-L3-ALARM-OVERLOAD-029-N279,EAVT-L3-ALARM-OVERLOAD-029,nuisance_misc,L0,auxiliary_system,3850,,3865,1
EAVT-L3-ALARM-OVERLOAD-029-N280,EAVT-L3-ALARM-OVERLOAD-029,nuisance_misc,L0,auxiliary_system,3855,,3870,1
EAVT-L3-ALARM-OVERLOAD-029-N281,EAVT-L3-ALARM-OVERLOAD-029,nuisance_misc,L0,auxiliary_system,3880,,3895,1
EAVT-L3-ALARM-OVERLOAD-029-N282,EAVT-L3-ALARM-OVERLOAD-029,nuisance_misc,L0,auxiliary_system,3890,,3900,1
EAVT-L3-ALARM-OVERLOAD-029-S01,EAVT-L3-ALARM-OVERLOAD-029,flow_deviation_branch,L1,feed_branch_3,3205,3310,3605,0
EAVT-L3-ALARM-OVERLOAD-029-S02,EAVT-L3-ALARM-OVERLOAD-029,t11_temperature_deviation,L3,T-1...T-11,3215,3310,3595,0
EAVT-L3-ALARM-OVERLOAD-029-S03,EAVT-L3-ALARM-OVERLOAD-029,feed_flow_imbalance,L2,feed_system,3225,3310,3585,0
EAVT-L3-ALARM-OVERLOAD-029-S04,EAVT-L3-ALARM-OVERLOAD-029,elou_load_imbalance,L4,ELOU,3260,3310,3530,0
EAVT-L3-ALARM-OVERLOAD-029-S05,EAVT-L3-ALARM-OVERLOAD-029,k1_feed_deviation,L5,K-1,3330,3375,3435,0
EAVT-L3-ALARM-OVERLOAD-030-N001,EAVT-L3-ALARM-OVERLOAD-030,nuisance_misc,L0,auxiliary_system,35,,55,1
EAVT-L3-ALARM-OVERLOAD-030-N002,EAVT-L3-ALARM-OVERLOAD-030,nuisance_misc,L0,auxiliary_system,45,,70,1
EAVT-L3-ALARM-OVERLOAD-030-N003,EAVT-L3-ALARM-OVERLOAD-030,nuisance_misc,L0,auxiliary_system,55,,70,1
EAVT-L3-ALARM-OVERLOAD-030-N004,EAVT-L3-ALARM-OVERLOAD-030,nuisance_misc,L0,auxiliary_system,55,,85,1
EAVT-L3-ALARM-OVERLOAD-030-N005,EAVT-L3-ALARM-OVERLOAD-030,nuisance_misc,L0,auxiliary_system,60,,90,1
EAVT-L3-ALARM-OVERLOAD-030-N006,EAVT-L3-ALARM-OVERLOAD-030,nuisance_misc,L0,auxiliary_system,65,,85,1
EAVT-L3-ALARM-OVERLOAD-030-N007,EAVT-L3-ALARM-OVERLOAD-030,nuisance_misc,L0,auxiliary_system,100,,130,1
EAVT-L3-ALARM-OVERLOAD-030-N008,EAVT-L3-ALARM-OVERLOAD-030,nuisance_misc,L0,auxiliary_system,115,,145,1
EAVT-L3-ALARM-OVERLOAD-030-N009,EAVT-L3-ALARM-OVERLOAD-030,nuisance_misc,L0,auxiliary_system,125,,145,1
EAVT-L3-ALARM-OVERLOAD-030-N010,EAVT-L3-ALARM-OVERLOAD-030,nuisance_misc,L0,auxiliary_system,135,,150,1
EAVT-L3-ALARM-OVERLOAD-030-N011,EAVT-L3-ALARM-OVERLOAD-030,nuisance_misc,L0,auxiliary_system,135,,160,1
EAVT-L3-ALARM-OVERLOAD-030-N012,EAVT-L3-ALARM-OVERLOAD-030,nuisance_misc,L0,auxiliary_system,140,,160,1
EAVT-L3-ALARM-OVERLOAD-030-N013,EAVT-L3-ALARM-OVERLOAD-030,nuisance_misc,L0,auxiliary_system,145,,170,1
EAVT-L3-ALARM-OVERLOAD-030-N014,EAVT-L3-ALARM-OVERLOAD-030,nuisance_misc,L0,auxiliary_system,150,,170,1
EAVT-L3-ALARM-OVERLOAD-030-N015,EAVT-L3-ALARM-OVERLOAD-030,nuisance_misc,L0,auxiliary_system,185,,215,1
EAVT-L3-ALARM-OVERLOAD-030-N016,EAVT-L3-ALARM-OVERLOAD-030,nuisance_misc,L0,auxiliary_system,200,,225,1
EAVT-L3-ALARM-OVERLOAD-030-N017,EAVT-L3-ALARM-OVERLOAD-030,nuisance_misc,L0,auxiliary_system,200,,225,1
EAVT-L3-ALARM-OVERLOAD-030-N018,EAVT-L3-ALARM-OVERLOAD-030,nuisance_misc,L0,auxiliary_system,230,,245,1
EAVT-L3-ALARM-OVERLOAD-030-N019,EAVT-L3-ALARM-OVERLOAD-030,nuisance_misc,L0,auxiliary_system,245,,270,1
EAVT-L3-ALARM-OVERLOAD-030-N020,EAVT-L3-ALARM-OVERLOAD-030,nuisance_misc,L0,auxiliary_system,250,,265,1
EAVT-L3-ALARM-OVERLOAD-030-N021,EAVT-L3-ALARM-OVERLOAD-030,nuisance_misc,L0,auxiliary_system,260,,280,1
EAVT-L3-ALARM-OVERLOAD-030-N022,EAVT-L3-ALARM-OVERLOAD-030,nuisance_misc,L0,auxiliary_system,260,,290,1
EAVT-L3-ALARM-OVERLOAD-030-N023,EAVT-L3-ALARM-OVERLOAD-030,nuisance_misc,L0,auxiliary_system,260,,285,1
EAVT-L3-ALARM-OVERLOAD-030-N024,EAVT-L3-ALARM-OVERLOAD-030,nuisance_misc,L0,auxiliary_system,265,,285,1
EAVT-L3-ALARM-OVERLOAD-030-N025,EAVT-L3-ALARM-OVERLOAD-030,nuisance_misc,L0,auxiliary_system,270,,295,1
EAVT-L3-ALARM-OVERLOAD-030-N026,EAVT-L3-ALARM-OVERLOAD-030,nuisance_misc,L0,auxiliary_system,280,,305,1
EAVT-L3-ALARM-OVERLOAD-030-N027,EAVT-L3-ALARM-OVERLOAD-030,nuisance_misc,L0,auxiliary_system,290,,320,1
EAVT-L3-ALARM-OVERLOAD-030-N028,EAVT-L3-ALARM-OVERLOAD-030,nuisance_misc,L0,auxiliary_system,320,,335,1
EAVT-L3-ALARM-OVERLOAD-030-N029,EAVT-L3-ALARM-OVERLOAD-030,nuisance_misc,L0,auxiliary_system,320,,350,1
EAVT-L3-ALARM-OVERLOAD-030-N030,EAVT-L3-ALARM-OVERLOAD-030,nuisance_misc,L0,auxiliary_system,325,,345,1
EAVT-L3-ALARM-OVERLOAD-030-N031,EAVT-L3-ALARM-OVERLOAD-030,nuisance_misc,L0,auxiliary_system,330,,350,1
EAVT-L3-ALARM-OVERLOAD-030-N032,EAVT-L3-ALARM-OVERLOAD-030,nuisance_misc,L0,auxiliary_system,345,,370,1
EAVT-L3-ALARM-OVERLOAD-030-N033,EAVT-L3-ALARM-OVERLOAD-030,nuisance_misc,L0,auxiliary_system,350,,370,1
EAVT-L3-ALARM-OVERLOAD-030-N034,EAVT-L3-ALARM-OVERLOAD-030,nuisance_misc,L0,auxiliary_system,350,,375,1
EAVT-L3-ALARM-OVERLOAD-030-N035,EAVT-L3-ALARM-OVERLOAD-030,nuisance_misc,L0,auxiliary_system,370,,395,1
EAVT-L3-ALARM-OVERLOAD-030-N036,EAVT-L3-ALARM-OVERLOAD-030,nuisance_misc,L0,auxiliary_system,370,,390,1
EAVT-L3-ALARM-OVERLOAD-030-N037,EAVT-L3-ALARM-OVERLOAD-030,nuisance_misc,L0,auxiliary_system,375,,390,1
EAVT-L3-ALARM-OVERLOAD-030-N038,EAVT-L3-ALARM-OVERLOAD-030,nuisance_misc,L0,auxiliary_system,400,,425,1
EAVT-L3-ALARM-OVERLOAD-030-N039,EAVT-L3-ALARM-OVERLOAD-030,nuisance_misc,L0,auxiliary_system,420,,450,1
EAVT-L3-ALARM-OVERLOAD-030-N040,EAVT-L3-ALARM-OVERLOAD-030,nuisance_misc,L0,auxiliary_system,430,,455,1
EAVT-L3-ALARM-OVERLOAD-030-N041,EAVT-L3-ALARM-OVERLOAD-030,nuisance_misc,L0,auxiliary_system,435,,450,1
EAVT-L3-ALARM-OVERLOAD-030-N042,EAVT-L3-ALARM-OVERLOAD-030,nuisance_misc,L0,auxiliary_system,495,,515,1
EAVT-L3-ALARM-OVERLOAD-030-N043,EAVT-L3-ALARM-OVERLOAD-030,nuisance_misc,L0,auxiliary_system,510,,540,1
EAVT-L3-ALARM-OVERLOAD-030-N044,EAVT-L3-ALARM-OVERLOAD-030,nuisance_misc,L0,auxiliary_system,515,,530,1
EAVT-L3-ALARM-OVERLOAD-030-N045,EAVT-L3-ALARM-OVERLOAD-030,nuisance_misc,L0,auxiliary_system,555,,580,1
EAVT-L3-ALARM-OVERLOAD-030-N046,EAVT-L3-ALARM-OVERLOAD-030,nuisance_misc,L0,auxiliary_system,560,,585,1
EAVT-L3-ALARM-OVERLOAD-030-N047,EAVT-L3-ALARM-OVERLOAD-030,nuisance_misc,L0,auxiliary_system,570,,585,1
EAVT-L3-ALARM-OVERLOAD-030-N048,EAVT-L3-ALARM-OVERLOAD-030,nuisance_misc,L0,auxiliary_system,590,,605,1
EAVT-L3-ALARM-OVERLOAD-030-N049,EAVT-L3-ALARM-OVERLOAD-030,nuisance_misc,L0,auxiliary_system,615,,630,1
EAVT-L3-ALARM-OVERLOAD-030-N050,EAVT-L3-ALARM-OVERLOAD-030,nuisance_misc,L0,auxiliary_system,625,,645,1
EAVT-L3-ALARM-OVERLOAD-030-N051,EAVT-L3-ALARM-OVERLOAD-030,nuisance_misc,L0,auxiliary_system,640,,655,1
EAVT-L3-ALARM-OVERLOAD-030-N052,EAVT-L3-ALARM-OVERLOAD-030,nuisance_misc,L0,auxiliary_system,680,,695,1
EAVT-L3-ALARM-OVERLOAD-030-N053,EAVT-L3-ALARM-OVERLOAD-030,nuisance_misc,L0,auxiliary_system,700,,730,1
EAVT-L3-ALARM-OVERLOAD-030-N054,EAVT-L3-ALARM-OVERLOAD-030,nuisance_misc,L0,auxiliary_system,700,,715,1
EAVT-L3-ALARM-OVERLOAD-030-N055,EAVT-L3-ALARM-OVERLOAD-030,nuisance_misc,L0,auxiliary_system,705,,735,1
EAVT-L3-ALARM-OVERLOAD-030-N056,EAVT-L3-ALARM-OVERLOAD-030,nuisance_misc,L0,auxiliary_system,710,,740,1
EAVT-L3-ALARM-OVERLOAD-030-N057,EAVT-L3-ALARM-OVERLOAD-030,nuisance_misc,L0,auxiliary_system,710,,735,1
EAVT-L3-ALARM-OVERLOAD-030-N058,EAVT-L3-ALARM-OVERLOAD-030,nuisance_misc,L0,auxiliary_system,715,,735,1
EAVT-L3-ALARM-OVERLOAD-030-N059,EAVT-L3-ALARM-OVERLOAD-030,nuisance_misc,L0,auxiliary_system,720,,735,1
EAVT-L3-ALARM-OVERLOAD-030-N060,EAVT-L3-ALARM-OVERLOAD-030,nuisance_misc,L0,auxiliary_system,720,,745,1
EAVT-L3-ALARM-OVERLOAD-030-N061,EAVT-L3-ALARM-OVERLOAD-030,nuisance_misc,L0,auxiliary_system,725,,745,1
EAVT-L3-ALARM-OVERLOAD-030-N062,EAVT-L3-ALARM-OVERLOAD-030,nuisance_misc,L0,auxiliary_system,730,,745,1
EAVT-L3-ALARM-OVERLOAD-030-N063,EAVT-L3-ALARM-OVERLOAD-030,nuisance_misc,L0,auxiliary_system,740,,760,1
EAVT-L3-ALARM-OVERLOAD-030-N064,EAVT-L3-ALARM-OVERLOAD-030,nuisance_misc,L0,auxiliary_system,750,,765,1
EAVT-L3-ALARM-OVERLOAD-030-N065,EAVT-L3-ALARM-OVERLOAD-030,nuisance_misc,L0,auxiliary_system,755,,770,1
EAVT-L3-ALARM-OVERLOAD-030-N066,EAVT-L3-ALARM-OVERLOAD-030,nuisance_misc,L0,auxiliary_system,760,,785,1
EAVT-L3-ALARM-OVERLOAD-030-N067,EAVT-L3-ALARM-OVERLOAD-030,nuisance_misc,L0,auxiliary_system,765,,790,1
EAVT-L3-ALARM-OVERLOAD-030-N068,EAVT-L3-ALARM-OVERLOAD-030,nuisance_misc,L0,auxiliary_system,780,,810,1
EAVT-L3-ALARM-OVERLOAD-030-N069,EAVT-L3-ALARM-OVERLOAD-030,nuisance_misc,L0,auxiliary_system,785,,815,1
EAVT-L3-ALARM-OVERLOAD-030-N070,EAVT-L3-ALARM-OVERLOAD-030,nuisance_misc,L0,auxiliary_system,795,,815,1
EAVT-L3-ALARM-OVERLOAD-030-N071,EAVT-L3-ALARM-OVERLOAD-030,nuisance_misc,L0,auxiliary_system,805,,825,1
EAVT-L3-ALARM-OVERLOAD-030-N072,EAVT-L3-ALARM-OVERLOAD-030,nuisance_misc,L0,auxiliary_system,805,,825,1
EAVT-L3-ALARM-OVERLOAD-030-N073,EAVT-L3-ALARM-OVERLOAD-030,nuisance_misc,L0,auxiliary_system,830,,845,1
EAVT-L3-ALARM-OVERLOAD-030-N074,EAVT-L3-ALARM-OVERLOAD-030,nuisance_misc,L0,auxiliary_system,835,,850,1
EAVT-L3-ALARM-OVERLOAD-030-N075,EAVT-L3-ALARM-OVERLOAD-030,nuisance_misc,L0,auxiliary_system,840,,865,1
EAVT-L3-ALARM-OVERLOAD-030-N076,EAVT-L3-ALARM-OVERLOAD-030,nuisance_misc,L0,auxiliary_system,840,,860,1
EAVT-L3-ALARM-OVERLOAD-030-N077,EAVT-L3-ALARM-OVERLOAD-030,nuisance_misc,L0,auxiliary_system,840,,870,1
EAVT-L3-ALARM-OVERLOAD-030-N078,EAVT-L3-ALARM-OVERLOAD-030,nuisance_misc,L0,auxiliary_system,850,,865,1
EAVT-L3-ALARM-OVERLOAD-030-N079,EAVT-L3-ALARM-OVERLOAD-030,nuisance_misc,L0,auxiliary_system,855,,875,1
EAVT-L3-ALARM-OVERLOAD-030-N080,EAVT-L3-ALARM-OVERLOAD-030,nuisance_misc,L0,auxiliary_system,855,,875,1
EAVT-L3-ALARM-OVERLOAD-030-N081,EAVT-L3-ALARM-OVERLOAD-030,nuisance_misc,L0,auxiliary_system,865,,885,1
EAVT-L3-ALARM-OVERLOAD-030-N082,EAVT-L3-ALARM-OVERLOAD-030,nuisance_misc,L0,auxiliary_system,880,,905,1
EAVT-L3-ALARM-OVERLOAD-030-N083,EAVT-L3-ALARM-OVERLOAD-030,nuisance_misc,L0,auxiliary_system,895,,920,1
EAVT-L3-ALARM-OVERLOAD-030-N084,EAVT-L3-ALARM-OVERLOAD-030,nuisance_misc,L0,auxiliary_system,925,,950,1
EAVT-L3-ALARM-OVERLOAD-030-N085,EAVT-L3-ALARM-OVERLOAD-030,nuisance_misc,L0,auxiliary_system,935,,950,1
EAVT-L3-ALARM-OVERLOAD-030-N086,EAVT-L3-ALARM-OVERLOAD-030,nuisance_misc,L0,auxiliary_system,955,,985,1
EAVT-L3-ALARM-OVERLOAD-030-N087,EAVT-L3-ALARM-OVERLOAD-030,nuisance_misc,L0,auxiliary_system,955,,985,1
EAVT-L3-ALARM-OVERLOAD-030-N088,EAVT-L3-ALARM-OVERLOAD-030,nuisance_misc,L0,auxiliary_system,955,,985,1
EAVT-L3-ALARM-OVERLOAD-030-N089,EAVT-L3-ALARM-OVERLOAD-030,nuisance_misc,L0,auxiliary_system,960,,975,1
EAVT-L3-ALARM-OVERLOAD-030-N090,EAVT-L3-ALARM-OVERLOAD-030,nuisance_misc,L0,auxiliary_system,985,,1000,1
EAVT-L3-ALARM-OVERLOAD-030-N091,EAVT-L3-ALARM-OVERLOAD-030,nuisance_misc,L0,auxiliary_system,1005,,1030,1
EAVT-L3-ALARM-OVERLOAD-030-N092,EAVT-L3-ALARM-OVERLOAD-030,nuisance_misc,L0,auxiliary_system,1015,,1040,1
EAVT-L3-ALARM-OVERLOAD-030-N093,EAVT-L3-ALARM-OVERLOAD-030,nuisance_misc,L0,auxiliary_system,1020,,1045,1
EAVT-L3-ALARM-OVERLOAD-030-N094,EAVT-L3-ALARM-OVERLOAD-030,nuisance_misc,L0,auxiliary_system,1025,,1040,1
EAVT-L3-ALARM-OVERLOAD-030-N095,EAVT-L3-ALARM-OVERLOAD-030,nuisance_misc,L0,auxiliary_system,1030,,1055,1
EAVT-L3-ALARM-OVERLOAD-030-N096,EAVT-L3-ALARM-OVERLOAD-030,nuisance_misc,L0,auxiliary_system,1040,,1070,1
EAVT-L3-ALARM-OVERLOAD-030-N097,EAVT-L3-ALARM-OVERLOAD-030,nuisance_misc,L0,auxiliary_system,1050,,1065,1
EAVT-L3-ALARM-OVERLOAD-030-N098,EAVT-L3-ALARM-OVERLOAD-030,nuisance_misc,L0,auxiliary_system,1055,,1085,1
EAVT-L3-ALARM-OVERLOAD-030-N099,EAVT-L3-ALARM-OVERLOAD-030,nuisance_misc,L0,auxiliary_system,1055,,1075,1
EAVT-L3-ALARM-OVERLOAD-030-N100,EAVT-L3-ALARM-OVERLOAD-030,nuisance_misc,L0,auxiliary_system,1065,,1080,1
EAVT-L3-ALARM-OVERLOAD-030-N101,EAVT-L3-ALARM-OVERLOAD-030,nuisance_misc,L0,auxiliary_system,1070,,1085,1
EAVT-L3-ALARM-OVERLOAD-030-N102,EAVT-L3-ALARM-OVERLOAD-030,nuisance_misc,L0,auxiliary_system,1090,,1115,1
EAVT-L3-ALARM-OVERLOAD-030-N103,EAVT-L3-ALARM-OVERLOAD-030,nuisance_misc,L0,auxiliary_system,1090,,1105,1
EAVT-L3-ALARM-OVERLOAD-030-N104,EAVT-L3-ALARM-OVERLOAD-030,nuisance_misc,L0,auxiliary_system,1095,,1125,1
EAVT-L3-ALARM-OVERLOAD-030-N105,EAVT-L3-ALARM-OVERLOAD-030,nuisance_misc,L0,auxiliary_system,1125,,1155,1
EAVT-L3-ALARM-OVERLOAD-030-N106,EAVT-L3-ALARM-OVERLOAD-030,nuisance_misc,L0,auxiliary_system,1130,,1160,1
EAVT-L3-ALARM-OVERLOAD-030-N107,EAVT-L3-ALARM-OVERLOAD-030,nuisance_misc,L0,auxiliary_system,1165,,1190,1
EAVT-L3-ALARM-OVERLOAD-030-N108,EAVT-L3-ALARM-OVERLOAD-030,nuisance_misc,L0,auxiliary_system,1175,,1195,1
EAVT-L3-ALARM-OVERLOAD-030-N109,EAVT-L3-ALARM-OVERLOAD-030,nuisance_misc,L0,auxiliary_system,1185,,1210,1
EAVT-L3-ALARM-OVERLOAD-030-N110,EAVT-L3-ALARM-OVERLOAD-030,nuisance_misc,L0,auxiliary_system,1195,,1220,1
EAVT-L3-ALARM-OVERLOAD-030-N111,EAVT-L3-ALARM-OVERLOAD-030,nuisance_misc,L0,auxiliary_system,1200,,1230,1
EAVT-L3-ALARM-OVERLOAD-030-N112,EAVT-L3-ALARM-OVERLOAD-030,nuisance_misc,L0,auxiliary_system,1205,,1225,1
EAVT-L3-ALARM-OVERLOAD-030-N113,EAVT-L3-ALARM-OVERLOAD-030,nuisance_misc,L0,auxiliary_system,1205,,1225,1
EAVT-L3-ALARM-OVERLOAD-030-N114,EAVT-L3-ALARM-OVERLOAD-030,nuisance_misc,L0,auxiliary_system,1210,,1225,1
EAVT-L3-ALARM-OVERLOAD-030-N115,EAVT-L3-ALARM-OVERLOAD-030,nuisance_misc,L0,auxiliary_system,1220,,1240,1
EAVT-L3-ALARM-OVERLOAD-030-N116,EAVT-L3-ALARM-OVERLOAD-030,nuisance_misc,L0,auxiliary_system,1265,,1295,1
EAVT-L3-ALARM-OVERLOAD-030-N117,EAVT-L3-ALARM-OVERLOAD-030,nuisance_misc,L0,auxiliary_system,1290,,1310,1
EAVT-L3-ALARM-OVERLOAD-030-N118,EAVT-L3-ALARM-OVERLOAD-030,nuisance_misc,L0,auxiliary_system,1290,,1315,1
EAVT-L3-ALARM-OVERLOAD-030-N119,EAVT-L3-ALARM-OVERLOAD-030,nuisance_misc,L0,auxiliary_system,1305,,1320,1
EAVT-L3-ALARM-OVERLOAD-030-N120,EAVT-L3-ALARM-OVERLOAD-030,nuisance_misc,L0,auxiliary_system,1310,,1330,1
EAVT-L3-ALARM-OVERLOAD-030-N121,EAVT-L3-ALARM-OVERLOAD-030,nuisance_misc,L0,auxiliary_system,1325,,1340,1
EAVT-L3-ALARM-OVERLOAD-030-N122,EAVT-L3-ALARM-OVERLOAD-030,nuisance_misc,L0,auxiliary_system,1330,,1350,1
EAVT-L3-ALARM-OVERLOAD-030-N123,EAVT-L3-ALARM-OVERLOAD-030,nuisance_misc,L0,auxiliary_system,1355,,1385,1
EAVT-L3-ALARM-OVERLOAD-030-N124,EAVT-L3-ALARM-OVERLOAD-030,nuisance_misc,L0,auxiliary_system,1370,,1390,1
EAVT-L3-ALARM-OVERLOAD-030-N125,EAVT-L3-ALARM-OVERLOAD-030,nuisance_misc,L0,auxiliary_system,1375,,1395,1
EAVT-L3-ALARM-OVERLOAD-030-N126,EAVT-L3-ALARM-OVERLOAD-030,nuisance_misc,L0,auxiliary_system,1400,,1415,1
EAVT-L3-ALARM-OVERLOAD-030-N127,EAVT-L3-ALARM-OVERLOAD-030,nuisance_misc,L0,auxiliary_system,1405,,1425,1
EAVT-L3-ALARM-OVERLOAD-030-N128,EAVT-L3-ALARM-OVERLOAD-030,nuisance_misc,L0,auxiliary_system,1420,,1450,1
EAVT-L3-ALARM-OVERLOAD-030-N129,EAVT-L3-ALARM-OVERLOAD-030,nuisance_misc,L0,auxiliary_system,1425,,1455,1
EAVT-L3-ALARM-OVERLOAD-030-N130,EAVT-L3-ALARM-OVERLOAD-030,nuisance_misc,L0,auxiliary_system,1445,,1465,1
EAVT-L3-ALARM-OVERLOAD-030-N131,EAVT-L3-ALARM-OVERLOAD-030,nuisance_misc,L0,auxiliary_system,1445,,1465,1
EAVT-L3-ALARM-OVERLOAD-030-N132,EAVT-L3-ALARM-OVERLOAD-030,nuisance_misc,L0,auxiliary_system,1460,,1475,1
EAVT-L3-ALARM-OVERLOAD-030-N133,EAVT-L3-ALARM-OVERLOAD-030,nuisance_misc,L0,auxiliary_system,1460,,1485,1
EAVT-L3-ALARM-OVERLOAD-030-N134,EAVT-L3-ALARM-OVERLOAD-030,nuisance_misc,L0,auxiliary_system,1460,,1485,1
EAVT-L3-ALARM-OVERLOAD-030-N135,EAVT-L3-ALARM-OVERLOAD-030,nuisance_misc,L0,auxiliary_system,1465,,1490,1
EAVT-L3-ALARM-OVERLOAD-030-N136,EAVT-L3-ALARM-OVERLOAD-030,nuisance_misc,L0,auxiliary_system,1465,,1495,1
EAVT-L3-ALARM-OVERLOAD-030-N137,EAVT-L3-ALARM-OVERLOAD-030,nuisance_misc,L0,auxiliary_system,1470,,1485,1
EAVT-L3-ALARM-OVERLOAD-030-N138,EAVT-L3-ALARM-OVERLOAD-030,nuisance_misc,L0,auxiliary_system,1485,,1515,1
EAVT-L3-ALARM-OVERLOAD-030-N139,EAVT-L3-ALARM-OVERLOAD-030,nuisance_misc,L0,auxiliary_system,1490,,1520,1
EAVT-L3-ALARM-OVERLOAD-030-N140,EAVT-L3-ALARM-OVERLOAD-030,nuisance_misc,L0,auxiliary_system,1495,,1515,1
EAVT-L3-ALARM-OVERLOAD-030-N141,EAVT-L3-ALARM-OVERLOAD-030,nuisance_misc,L0,auxiliary_system,1530,,1550,1
EAVT-L3-ALARM-OVERLOAD-030-N142,EAVT-L3-ALARM-OVERLOAD-030,nuisance_misc,L0,auxiliary_system,1560,,1580,1
EAVT-L3-ALARM-OVERLOAD-030-N143,EAVT-L3-ALARM-OVERLOAD-030,nuisance_misc,L0,auxiliary_system,1570,,1600,1
EAVT-L3-ALARM-OVERLOAD-030-N144,EAVT-L3-ALARM-OVERLOAD-030,nuisance_misc,L0,auxiliary_system,1570,,1590,1
EAVT-L3-ALARM-OVERLOAD-030-N145,EAVT-L3-ALARM-OVERLOAD-030,nuisance_misc,L0,auxiliary_system,1570,,1600,1
EAVT-L3-ALARM-OVERLOAD-030-N146,EAVT-L3-ALARM-OVERLOAD-030,nuisance_misc,L0,auxiliary_system,1590,,1610,1
EAVT-L3-ALARM-OVERLOAD-030-N147,EAVT-L3-ALARM-OVERLOAD-030,nuisance_misc,L0,auxiliary_system,1615,,1645,1
EAVT-L3-ALARM-OVERLOAD-030-N148,EAVT-L3-ALARM-OVERLOAD-030,nuisance_misc,L0,auxiliary_system,1615,,1635,1
EAVT-L3-ALARM-OVERLOAD-030-N149,EAVT-L3-ALARM-OVERLOAD-030,nuisance_misc,L0,auxiliary_system,1640,,1665,1
EAVT-L3-ALARM-OVERLOAD-030-N150,EAVT-L3-ALARM-OVERLOAD-030,nuisance_misc,L0,auxiliary_system,1640,,1655,1
EAVT-L3-ALARM-OVERLOAD-030-N151,EAVT-L3-ALARM-OVERLOAD-030,nuisance_misc,L0,auxiliary_system,1645,,1670,1
EAVT-L3-ALARM-OVERLOAD-030-N152,EAVT-L3-ALARM-OVERLOAD-030,nuisance_misc,L0,auxiliary_system,1650,,1680,1
EAVT-L3-ALARM-OVERLOAD-030-N153,EAVT-L3-ALARM-OVERLOAD-030,nuisance_misc,L0,auxiliary_system,1655,,1675,1
EAVT-L3-ALARM-OVERLOAD-030-N154,EAVT-L3-ALARM-OVERLOAD-030,nuisance_misc,L0,auxiliary_system,1680,,1710,1
EAVT-L3-ALARM-OVERLOAD-030-N155,EAVT-L3-ALARM-OVERLOAD-030,nuisance_misc,L0,auxiliary_system,1690,,1705,1
EAVT-L3-ALARM-OVERLOAD-030-N156,EAVT-L3-ALARM-OVERLOAD-030,nuisance_misc,L0,auxiliary_system,1690,,1710,1
EAVT-L3-ALARM-OVERLOAD-030-N157,EAVT-L3-ALARM-OVERLOAD-030,nuisance_misc,L0,auxiliary_system,1705,,1735,1
EAVT-L3-ALARM-OVERLOAD-030-N158,EAVT-L3-ALARM-OVERLOAD-030,nuisance_misc,L0,auxiliary_system,1710,,1735,1
EAVT-L3-ALARM-OVERLOAD-030-N159,EAVT-L3-ALARM-OVERLOAD-030,nuisance_misc,L0,auxiliary_system,1710,,1730,1
EAVT-L3-ALARM-OVERLOAD-030-N160,EAVT-L3-ALARM-OVERLOAD-030,nuisance_misc,L0,auxiliary_system,1745,,1775,1
EAVT-L3-ALARM-OVERLOAD-030-N161,EAVT-L3-ALARM-OVERLOAD-030,nuisance_misc,L0,auxiliary_system,1765,,1785,1
EAVT-L3-ALARM-OVERLOAD-030-N162,EAVT-L3-ALARM-OVERLOAD-030,nuisance_misc,L0,auxiliary_system,1770,,1795,1
EAVT-L3-ALARM-OVERLOAD-030-N163,EAVT-L3-ALARM-OVERLOAD-030,nuisance_misc,L0,auxiliary_system,1780,,1800,1
EAVT-L3-ALARM-OVERLOAD-030-N164,EAVT-L3-ALARM-OVERLOAD-030,nuisance_misc,L0,auxiliary_system,1780,,1810,1
EAVT-L3-ALARM-OVERLOAD-030-N165,EAVT-L3-ALARM-OVERLOAD-030,nuisance_misc,L0,auxiliary_system,1785,,1815,1
EAVT-L3-ALARM-OVERLOAD-030-N166,EAVT-L3-ALARM-OVERLOAD-030,nuisance_misc,L0,auxiliary_system,1785,,1800,1
EAVT-L3-ALARM-OVERLOAD-030-N167,EAVT-L3-ALARM-OVERLOAD-030,nuisance_misc,L0,auxiliary_system,1785,,1810,1
EAVT-L3-ALARM-OVERLOAD-030-N168,EAVT-L3-ALARM-OVERLOAD-030,nuisance_misc,L0,auxiliary_system,1785,,1815,1
EAVT-L3-ALARM-OVERLOAD-030-N169,EAVT-L3-ALARM-OVERLOAD-030,nuisance_misc,L0,auxiliary_system,1800,,1820,1
EAVT-L3-ALARM-OVERLOAD-030-N170,EAVT-L3-ALARM-OVERLOAD-030,nuisance_misc,L0,auxiliary_system,1805,,1835,1
EAVT-L3-ALARM-OVERLOAD-030-N171,EAVT-L3-ALARM-OVERLOAD-030,nuisance_misc,L0,auxiliary_system,1825,,1855,1
EAVT-L3-ALARM-OVERLOAD-030-N172,EAVT-L3-ALARM-OVERLOAD-030,nuisance_misc,L0,auxiliary_system,1825,,1855,1
EAVT-L3-ALARM-OVERLOAD-030-N173,EAVT-L3-ALARM-OVERLOAD-030,nuisance_misc,L0,auxiliary_system,1825,,1855,1
EAVT-L3-ALARM-OVERLOAD-030-N174,EAVT-L3-ALARM-OVERLOAD-030,nuisance_misc,L0,auxiliary_system,1835,,1860,1
EAVT-L3-ALARM-OVERLOAD-030-N175,EAVT-L3-ALARM-OVERLOAD-030,nuisance_misc,L0,auxiliary_system,1875,,1895,1
EAVT-L3-ALARM-OVERLOAD-030-N176,EAVT-L3-ALARM-OVERLOAD-030,nuisance_misc,L0,auxiliary_system,1900,,1925,1
EAVT-L3-ALARM-OVERLOAD-030-N177,EAVT-L3-ALARM-OVERLOAD-030,nuisance_misc,L0,auxiliary_system,1920,,1935,1
EAVT-L3-ALARM-OVERLOAD-030-N178,EAVT-L3-ALARM-OVERLOAD-030,nuisance_misc,L0,auxiliary_system,1925,,1945,1
EAVT-L3-ALARM-OVERLOAD-030-N179,EAVT-L3-ALARM-OVERLOAD-030,nuisance_misc,L0,auxiliary_system,1935,,1965,1
EAVT-L3-ALARM-OVERLOAD-030-N180,EAVT-L3-ALARM-OVERLOAD-030,nuisance_misc,L0,auxiliary_system,1950,,1965,1
EAVT-L3-ALARM-OVERLOAD-030-N181,EAVT-L3-ALARM-OVERLOAD-030,nuisance_misc,L0,auxiliary_system,1950,,1980,1
EAVT-L3-ALARM-OVERLOAD-030-N182,EAVT-L3-ALARM-OVERLOAD-030,nuisance_misc,L0,auxiliary_system,1990,,2020,1
EAVT-L3-ALARM-OVERLOAD-030-N183,EAVT-L3-ALARM-OVERLOAD-030,nuisance_misc,L0,auxiliary_system,2000,,2015,1
EAVT-L3-ALARM-OVERLOAD-030-N184,EAVT-L3-ALARM-OVERLOAD-030,nuisance_misc,L0,auxiliary_system,2025,,2055,1
EAVT-L3-ALARM-OVERLOAD-030-N185,EAVT-L3-ALARM-OVERLOAD-030,nuisance_misc,L0,auxiliary_system,2065,,2090,1
EAVT-L3-ALARM-OVERLOAD-030-N186,EAVT-L3-ALARM-OVERLOAD-030,nuisance_misc,L0,auxiliary_system,2065,,2085,1
EAVT-L3-ALARM-OVERLOAD-030-N187,EAVT-L3-ALARM-OVERLOAD-030,nuisance_misc,L0,auxiliary_system,2070,,2100,1
EAVT-L3-ALARM-OVERLOAD-030-N188,EAVT-L3-ALARM-OVERLOAD-030,nuisance_misc,L0,auxiliary_system,2070,,2085,1
EAVT-L3-ALARM-OVERLOAD-030-N189,EAVT-L3-ALARM-OVERLOAD-030,nuisance_misc,L0,auxiliary_system,2075,,2095,1
EAVT-L3-ALARM-OVERLOAD-030-N190,EAVT-L3-ALARM-OVERLOAD-030,nuisance_misc,L0,auxiliary_system,2075,,2100,1
EAVT-L3-ALARM-OVERLOAD-030-N191,EAVT-L3-ALARM-OVERLOAD-030,nuisance_misc,L0,auxiliary_system,2095,,2125,1
EAVT-L3-ALARM-OVERLOAD-030-N192,EAVT-L3-ALARM-OVERLOAD-030,nuisance_misc,L0,auxiliary_system,2145,,2165,1
EAVT-L3-ALARM-OVERLOAD-030-N193,EAVT-L3-ALARM-OVERLOAD-030,nuisance_misc,L0,auxiliary_system,2150,,2165,1
EAVT-L3-ALARM-OVERLOAD-030-N194,EAVT-L3-ALARM-OVERLOAD-030,nuisance_misc,L0,auxiliary_system,2150,,2180,1
EAVT-L3-ALARM-OVERLOAD-030-N195,EAVT-L3-ALARM-OVERLOAD-030,nuisance_misc,L0,auxiliary_system,2165,,2195,1
EAVT-L3-ALARM-OVERLOAD-030-N196,EAVT-L3-ALARM-OVERLOAD-030,nuisance_misc,L0,auxiliary_system,2165,,2190,1
EAVT-L3-ALARM-OVERLOAD-030-N197,EAVT-L3-ALARM-OVERLOAD-030,nuisance_misc,L0,auxiliary_system,2180,,2195,1
EAVT-L3-ALARM-OVERLOAD-030-N198,EAVT-L3-ALARM-OVERLOAD-030,nuisance_misc,L0,auxiliary_system,2185,,2215,1
EAVT-L3-ALARM-OVERLOAD-030-N199,EAVT-L3-ALARM-OVERLOAD-030,nuisance_misc,L0,auxiliary_system,2200,,2230,1
EAVT-L3-ALARM-OVERLOAD-030-N200,EAVT-L3-ALARM-OVERLOAD-030,nuisance_misc,L0,auxiliary_system,2245,,2270,1
EAVT-L3-ALARM-OVERLOAD-030-N201,EAVT-L3-ALARM-OVERLOAD-030,nuisance_misc,L0,auxiliary_system,2300,,2320,1
EAVT-L3-ALARM-OVERLOAD-030-N202,EAVT-L3-ALARM-OVERLOAD-030,nuisance_misc,L0,auxiliary_system,2300,,2315,1
EAVT-L3-ALARM-OVERLOAD-030-N203,EAVT-L3-ALARM-OVERLOAD-030,nuisance_misc,L0,auxiliary_system,2315,,2335,1
EAVT-L3-ALARM-OVERLOAD-030-N204,EAVT-L3-ALARM-OVERLOAD-030,nuisance_misc,L0,auxiliary_system,2345,,2365,1
EAVT-L3-ALARM-OVERLOAD-030-N205,EAVT-L3-ALARM-OVERLOAD-030,nuisance_misc,L0,auxiliary_system,2385,,2405,1
EAVT-L3-ALARM-OVERLOAD-030-N206,EAVT-L3-ALARM-OVERLOAD-030,nuisance_misc,L0,auxiliary_system,2400,,2430,1
EAVT-L3-ALARM-OVERLOAD-030-N207,EAVT-L3-ALARM-OVERLOAD-030,nuisance_misc,L0,auxiliary_system,2405,,2435,1
EAVT-L3-ALARM-OVERLOAD-030-N208,EAVT-L3-ALARM-OVERLOAD-030,nuisance_misc,L0,auxiliary_system,2430,,2445,1
EAVT-L3-ALARM-OVERLOAD-030-N209,EAVT-L3-ALARM-OVERLOAD-030,nuisance_misc,L0,auxiliary_system,2430,,2455,1
EAVT-L3-ALARM-OVERLOAD-030-N210,EAVT-L3-ALARM-OVERLOAD-030,nuisance_misc,L0,auxiliary_system,2435,,2465,1
EAVT-L3-ALARM-OVERLOAD-030-N211,EAVT-L3-ALARM-OVERLOAD-030,nuisance_misc,L0,auxiliary_system,2450,,2475,1
EAVT-L3-ALARM-OVERLOAD-030-N212,EAVT-L3-ALARM-OVERLOAD-030,nuisance_misc,L0,auxiliary_system,2460,,2475,1
EAVT-L3-ALARM-OVERLOAD-030-N213,EAVT-L3-ALARM-OVERLOAD-030,nuisance_misc,L0,auxiliary_system,2470,,2490,1
EAVT-L3-ALARM-OVERLOAD-030-N214,EAVT-L3-ALARM-OVERLOAD-030,nuisance_misc,L0,auxiliary_system,2470,,2490,1
EAVT-L3-ALARM-OVERLOAD-030-N215,EAVT-L3-ALARM-OVERLOAD-030,nuisance_misc,L0,auxiliary_system,2480,,2505,1
EAVT-L3-ALARM-OVERLOAD-030-N216,EAVT-L3-ALARM-OVERLOAD-030,nuisance_misc,L0,auxiliary_system,2480,,2500,1
EAVT-L3-ALARM-OVERLOAD-030-N217,EAVT-L3-ALARM-OVERLOAD-030,nuisance_misc,L0,auxiliary_system,2520,,2545,1
EAVT-L3-ALARM-OVERLOAD-030-N218,EAVT-L3-ALARM-OVERLOAD-030,nuisance_misc,L0,auxiliary_system,2525,,2550,1
EAVT-L3-ALARM-OVERLOAD-030-N219,EAVT-L3-ALARM-OVERLOAD-030,nuisance_misc,L0,auxiliary_system,2540,,2560,1
EAVT-L3-ALARM-OVERLOAD-030-N220,EAVT-L3-ALARM-OVERLOAD-030,nuisance_misc,L0,auxiliary_system,2555,,2585,1
EAVT-L3-ALARM-OVERLOAD-030-N221,EAVT-L3-ALARM-OVERLOAD-030,nuisance_misc,L0,auxiliary_system,2555,,2570,1
EAVT-L3-ALARM-OVERLOAD-030-N222,EAVT-L3-ALARM-OVERLOAD-030,nuisance_misc,L0,auxiliary_system,2570,,2595,1
EAVT-L3-ALARM-OVERLOAD-030-N223,EAVT-L3-ALARM-OVERLOAD-030,nuisance_misc,L0,auxiliary_system,2575,,2600,1
EAVT-L3-ALARM-OVERLOAD-030-N224,EAVT-L3-ALARM-OVERLOAD-030,nuisance_misc,L0,auxiliary_system,2580,,2605,1
EAVT-L3-ALARM-OVERLOAD-030-N225,EAVT-L3-ALARM-OVERLOAD-030,nuisance_misc,L0,auxiliary_system,2605,,2625,1
EAVT-L3-ALARM-OVERLOAD-030-N226,EAVT-L3-ALARM-OVERLOAD-030,nuisance_misc,L0,auxiliary_system,2610,,2630,1
EAVT-L3-ALARM-OVERLOAD-030-N227,EAVT-L3-ALARM-OVERLOAD-030,nuisance_misc,L0,auxiliary_system,2635,,2650,1
EAVT-L3-ALARM-OVERLOAD-030-N228,EAVT-L3-ALARM-OVERLOAD-030,nuisance_misc,L0,auxiliary_system,2635,,2650,1
EAVT-L3-ALARM-OVERLOAD-030-N229,EAVT-L3-ALARM-OVERLOAD-030,nuisance_misc,L0,auxiliary_system,2645,,2675,1
EAVT-L3-ALARM-OVERLOAD-030-N230,EAVT-L3-ALARM-OVERLOAD-030,nuisance_misc,L0,auxiliary_system,2655,,2675,1
EAVT-L3-ALARM-OVERLOAD-030-N231,EAVT-L3-ALARM-OVERLOAD-030,nuisance_misc,L0,auxiliary_system,2685,,2705,1
EAVT-L3-ALARM-OVERLOAD-030-N232,EAVT-L3-ALARM-OVERLOAD-030,nuisance_misc,L0,auxiliary_system,2695,,2725,1
EAVT-L3-ALARM-OVERLOAD-030-N233,EAVT-L3-ALARM-OVERLOAD-030,nuisance_misc,L0,auxiliary_system,2715,,2735,1
EAVT-L3-ALARM-OVERLOAD-030-N234,EAVT-L3-ALARM-OVERLOAD-030,nuisance_misc,L0,auxiliary_system,2720,,2740,1
EAVT-L3-ALARM-OVERLOAD-030-N235,EAVT-L3-ALARM-OVERLOAD-030,nuisance_misc,L0,auxiliary_system,2730,,2745,1
EAVT-L3-ALARM-OVERLOAD-030-N236,EAVT-L3-ALARM-OVERLOAD-030,nuisance_misc,L0,auxiliary_system,2745,,2765,1
EAVT-L3-ALARM-OVERLOAD-030-N237,EAVT-L3-ALARM-OVERLOAD-030,nuisance_misc,L0,auxiliary_system,2770,,2795,1
EAVT-L3-ALARM-OVERLOAD-030-N238,EAVT-L3-ALARM-OVERLOAD-030,nuisance_misc,L0,auxiliary_system,2775,,2795,1
EAVT-L3-ALARM-OVERLOAD-030-N239,EAVT-L3-ALARM-OVERLOAD-030,nuisance_misc,L0,auxiliary_system,2790,,2810,1
EAVT-L3-ALARM-OVERLOAD-030-N240,EAVT-L3-ALARM-OVERLOAD-030,nuisance_misc,L0,auxiliary_system,2795,,2810,1
EAVT-L3-ALARM-OVERLOAD-030-N241,EAVT-L3-ALARM-OVERLOAD-030,nuisance_misc,L0,auxiliary_system,2805,,2830,1
EAVT-L3-ALARM-OVERLOAD-030-N242,EAVT-L3-ALARM-OVERLOAD-030,nuisance_misc,L0,auxiliary_system,2815,,2830,1
EAVT-L3-ALARM-OVERLOAD-030-N243,EAVT-L3-ALARM-OVERLOAD-030,nuisance_misc,L0,auxiliary_system,2850,,2880,1
EAVT-L3-ALARM-OVERLOAD-030-N244,EAVT-L3-ALARM-OVERLOAD-030,nuisance_misc,L0,auxiliary_system,2880,,2900,1
EAVT-L3-ALARM-OVERLOAD-030-N245,EAVT-L3-ALARM-OVERLOAD-030,nuisance_misc,L0,auxiliary_system,2900,,2920,1
EAVT-L3-ALARM-OVERLOAD-030-N246,EAVT-L3-ALARM-OVERLOAD-030,nuisance_misc,L0,auxiliary_system,2905,,2925,1
EAVT-L3-ALARM-OVERLOAD-030-N247,EAVT-L3-ALARM-OVERLOAD-030,nuisance_misc,L0,auxiliary_system,2935,,2960,1
EAVT-L3-ALARM-OVERLOAD-030-N248,EAVT-L3-ALARM-OVERLOAD-030,nuisance_misc,L0,auxiliary_system,2970,,2995,1
EAVT-L3-ALARM-OVERLOAD-030-N249,EAVT-L3-ALARM-OVERLOAD-030,nuisance_misc,L0,auxiliary_system,3005,,3035,1
EAVT-L3-ALARM-OVERLOAD-030-N250,EAVT-L3-ALARM-OVERLOAD-030,nuisance_misc,L0,auxiliary_system,3025,,3050,1
EAVT-L3-ALARM-OVERLOAD-030-N251,EAVT-L3-ALARM-OVERLOAD-030,nuisance_misc,L0,auxiliary_system,3030,,3055,1
EAVT-L3-ALARM-OVERLOAD-030-N252,EAVT-L3-ALARM-OVERLOAD-030,nuisance_misc,L0,auxiliary_system,3050,,3075,1
EAVT-L3-ALARM-OVERLOAD-030-N253,EAVT-L3-ALARM-OVERLOAD-030,nuisance_misc,L0,auxiliary_system,3065,,3080,1
EAVT-L3-ALARM-OVERLOAD-030-N254,EAVT-L3-ALARM-OVERLOAD-030,nuisance_misc,L0,auxiliary_system,3090,,3115,1
EAVT-L3-ALARM-OVERLOAD-030-N255,EAVT-L3-ALARM-OVERLOAD-030,nuisance_misc,L0,auxiliary_system,3120,,3150,1
EAVT-L3-ALARM-OVERLOAD-030-N256,EAVT-L3-ALARM-OVERLOAD-030,nuisance_misc,L0,auxiliary_system,3120,,3145,1
EAVT-L3-ALARM-OVERLOAD-030-N257,EAVT-L3-ALARM-OVERLOAD-030,nuisance_misc,L0,auxiliary_system,3135,,3160,1
EAVT-L3-ALARM-OVERLOAD-030-N258,EAVT-L3-ALARM-OVERLOAD-030,nuisance_misc,L0,auxiliary_system,3135,,3150,1
EAVT-L3-ALARM-OVERLOAD-030-N259,EAVT-L3-ALARM-OVERLOAD-030,nuisance_misc,L0,auxiliary_system,3145,,3170,1
EAVT-L3-ALARM-OVERLOAD-030-N260,EAVT-L3-ALARM-OVERLOAD-030,nuisance_misc,L0,auxiliary_system,3165,,3185,1
EAVT-L3-ALARM-OVERLOAD-030-N261,EAVT-L3-ALARM-OVERLOAD-030,nuisance_misc,L0,auxiliary_system,3185,,3210,1
EAVT-L3-ALARM-OVERLOAD-030-N262,EAVT-L3-ALARM-OVERLOAD-030,nuisance_misc,L0,auxiliary_system,3205,,3220,1
EAVT-L3-ALARM-OVERLOAD-030-N263,EAVT-L3-ALARM-OVERLOAD-030,nuisance_misc,L0,auxiliary_system,3215,,3240,1
EAVT-L3-ALARM-OVERLOAD-030-N264,EAVT-L3-ALARM-OVERLOAD-030,nuisance_misc,L0,auxiliary_system,3220,,3245,1
EAVT-L3-ALARM-OVERLOAD-030-N265,EAVT-L3-ALARM-OVERLOAD-030,nuisance_misc,L0,auxiliary_system,3225,,3255,1
EAVT-L3-ALARM-OVERLOAD-030-N266,EAVT-L3-ALARM-OVERLOAD-030,nuisance_misc,L0,auxiliary_system,3230,,3245,1
EAVT-L3-ALARM-OVERLOAD-030-N267,EAVT-L3-ALARM-OVERLOAD-030,nuisance_misc,L0,auxiliary_system,3235,,3265,1
EAVT-L3-ALARM-OVERLOAD-030-N268,EAVT-L3-ALARM-OVERLOAD-030,nuisance_misc,L0,auxiliary_system,3235,,3260,1
EAVT-L3-ALARM-OVERLOAD-030-N269,EAVT-L3-ALARM-OVERLOAD-030,nuisance_misc,L0,auxiliary_system,3240,,3255,1
EAVT-L3-ALARM-OVERLOAD-030-N270,EAVT-L3-ALARM-OVERLOAD-030,nuisance_misc,L0,auxiliary_system,3245,,3260,1
EAVT-L3-ALARM-OVERLOAD-030-N271,EAVT-L3-ALARM-OVERLOAD-030,nuisance_misc,L0,auxiliary_system,3250,,3270,1
EAVT-L3-ALARM-OVERLOAD-030-N272,EAVT-L3-ALARM-OVERLOAD-030,nuisance_misc,L0,auxiliary_system,3300,,3320,1
EAVT-L3-ALARM-OVERLOAD-030-N273,EAVT-L3-ALARM-OVERLOAD-030,nuisance_misc,L0,auxiliary_system,3305,,3335,1
EAVT-L3-ALARM-OVERLOAD-030-N274,EAVT-L3-ALARM-OVERLOAD-030,nuisance_misc,L0,auxiliary_system,3340,,3360,1
EAVT-L3-ALARM-OVERLOAD-030-N275,EAVT-L3-ALARM-OVERLOAD-030,nuisance_misc,L0,auxiliary_system,3340,,3370,1
EAVT-L3-ALARM-OVERLOAD-030-N276,EAVT-L3-ALARM-OVERLOAD-030,nuisance_misc,L0,auxiliary_system,3360,,3380,1
EAVT-L3-ALARM-OVERLOAD-030-N277,EAVT-L3-ALARM-OVERLOAD-030,nuisance_misc,L0,auxiliary_system,3360,,3390,1
EAVT-L3-ALARM-OVERLOAD-030-N278,EAVT-L3-ALARM-OVERLOAD-030,nuisance_misc,L0,auxiliary_system,3375,,3405,1
EAVT-L3-ALARM-OVERLOAD-030-N279,EAVT-L3-ALARM-OVERLOAD-030,nuisance_misc,L0,auxiliary_system,3395,,3425,1
EAVT-L3-ALARM-OVERLOAD-030-N280,EAVT-L3-ALARM-OVERLOAD-030,nuisance_misc,L0,auxiliary_system,3420,,3450,1
EAVT-L3-ALARM-OVERLOAD-030-N281,EAVT-L3-ALARM-OVERLOAD-030,nuisance_misc,L0,auxiliary_system,3425,,3445,1
EAVT-L3-ALARM-OVERLOAD-030-N282,EAVT-L3-ALARM-OVERLOAD-030,nuisance_misc,L0,auxiliary_system,3425,,3445,1
EAVT-L3-ALARM-OVERLOAD-030-N283,EAVT-L3-ALARM-OVERLOAD-030,nuisance_misc,L0,auxiliary_system,3450,,3480,1
EAVT-L3-ALARM-OVERLOAD-030-N284,EAVT-L3-ALARM-OVERLOAD-030,nuisance_misc,L0,auxiliary_system,3470,,3495,1
EAVT-L3-ALARM-OVERLOAD-030-N285,EAVT-L3-ALARM-OVERLOAD-030,nuisance_misc,L0,auxiliary_system,3490,,3515,1
EAVT-L3-ALARM-OVERLOAD-030-N286,EAVT-L3-ALARM-OVERLOAD-030,nuisance_misc,L0,auxiliary_system,3505,,3535,1
EAVT-L3-ALARM-OVERLOAD-030-N287,EAVT-L3-ALARM-OVERLOAD-030,nuisance_misc,L0,auxiliary_system,3510,,3540,1
EAVT-L3-ALARM-OVERLOAD-030-N288,EAVT-L3-ALARM-OVERLOAD-030,nuisance_misc,L0,auxiliary_system,3535,,3560,1
EAVT-L3-ALARM-OVERLOAD-030-N289,EAVT-L3-ALARM-OVERLOAD-030,nuisance_misc,L0,auxiliary_system,3540,,3555,1
EAVT-L3-ALARM-OVERLOAD-030-N290,EAVT-L3-ALARM-OVERLOAD-030,nuisance_misc,L0,auxiliary_system,3540,,3570,1
EAVT-L3-ALARM-OVERLOAD-030-N291,EAVT-L3-ALARM-OVERLOAD-030,nuisance_misc,L0,auxiliary_system,3580,,3600,1
EAVT-L3-ALARM-OVERLOAD-030-N292,EAVT-L3-ALARM-OVERLOAD-030,nuisance_misc,L0,auxiliary_system,3605,,3625,1
EAVT-L3-ALARM-OVERLOAD-030-N293,EAVT-L3-ALARM-OVERLOAD-030,nuisance_misc,L0,auxiliary_system,3605,,3620,1
EAVT-L3-ALARM-OVERLOAD-030-N294,EAVT-L3-ALARM-OVERLOAD-030,nuisance_misc,L0,auxiliary_system,3615,,3640,1
EAVT-L3-ALARM-OVERLOAD-030-N295,EAVT-L3-ALARM-OVERLOAD-030,nuisance_misc,L0,auxiliary_system,3625,,3640,1
EAVT-L3-ALARM-OVERLOAD-030-N296,EAVT-L3-ALARM-OVERLOAD-030,nuisance_misc,L0,auxiliary_system,3630,,3645,1
EAVT-L3-ALARM-OVERLOAD-030-N297,EAVT-L3-ALARM-OVERLOAD-030,nuisance_misc,L0,auxiliary_system,3650,,3665,1
EAVT-L3-ALARM-OVERLOAD-030-N298,EAVT-L3-ALARM-OVERLOAD-030,nuisance_misc,L0,auxiliary_system,3660,,3690,1
EAVT-L3-ALARM-OVERLOAD-030-N299,EAVT-L3-ALARM-OVERLOAD-030,nuisance_misc,L0,auxiliary_system,3680,,3705,1
EAVT-L3-ALARM-OVERLOAD-030-N300,EAVT-L3-ALARM-OVERLOAD-030,nuisance_misc,L0,auxiliary_system,3690,,3715,1
EAVT-L3-ALARM-OVERLOAD-030-N301,EAVT-L3-ALARM-OVERLOAD-030,nuisance_misc,L0,auxiliary_system,3720,,3750,1
EAVT-L3-ALARM-OVERLOAD-030-N302,EAVT-L3-ALARM-OVERLOAD-030,nuisance_misc,L0,auxiliary_system,3720,,3740,1
EAVT-L3-ALARM-OVERLOAD-030-N303,EAVT-L3-ALARM-OVERLOAD-030,nuisance_misc,L0,auxiliary_system,3730,,3760,1
EAVT-L3-ALARM-OVERLOAD-030-N304,EAVT-L3-ALARM-OVERLOAD-030,nuisance_misc,L0,auxiliary_system,3730,,3760,1
EAVT-L3-ALARM-OVERLOAD-030-N305,EAVT-L3-ALARM-OVERLOAD-030,nuisance_misc,L0,auxiliary_system,3740,,3765,1
EAVT-L3-ALARM-OVERLOAD-030-N306,EAVT-L3-ALARM-OVERLOAD-030,nuisance_misc,L0,auxiliary_system,3780,,3805,1
EAVT-L3-ALARM-OVERLOAD-030-N307,EAVT-L3-ALARM-OVERLOAD-030,nuisance_misc,L0,auxiliary_system,3810,,3830,1
EAVT-L3-ALARM-OVERLOAD-030-N308,EAVT-L3-ALARM-OVERLOAD-030,nuisance_misc,L0,auxiliary_system,3850,,3875,1
EAVT-L3-ALARM-OVERLOAD-030-N309,EAVT-L3-ALARM-OVERLOAD-030,nuisance_misc,L0,auxiliary_system,3865,,3880,1
EAVT-L3-ALARM-OVERLOAD-030-N310,EAVT-L3-ALARM-OVERLOAD-030,nuisance_misc,L0,auxiliary_system,3865,,3880,1
EAVT-L3-ALARM-OVERLOAD-030-N311,EAVT-L3-ALARM-OVERLOAD-030,nuisance_misc,L0,auxiliary_system,3885,,3900,1
EAVT-L3-ALARM-OVERLOAD-030-N312,EAVT-L3-ALARM-OVERLOAD-030,nuisance_misc,L0,auxiliary_system,3885,,3900,1
EAVT-L3-ALARM-OVERLOAD-030-N313,EAVT-L3-ALARM-OVERLOAD-030,nuisance_misc,L0,auxiliary_system,3885,,3900,1
EAVT-L3-ALARM-OVERLOAD-030-N314,EAVT-L3-ALARM-OVERLOAD-030,nuisance_misc,L0,auxiliary_system,3890,,3900,1
EAVT-L3-ALARM-OVERLOAD-030-N315,EAVT-L3-ALARM-OVERLOAD-030,nuisance_misc,L0,auxiliary_system,3890,,3900,1
EAVT-L3-ALARM-OVERLOAD-030-S01,EAVT-L3-ALARM-OVERLOAD-030,flow_deviation_branch,L1,feed_branch_1,3165,3260,3550,0
EAVT-L3-ALARM-OVERLOAD-030-S02,EAVT-L3-ALARM-OVERLOAD-030,t11_temperature_deviation,L3,T-1...T-11,3170,3260,3540,0
EAVT-L3-ALARM-OVERLOAD-030-S03,EAVT-L3-ALARM-OVERLOAD-030,feed_flow_imbalance,L2,feed_system,3180,3260,3530,0
EAVT-L3-ALARM-OVERLOAD-030-S04,EAVT-L3-ALARM-OVERLOAD-030,elou_load_imbalance,L4,ELOU,3215,3260,3480,0
EAVT-L3-ALARM-OVERLOAD-030-S05,EAVT-L3-ALARM-OVERLOAD-030,k1_feed_deviation,L5,K-1,3290,3335,3380,0
EAVT-L3-WRONG-DIAGNOSIS-031-N001,EAVT-L3-WRONG-DIAGNOSIS-031,nuisance_misc,L0,auxiliary_system,10,30,35,1
EAVT-L3-WRONG-DIAGNOSIS-031-N002,EAVT-L3-WRONG-DIAGNOSIS-031,nuisance_misc,L0,auxiliary_system,15,35,40,1
EAVT-L3-WRONG-DIAGNOSIS-031-N003,EAVT-L3-WRONG-DIAGNOSIS-031,nuisance_misc,L0,auxiliary_system,25,45,50,1
EAVT-L3-WRONG-DIAGNOSIS-031-N004,EAVT-L3-WRONG-DIAGNOSIS-031,nuisance_misc,L0,auxiliary_system,30,50,50,1
EAVT-L3-WRONG-DIAGNOSIS-031-N005,EAVT-L3-WRONG-DIAGNOSIS-031,nuisance_misc,L0,auxiliary_system,30,50,50,1
EAVT-L3-WRONG-DIAGNOSIS-031-N006,EAVT-L3-WRONG-DIAGNOSIS-031,nuisance_misc,L0,auxiliary_system,35,55,55,1
EAVT-L3-WRONG-DIAGNOSIS-031-N007,EAVT-L3-WRONG-DIAGNOSIS-031,nuisance_misc,L0,auxiliary_system,40,60,55,1
EAVT-L3-WRONG-DIAGNOSIS-031-N008,EAVT-L3-WRONG-DIAGNOSIS-031,nuisance_misc,L0,auxiliary_system,80,100,95,1
EAVT-L3-WRONG-DIAGNOSIS-031-N009,EAVT-L3-WRONG-DIAGNOSIS-031,nuisance_misc,L0,auxiliary_system,130,150,160,1
EAVT-L3-WRONG-DIAGNOSIS-031-N010,EAVT-L3-WRONG-DIAGNOSIS-031,nuisance_misc,L0,auxiliary_system,130,150,145,1
EAVT-L3-WRONG-DIAGNOSIS-031-N011,EAVT-L3-WRONG-DIAGNOSIS-031,nuisance_misc,L0,auxiliary_system,140,160,160,1
EAVT-L3-WRONG-DIAGNOSIS-031-N012,EAVT-L3-WRONG-DIAGNOSIS-031,nuisance_misc,L0,auxiliary_system,150,170,175,1
EAVT-L3-WRONG-DIAGNOSIS-031-N013,EAVT-L3-WRONG-DIAGNOSIS-031,nuisance_misc,L0,auxiliary_system,180,200,205,1
EAVT-L3-WRONG-DIAGNOSIS-031-N014,EAVT-L3-WRONG-DIAGNOSIS-031,nuisance_misc,L0,auxiliary_system,185,205,205,1
EAVT-L3-WRONG-DIAGNOSIS-031-N015,EAVT-L3-WRONG-DIAGNOSIS-031,nuisance_misc,L0,auxiliary_system,195,215,210,1
EAVT-L3-WRONG-DIAGNOSIS-031-N016,EAVT-L3-WRONG-DIAGNOSIS-031,nuisance_misc,L0,auxiliary_system,235,255,250,1
EAVT-L3-WRONG-DIAGNOSIS-031-N017,EAVT-L3-WRONG-DIAGNOSIS-031,nuisance_misc,L0,auxiliary_system,250,270,265,1
EAVT-L3-WRONG-DIAGNOSIS-031-N018,EAVT-L3-WRONG-DIAGNOSIS-031,nuisance_misc,L0,auxiliary_system,300,320,315,1
EAVT-L3-WRONG-DIAGNOSIS-031-N019,EAVT-L3-WRONG-DIAGNOSIS-031,nuisance_misc,L0,auxiliary_system,305,325,320,1
EAVT-L3-WRONG-DIAGNOSIS-031-N020,EAVT-L3-WRONG-DIAGNOSIS-031,nuisance_misc,L0,auxiliary_system,335,355,350,1
EAVT-L3-WRONG-DIAGNOSIS-031-N021,EAVT-L3-WRONG-DIAGNOSIS-031,nuisance_misc,L0,auxiliary_system,350,370,365,1
EAVT-L3-WRONG-DIAGNOSIS-031-N022,EAVT-L3-WRONG-DIAGNOSIS-031,nuisance_misc,L0,auxiliary_system,365,385,380,1
EAVT-L3-WRONG-DIAGNOSIS-031-N023,EAVT-L3-WRONG-DIAGNOSIS-031,nuisance_misc,L0,auxiliary_system,365,385,385,1
EAVT-L3-WRONG-DIAGNOSIS-031-N024,EAVT-L3-WRONG-DIAGNOSIS-031,nuisance_misc,L0,auxiliary_system,365,385,385,1
EAVT-L3-WRONG-DIAGNOSIS-031-N025,EAVT-L3-WRONG-DIAGNOSIS-031,nuisance_misc,L0,auxiliary_system,375,395,390,1
EAVT-L3-WRONG-DIAGNOSIS-031-N026,EAVT-L3-WRONG-DIAGNOSIS-031,nuisance_misc,L0,auxiliary_system,390,410,415,1
EAVT-L3-WRONG-DIAGNOSIS-031-N027,EAVT-L3-WRONG-DIAGNOSIS-031,nuisance_misc,L0,auxiliary_system,405,425,425,1
EAVT-L3-WRONG-DIAGNOSIS-031-N028,EAVT-L3-WRONG-DIAGNOSIS-031,nuisance_misc,L0,auxiliary_system,405,425,435,1
EAVT-L3-WRONG-DIAGNOSIS-031-N029,EAVT-L3-WRONG-DIAGNOSIS-031,nuisance_misc,L0,auxiliary_system,415,435,440,1
EAVT-L3-WRONG-DIAGNOSIS-031-N030,EAVT-L3-WRONG-DIAGNOSIS-031,nuisance_misc,L0,auxiliary_system,440,460,460,1
EAVT-L3-WRONG-DIAGNOSIS-031-N031,EAVT-L3-WRONG-DIAGNOSIS-031,nuisance_misc,L0,auxiliary_system,445,465,470,1
EAVT-L3-WRONG-DIAGNOSIS-031-N032,EAVT-L3-WRONG-DIAGNOSIS-031,nuisance_misc,L0,auxiliary_system,450,470,470,1
EAVT-L3-WRONG-DIAGNOSIS-031-N033,EAVT-L3-WRONG-DIAGNOSIS-031,nuisance_misc,L0,auxiliary_system,460,480,475,1
EAVT-L3-WRONG-DIAGNOSIS-031-N034,EAVT-L3-WRONG-DIAGNOSIS-031,nuisance_misc,L0,auxiliary_system,465,485,480,1
EAVT-L3-WRONG-DIAGNOSIS-031-N035,EAVT-L3-WRONG-DIAGNOSIS-031,nuisance_misc,L0,auxiliary_system,480,500,500,1
EAVT-L3-WRONG-DIAGNOSIS-031-N036,EAVT-L3-WRONG-DIAGNOSIS-031,nuisance_misc,L0,auxiliary_system,515,535,530,1
EAVT-L3-WRONG-DIAGNOSIS-031-N037,EAVT-L3-WRONG-DIAGNOSIS-031,nuisance_misc,L0,auxiliary_system,530,550,555,1
EAVT-L3-WRONG-DIAGNOSIS-031-N038,EAVT-L3-WRONG-DIAGNOSIS-031,nuisance_misc,L0,auxiliary_system,535,555,550,1
EAVT-L3-WRONG-DIAGNOSIS-031-N039,EAVT-L3-WRONG-DIAGNOSIS-031,nuisance_misc,L0,auxiliary_system,555,575,570,1
EAVT-L3-WRONG-DIAGNOSIS-031-N040,EAVT-L3-WRONG-DIAGNOSIS-031,nuisance_misc,L0,auxiliary_system,560,580,575,1
EAVT-L3-WRONG-DIAGNOSIS-031-N041,EAVT-L3-WRONG-DIAGNOSIS-031,nuisance_misc,L0,auxiliary_system,565,585,595,1
EAVT-L3-WRONG-DIAGNOSIS-031-N042,EAVT-L3-WRONG-DIAGNOSIS-031,nuisance_misc,L0,auxiliary_system,575,595,600,1
EAVT-L3-WRONG-DIAGNOSIS-031-N043,EAVT-L3-WRONG-DIAGNOSIS-031,nuisance_misc,L0,auxiliary_system,585,605,615,1
EAVT-L3-WRONG-DIAGNOSIS-031-N044,EAVT-L3-WRONG-DIAGNOSIS-031,nuisance_misc,L0,auxiliary_system,590,610,615,1
EAVT-L3-WRONG-DIAGNOSIS-031-N045,EAVT-L3-WRONG-DIAGNOSIS-031,nuisance_misc,L0,auxiliary_system,600,620,615,1
EAVT-L3-WRONG-DIAGNOSIS-031-N046,EAVT-L3-WRONG-DIAGNOSIS-031,nuisance_misc,L0,auxiliary_system,610,630,640,1
EAVT-L3-WRONG-DIAGNOSIS-031-N047,EAVT-L3-WRONG-DIAGNOSIS-031,nuisance_misc,L0,auxiliary_system,610,630,625,1
EAVT-L3-WRONG-DIAGNOSIS-031-N048,EAVT-L3-WRONG-DIAGNOSIS-031,nuisance_misc,L0,auxiliary_system,630,650,645,1
EAVT-L3-WRONG-DIAGNOSIS-031-N049,EAVT-L3-WRONG-DIAGNOSIS-031,nuisance_misc,L0,auxiliary_system,650,670,680,1
EAVT-L3-WRONG-DIAGNOSIS-031-N050,EAVT-L3-WRONG-DIAGNOSIS-031,nuisance_misc,L0,auxiliary_system,660,680,685,1
EAVT-L3-WRONG-DIAGNOSIS-031-N051,EAVT-L3-WRONG-DIAGNOSIS-031,nuisance_misc,L0,auxiliary_system,670,690,695,1
EAVT-L3-WRONG-DIAGNOSIS-031-N052,EAVT-L3-WRONG-DIAGNOSIS-031,nuisance_misc,L0,auxiliary_system,675,695,690,1
EAVT-L3-WRONG-DIAGNOSIS-031-N053,EAVT-L3-WRONG-DIAGNOSIS-031,nuisance_misc,L0,auxiliary_system,675,695,695,1
EAVT-L3-WRONG-DIAGNOSIS-031-N054,EAVT-L3-WRONG-DIAGNOSIS-031,nuisance_misc,L0,auxiliary_system,685,705,700,1
EAVT-L3-WRONG-DIAGNOSIS-031-N055,EAVT-L3-WRONG-DIAGNOSIS-031,nuisance_misc,L0,auxiliary_system,690,710,705,1
EAVT-L3-WRONG-DIAGNOSIS-031-N056,EAVT-L3-WRONG-DIAGNOSIS-031,nuisance_misc,L0,auxiliary_system,700,720,720,1
EAVT-L3-WRONG-DIAGNOSIS-031-N057,EAVT-L3-WRONG-DIAGNOSIS-031,nuisance_misc,L0,auxiliary_system,725,745,740,1
EAVT-L3-WRONG-DIAGNOSIS-031-N058,EAVT-L3-WRONG-DIAGNOSIS-031,nuisance_misc,L0,auxiliary_system,745,765,765,1
EAVT-L3-WRONG-DIAGNOSIS-031-N059,EAVT-L3-WRONG-DIAGNOSIS-031,nuisance_misc,L0,auxiliary_system,760,780,780,1
EAVT-L3-WRONG-DIAGNOSIS-031-N060,EAVT-L3-WRONG-DIAGNOSIS-031,nuisance_misc,L0,auxiliary_system,770,790,800,1
EAVT-L3-WRONG-DIAGNOSIS-031-N061,EAVT-L3-WRONG-DIAGNOSIS-031,nuisance_misc,L0,auxiliary_system,770,790,790,1
EAVT-L3-WRONG-DIAGNOSIS-031-N062,EAVT-L3-WRONG-DIAGNOSIS-031,nuisance_misc,L0,auxiliary_system,810,830,835,1
EAVT-L3-WRONG-DIAGNOSIS-031-N063,EAVT-L3-WRONG-DIAGNOSIS-031,nuisance_misc,L0,auxiliary_system,810,830,840,1
EAVT-L3-WRONG-DIAGNOSIS-031-N064,EAVT-L3-WRONG-DIAGNOSIS-031,nuisance_misc,L0,auxiliary_system,815,835,830,1
EAVT-L3-WRONG-DIAGNOSIS-031-N065,EAVT-L3-WRONG-DIAGNOSIS-031,nuisance_misc,L0,auxiliary_system,820,840,835,1
EAVT-L3-WRONG-DIAGNOSIS-031-N066,EAVT-L3-WRONG-DIAGNOSIS-031,nuisance_misc,L0,auxiliary_system,830,850,845,1
EAVT-L3-WRONG-DIAGNOSIS-031-N067,EAVT-L3-WRONG-DIAGNOSIS-031,nuisance_misc,L0,auxiliary_system,830,850,845,1
EAVT-L3-WRONG-DIAGNOSIS-031-N068,EAVT-L3-WRONG-DIAGNOSIS-031,nuisance_misc,L0,auxiliary_system,850,870,880,1
EAVT-L3-WRONG-DIAGNOSIS-031-N069,EAVT-L3-WRONG-DIAGNOSIS-031,nuisance_misc,L0,auxiliary_system,860,880,885,1
EAVT-L3-WRONG-DIAGNOSIS-031-N070,EAVT-L3-WRONG-DIAGNOSIS-031,nuisance_misc,L0,auxiliary_system,880,900,905,1
EAVT-L3-WRONG-DIAGNOSIS-031-N071,EAVT-L3-WRONG-DIAGNOSIS-031,nuisance_misc,L0,auxiliary_system,880,900,895,1
EAVT-L3-WRONG-DIAGNOSIS-031-N072,EAVT-L3-WRONG-DIAGNOSIS-031,nuisance_misc,L0,auxiliary_system,880,900,895,1
EAVT-L3-WRONG-DIAGNOSIS-031-N073,EAVT-L3-WRONG-DIAGNOSIS-031,nuisance_misc,L0,auxiliary_system,885,905,910,1
EAVT-L3-WRONG-DIAGNOSIS-031-N074,EAVT-L3-WRONG-DIAGNOSIS-031,nuisance_misc,L0,auxiliary_system,895,915,915,1
EAVT-L3-WRONG-DIAGNOSIS-031-N075,EAVT-L3-WRONG-DIAGNOSIS-031,nuisance_misc,L0,auxiliary_system,900,920,930,1
EAVT-L3-WRONG-DIAGNOSIS-031-N076,EAVT-L3-WRONG-DIAGNOSIS-031,nuisance_misc,L0,auxiliary_system,905,925,920,1
EAVT-L3-WRONG-DIAGNOSIS-031-N077,EAVT-L3-WRONG-DIAGNOSIS-031,nuisance_misc,L0,auxiliary_system,920,940,950,1
EAVT-L3-WRONG-DIAGNOSIS-031-N078,EAVT-L3-WRONG-DIAGNOSIS-031,nuisance_misc,L0,auxiliary_system,950,970,980,1
EAVT-L3-WRONG-DIAGNOSIS-031-N079,EAVT-L3-WRONG-DIAGNOSIS-031,nuisance_misc,L0,auxiliary_system,980,1000,995,1
EAVT-L3-WRONG-DIAGNOSIS-031-N080,EAVT-L3-WRONG-DIAGNOSIS-031,nuisance_misc,L0,auxiliary_system,1005,1025,1025,1
EAVT-L3-WRONG-DIAGNOSIS-031-N081,EAVT-L3-WRONG-DIAGNOSIS-031,nuisance_misc,L0,auxiliary_system,1010,1030,1040,1
EAVT-L3-WRONG-DIAGNOSIS-031-N082,EAVT-L3-WRONG-DIAGNOSIS-031,nuisance_misc,L0,auxiliary_system,1030,1050,1055,1
EAVT-L3-WRONG-DIAGNOSIS-031-N083,EAVT-L3-WRONG-DIAGNOSIS-031,nuisance_misc,L0,auxiliary_system,1035,1055,1065,1
EAVT-L3-WRONG-DIAGNOSIS-031-N084,EAVT-L3-WRONG-DIAGNOSIS-031,nuisance_misc,L0,auxiliary_system,1050,1070,1070,1
EAVT-L3-WRONG-DIAGNOSIS-031-N085,EAVT-L3-WRONG-DIAGNOSIS-031,nuisance_misc,L0,auxiliary_system,1070,1090,1095,1
EAVT-L3-WRONG-DIAGNOSIS-031-N086,EAVT-L3-WRONG-DIAGNOSIS-031,nuisance_misc,L0,auxiliary_system,1075,1095,1095,1
EAVT-L3-WRONG-DIAGNOSIS-031-N087,EAVT-L3-WRONG-DIAGNOSIS-031,nuisance_misc,L0,auxiliary_system,1075,1095,1100,1
EAVT-L3-WRONG-DIAGNOSIS-031-N088,EAVT-L3-WRONG-DIAGNOSIS-031,nuisance_misc,L0,auxiliary_system,1080,1100,1110,1
EAVT-L3-WRONG-DIAGNOSIS-031-N089,EAVT-L3-WRONG-DIAGNOSIS-031,nuisance_misc,L0,auxiliary_system,1090,1110,1110,1
EAVT-L3-WRONG-DIAGNOSIS-031-N090,EAVT-L3-WRONG-DIAGNOSIS-031,nuisance_misc,L0,auxiliary_system,1095,1115,1125,1
EAVT-L3-WRONG-DIAGNOSIS-031-N091,EAVT-L3-WRONG-DIAGNOSIS-031,nuisance_misc,L0,auxiliary_system,1100,1120,1120,1
EAVT-L3-WRONG-DIAGNOSIS-031-N092,EAVT-L3-WRONG-DIAGNOSIS-031,nuisance_misc,L0,auxiliary_system,1190,1210,1210,1
EAVT-L3-WRONG-DIAGNOSIS-031-N093,EAVT-L3-WRONG-DIAGNOSIS-031,nuisance_misc,L0,auxiliary_system,1210,1230,1230,1
EAVT-L3-WRONG-DIAGNOSIS-031-N094,EAVT-L3-WRONG-DIAGNOSIS-031,nuisance_misc,L0,auxiliary_system,1210,1230,1225,1
EAVT-L3-WRONG-DIAGNOSIS-031-N095,EAVT-L3-WRONG-DIAGNOSIS-031,nuisance_misc,L0,auxiliary_system,1250,1270,1275,1
EAVT-L3-WRONG-DIAGNOSIS-031-N096,EAVT-L3-WRONG-DIAGNOSIS-031,nuisance_misc,L0,auxiliary_system,1265,1285,1280,1
EAVT-L3-WRONG-DIAGNOSIS-031-N097,EAVT-L3-WRONG-DIAGNOSIS-031,nuisance_misc,L0,auxiliary_system,1305,1325,1330,1
EAVT-L3-WRONG-DIAGNOSIS-031-N098,EAVT-L3-WRONG-DIAGNOSIS-031,nuisance_misc,L0,auxiliary_system,1315,1335,1345,1
EAVT-L3-WRONG-DIAGNOSIS-031-N099,EAVT-L3-WRONG-DIAGNOSIS-031,nuisance_misc,L0,auxiliary_system,1315,1335,1340,1
EAVT-L3-WRONG-DIAGNOSIS-031-N100,EAVT-L3-WRONG-DIAGNOSIS-031,nuisance_misc,L0,auxiliary_system,1315,1335,1345,1
EAVT-L3-WRONG-DIAGNOSIS-031-N101,EAVT-L3-WRONG-DIAGNOSIS-031,nuisance_misc,L0,auxiliary_system,1350,1370,1380,1
EAVT-L3-WRONG-DIAGNOSIS-031-N102,EAVT-L3-WRONG-DIAGNOSIS-031,nuisance_misc,L0,auxiliary_system,1370,1390,1385,1
EAVT-L3-WRONG-DIAGNOSIS-031-N103,EAVT-L3-WRONG-DIAGNOSIS-031,nuisance_misc,L0,auxiliary_system,1380,1400,1395,1
EAVT-L3-WRONG-DIAGNOSIS-031-N104,EAVT-L3-WRONG-DIAGNOSIS-031,nuisance_misc,L0,auxiliary_system,1395,1415,1415,1
EAVT-L3-WRONG-DIAGNOSIS-031-N105,EAVT-L3-WRONG-DIAGNOSIS-031,nuisance_misc,L0,auxiliary_system,1400,1420,1415,1
EAVT-L3-WRONG-DIAGNOSIS-031-N106,EAVT-L3-WRONG-DIAGNOSIS-031,nuisance_misc,L0,auxiliary_system,1410,1430,1425,1
EAVT-L3-WRONG-DIAGNOSIS-031-N107,EAVT-L3-WRONG-DIAGNOSIS-031,nuisance_misc,L0,auxiliary_system,1410,1430,1425,1
EAVT-L3-WRONG-DIAGNOSIS-031-N108,EAVT-L3-WRONG-DIAGNOSIS-031,nuisance_misc,L0,auxiliary_system,1415,1435,1445,1
EAVT-L3-WRONG-DIAGNOSIS-031-N109,EAVT-L3-WRONG-DIAGNOSIS-031,nuisance_misc,L0,auxiliary_system,1445,1465,1470,1
EAVT-L3-WRONG-DIAGNOSIS-031-N110,EAVT-L3-WRONG-DIAGNOSIS-031,nuisance_misc,L0,auxiliary_system,1450,1470,1465,1
EAVT-L3-WRONG-DIAGNOSIS-031-N111,EAVT-L3-WRONG-DIAGNOSIS-031,nuisance_misc,L0,auxiliary_system,1450,1470,1480,1
EAVT-L3-WRONG-DIAGNOSIS-031-N112,EAVT-L3-WRONG-DIAGNOSIS-031,nuisance_misc,L0,auxiliary_system,1455,1475,1485,1
EAVT-L3-WRONG-DIAGNOSIS-031-N113,EAVT-L3-WRONG-DIAGNOSIS-031,nuisance_misc,L0,auxiliary_system,1480,1500,1500,1
EAVT-L3-WRONG-DIAGNOSIS-031-N114,EAVT-L3-WRONG-DIAGNOSIS-031,nuisance_misc,L0,auxiliary_system,1480,1500,1495,1
EAVT-L3-WRONG-DIAGNOSIS-031-N115,EAVT-L3-WRONG-DIAGNOSIS-031,nuisance_misc,L0,auxiliary_system,1480,1500,1510,1
EAVT-L3-WRONG-DIAGNOSIS-031-N116,EAVT-L3-WRONG-DIAGNOSIS-031,nuisance_misc,L0,auxiliary_system,1485,1505,1510,1
EAVT-L3-WRONG-DIAGNOSIS-031-N117,EAVT-L3-WRONG-DIAGNOSIS-031,nuisance_misc,L0,auxiliary_system,1495,1515,1520,1
EAVT-L3-WRONG-DIAGNOSIS-031-N118,EAVT-L3-WRONG-DIAGNOSIS-031,nuisance_misc,L0,auxiliary_system,1495,1515,1520,1
EAVT-L3-WRONG-DIAGNOSIS-031-N119,EAVT-L3-WRONG-DIAGNOSIS-031,nuisance_misc,L0,auxiliary_system,1530,1550,1550,1
EAVT-L3-WRONG-DIAGNOSIS-031-N120,EAVT-L3-WRONG-DIAGNOSIS-031,nuisance_misc,L0,auxiliary_system,1530,1550,1545,1
EAVT-L3-WRONG-DIAGNOSIS-031-N121,EAVT-L3-WRONG-DIAGNOSIS-031,nuisance_misc,L0,auxiliary_system,1535,1555,1560,1
EAVT-L3-WRONG-DIAGNOSIS-031-N122,EAVT-L3-WRONG-DIAGNOSIS-031,nuisance_misc,L0,auxiliary_system,1540,1560,1560,1
EAVT-L3-WRONG-DIAGNOSIS-031-N123,EAVT-L3-WRONG-DIAGNOSIS-031,nuisance_misc,L0,auxiliary_system,1550,1570,1580,1
EAVT-L3-WRONG-DIAGNOSIS-031-N124,EAVT-L3-WRONG-DIAGNOSIS-031,nuisance_misc,L0,auxiliary_system,1560,1580,1575,1
EAVT-L3-WRONG-DIAGNOSIS-031-N125,EAVT-L3-WRONG-DIAGNOSIS-031,nuisance_misc,L0,auxiliary_system,1565,1585,1585,1
EAVT-L3-WRONG-DIAGNOSIS-031-N126,EAVT-L3-WRONG-DIAGNOSIS-031,nuisance_misc,L0,auxiliary_system,1625,1645,1655,1
EAVT-L3-WRONG-DIAGNOSIS-031-N127,EAVT-L3-WRONG-DIAGNOSIS-031,nuisance_misc,L0,auxiliary_system,1625,1645,1655,1
EAVT-L3-WRONG-DIAGNOSIS-031-N128,EAVT-L3-WRONG-DIAGNOSIS-031,nuisance_misc,L0,auxiliary_system,1640,1660,1665,1
EAVT-L3-WRONG-DIAGNOSIS-031-N129,EAVT-L3-WRONG-DIAGNOSIS-031,nuisance_misc,L0,auxiliary_system,1645,1665,1675,1
EAVT-L3-WRONG-DIAGNOSIS-031-N130,EAVT-L3-WRONG-DIAGNOSIS-031,nuisance_misc,L0,auxiliary_system,1650,1670,1680,1
EAVT-L3-WRONG-DIAGNOSIS-031-N131,EAVT-L3-WRONG-DIAGNOSIS-031,nuisance_misc,L0,auxiliary_system,1650,1670,1665,1
EAVT-L3-WRONG-DIAGNOSIS-031-N132,EAVT-L3-WRONG-DIAGNOSIS-031,nuisance_misc,L0,auxiliary_system,1670,1690,1685,1
EAVT-L3-WRONG-DIAGNOSIS-031-N133,EAVT-L3-WRONG-DIAGNOSIS-031,nuisance_misc,L0,auxiliary_system,1675,1695,1700,1
EAVT-L3-WRONG-DIAGNOSIS-031-N134,EAVT-L3-WRONG-DIAGNOSIS-031,nuisance_misc,L0,auxiliary_system,1690,1710,1710,1
EAVT-L3-WRONG-DIAGNOSIS-031-N135,EAVT-L3-WRONG-DIAGNOSIS-031,nuisance_misc,L0,auxiliary_system,1700,1720,1725,1
EAVT-L3-WRONG-DIAGNOSIS-031-N136,EAVT-L3-WRONG-DIAGNOSIS-031,nuisance_misc,L0,auxiliary_system,1705,1725,1720,1
EAVT-L3-WRONG-DIAGNOSIS-031-N137,EAVT-L3-WRONG-DIAGNOSIS-031,nuisance_misc,L0,auxiliary_system,1735,1755,1760,1
EAVT-L3-WRONG-DIAGNOSIS-031-N138,EAVT-L3-WRONG-DIAGNOSIS-031,nuisance_misc,L0,auxiliary_system,1735,1755,1755,1
EAVT-L3-WRONG-DIAGNOSIS-031-N139,EAVT-L3-WRONG-DIAGNOSIS-031,nuisance_misc,L0,auxiliary_system,1735,1755,1755,1
EAVT-L3-WRONG-DIAGNOSIS-031-N140,EAVT-L3-WRONG-DIAGNOSIS-031,nuisance_misc,L0,auxiliary_system,1755,1775,1770,1
EAVT-L3-WRONG-DIAGNOSIS-031-N141,EAVT-L3-WRONG-DIAGNOSIS-031,nuisance_misc,L0,auxiliary_system,1760,1780,1785,1
EAVT-L3-WRONG-DIAGNOSIS-031-N142,EAVT-L3-WRONG-DIAGNOSIS-031,nuisance_misc,L0,auxiliary_system,1765,1785,1785,1
EAVT-L3-WRONG-DIAGNOSIS-031-N143,EAVT-L3-WRONG-DIAGNOSIS-031,nuisance_misc,L0,auxiliary_system,1765,1785,1780,1
EAVT-L3-WRONG-DIAGNOSIS-031-N144,EAVT-L3-WRONG-DIAGNOSIS-031,nuisance_misc,L0,auxiliary_system,1770,1790,1790,1
EAVT-L3-WRONG-DIAGNOSIS-031-N145,EAVT-L3-WRONG-DIAGNOSIS-031,nuisance_misc,L0,auxiliary_system,1795,1815,1820,1
EAVT-L3-WRONG-DIAGNOSIS-031-N146,EAVT-L3-WRONG-DIAGNOSIS-031,nuisance_misc,L0,auxiliary_system,1800,1820,1825,1
EAVT-L3-WRONG-DIAGNOSIS-031-N147,EAVT-L3-WRONG-DIAGNOSIS-031,nuisance_misc,L0,auxiliary_system,1845,1865,1875,1
EAVT-L3-WRONG-DIAGNOSIS-031-N148,EAVT-L3-WRONG-DIAGNOSIS-031,nuisance_misc,L0,auxiliary_system,1850,1870,1870,1
EAVT-L3-WRONG-DIAGNOSIS-031-N149,EAVT-L3-WRONG-DIAGNOSIS-031,nuisance_misc,L0,auxiliary_system,1855,1875,1875,1
EAVT-L3-WRONG-DIAGNOSIS-031-N150,EAVT-L3-WRONG-DIAGNOSIS-031,nuisance_misc,L0,auxiliary_system,1860,1880,1880,1
EAVT-L3-WRONG-DIAGNOSIS-031-N151,EAVT-L3-WRONG-DIAGNOSIS-031,nuisance_misc,L0,auxiliary_system,1880,1900,1900,1
EAVT-L3-WRONG-DIAGNOSIS-031-N152,EAVT-L3-WRONG-DIAGNOSIS-031,nuisance_misc,L0,auxiliary_system,1885,1905,1900,1
EAVT-L3-WRONG-DIAGNOSIS-031-N153,EAVT-L3-WRONG-DIAGNOSIS-031,nuisance_misc,L0,auxiliary_system,1885,1905,1915,1
EAVT-L3-WRONG-DIAGNOSIS-031-N154,EAVT-L3-WRONG-DIAGNOSIS-031,nuisance_misc,L0,auxiliary_system,1895,1915,1910,1
EAVT-L3-WRONG-DIAGNOSIS-031-N155,EAVT-L3-WRONG-DIAGNOSIS-031,nuisance_misc,L0,auxiliary_system,1920,1940,1945,1
EAVT-L3-WRONG-DIAGNOSIS-031-N156,EAVT-L3-WRONG-DIAGNOSIS-031,nuisance_misc,L0,auxiliary_system,1920,1940,1935,1
EAVT-L3-WRONG-DIAGNOSIS-031-N157,EAVT-L3-WRONG-DIAGNOSIS-031,nuisance_misc,L0,auxiliary_system,1955,1975,1975,1
EAVT-L3-WRONG-DIAGNOSIS-031-N158,EAVT-L3-WRONG-DIAGNOSIS-031,nuisance_misc,L0,auxiliary_system,1990,2010,2015,1
EAVT-L3-WRONG-DIAGNOSIS-031-N159,EAVT-L3-WRONG-DIAGNOSIS-031,nuisance_misc,L0,auxiliary_system,1990,2010,2020,1
EAVT-L3-WRONG-DIAGNOSIS-031-N160,EAVT-L3-WRONG-DIAGNOSIS-031,nuisance_misc,L0,auxiliary_system,2000,2020,2030,1
EAVT-L3-WRONG-DIAGNOSIS-031-N161,EAVT-L3-WRONG-DIAGNOSIS-031,nuisance_misc,L0,auxiliary_system,2000,2020,2020,1
EAVT-L3-WRONG-DIAGNOSIS-031-N162,EAVT-L3-WRONG-DIAGNOSIS-031,nuisance_misc,L0,auxiliary_system,2015,2035,2030,1
EAVT-L3-WRONG-DIAGNOSIS-031-N163,EAVT-L3-WRONG-DIAGNOSIS-031,nuisance_misc,L0,auxiliary_system,2015,2035,2030,1
EAVT-L3-WRONG-DIAGNOSIS-031-N164,EAVT-L3-WRONG-DIAGNOSIS-031,nuisance_misc,L0,auxiliary_system,2050,2070,2065,1
EAVT-L3-WRONG-DIAGNOSIS-031-N165,EAVT-L3-WRONG-DIAGNOSIS-031,nuisance_misc,L0,auxiliary_system,2055,2075,2085,1
EAVT-L3-WRONG-DIAGNOSIS-031-N166,EAVT-L3-WRONG-DIAGNOSIS-031,nuisance_misc,L0,auxiliary_system,2065,2085,2090,1
EAVT-L3-WRONG-DIAGNOSIS-031-N167,EAVT-L3-WRONG-DIAGNOSIS-031,nuisance_misc,L0,auxiliary_system,2075,2095,2100,1
EAVT-L3-WRONG-DIAGNOSIS-031-N168,EAVT-L3-WRONG-DIAGNOSIS-031,nuisance_misc,L0,auxiliary_system,2075,2095,2105,1
EAVT-L3-WRONG-DIAGNOSIS-031-N169,EAVT-L3-WRONG-DIAGNOSIS-031,nuisance_misc,L0,auxiliary_system,2085,2105,2100,1
EAVT-L3-WRONG-DIAGNOSIS-031-N170,EAVT-L3-WRONG-DIAGNOSIS-031,nuisance_misc,L0,auxiliary_system,2095,2115,2115,1
EAVT-L3-WRONG-DIAGNOSIS-031-N171,EAVT-L3-WRONG-DIAGNOSIS-031,nuisance_misc,L0,auxiliary_system,2110,2130,2140,1
EAVT-L3-WRONG-DIAGNOSIS-031-N172,EAVT-L3-WRONG-DIAGNOSIS-031,nuisance_misc,L0,auxiliary_system,2120,2140,2140,1
EAVT-L3-WRONG-DIAGNOSIS-031-N173,EAVT-L3-WRONG-DIAGNOSIS-031,nuisance_misc,L0,auxiliary_system,2135,2155,2150,1
EAVT-L3-WRONG-DIAGNOSIS-031-N174,EAVT-L3-WRONG-DIAGNOSIS-031,nuisance_misc,L0,auxiliary_system,2140,2160,2170,1
EAVT-L3-WRONG-DIAGNOSIS-031-N175,EAVT-L3-WRONG-DIAGNOSIS-031,nuisance_misc,L0,auxiliary_system,2140,2160,2155,1
EAVT-L3-WRONG-DIAGNOSIS-031-N176,EAVT-L3-WRONG-DIAGNOSIS-031,nuisance_misc,L0,auxiliary_system,2180,2200,2210,1
EAVT-L3-WRONG-DIAGNOSIS-031-N177,EAVT-L3-WRONG-DIAGNOSIS-031,nuisance_misc,L0,auxiliary_system,2190,2210,2210,1
EAVT-L3-WRONG-DIAGNOSIS-031-N178,EAVT-L3-WRONG-DIAGNOSIS-031,nuisance_misc,L0,auxiliary_system,2205,2225,2220,1
EAVT-L3-WRONG-DIAGNOSIS-031-N179,EAVT-L3-WRONG-DIAGNOSIS-031,nuisance_misc,L0,auxiliary_system,2210,2230,2235,1
EAVT-L3-WRONG-DIAGNOSIS-031-N180,EAVT-L3-WRONG-DIAGNOSIS-031,nuisance_misc,L0,auxiliary_system,2225,2245,2255,1
EAVT-L3-WRONG-DIAGNOSIS-031-N181,EAVT-L3-WRONG-DIAGNOSIS-031,nuisance_misc,L0,auxiliary_system,2270,2290,2285,1
EAVT-L3-WRONG-DIAGNOSIS-031-N182,EAVT-L3-WRONG-DIAGNOSIS-031,nuisance_misc,L0,auxiliary_system,2280,2300,2295,1
EAVT-L3-WRONG-DIAGNOSIS-031-N183,EAVT-L3-WRONG-DIAGNOSIS-031,nuisance_misc,L0,auxiliary_system,2285,2305,2310,1
EAVT-L3-WRONG-DIAGNOSIS-031-N184,EAVT-L3-WRONG-DIAGNOSIS-031,nuisance_misc,L0,auxiliary_system,2315,2335,2330,1
EAVT-L3-WRONG-DIAGNOSIS-031-N185,EAVT-L3-WRONG-DIAGNOSIS-031,nuisance_misc,L0,auxiliary_system,2315,2335,2345,1
EAVT-L3-WRONG-DIAGNOSIS-031-N186,EAVT-L3-WRONG-DIAGNOSIS-031,nuisance_misc,L0,auxiliary_system,2330,2350,2355,1
EAVT-L3-WRONG-DIAGNOSIS-031-N187,EAVT-L3-WRONG-DIAGNOSIS-031,nuisance_misc,L0,auxiliary_system,2405,2425,2430,1
EAVT-L3-WRONG-DIAGNOSIS-031-N188,EAVT-L3-WRONG-DIAGNOSIS-031,nuisance_misc,L0,auxiliary_system,2410,2430,2430,1
EAVT-L3-WRONG-DIAGNOSIS-031-N189,EAVT-L3-WRONG-DIAGNOSIS-031,nuisance_misc,L0,auxiliary_system,2430,2450,2460,1
EAVT-L3-WRONG-DIAGNOSIS-031-N190,EAVT-L3-WRONG-DIAGNOSIS-031,nuisance_misc,L0,auxiliary_system,2465,2485,2490,1
EAVT-L3-WRONG-DIAGNOSIS-031-N191,EAVT-L3-WRONG-DIAGNOSIS-031,nuisance_misc,L0,auxiliary_system,2470,2490,2495,1
EAVT-L3-WRONG-DIAGNOSIS-031-N192,EAVT-L3-WRONG-DIAGNOSIS-031,nuisance_misc,L0,auxiliary_system,2480,2500,2495,1
EAVT-L3-WRONG-DIAGNOSIS-031-N193,EAVT-L3-WRONG-DIAGNOSIS-031,nuisance_misc,L0,auxiliary_system,2500,2520,2525,1
EAVT-L3-WRONG-DIAGNOSIS-031-N194,EAVT-L3-WRONG-DIAGNOSIS-031,nuisance_misc,L0,auxiliary_system,2510,2530,2535,1
EAVT-L3-WRONG-DIAGNOSIS-031-N195,EAVT-L3-WRONG-DIAGNOSIS-031,nuisance_misc,L0,auxiliary_system,2515,2535,2530,1
EAVT-L3-WRONG-DIAGNOSIS-031-N196,EAVT-L3-WRONG-DIAGNOSIS-031,nuisance_misc,L0,auxiliary_system,2520,2540,2550,1
EAVT-L3-WRONG-DIAGNOSIS-031-N197,EAVT-L3-WRONG-DIAGNOSIS-031,nuisance_misc,L0,auxiliary_system,2530,2550,2545,1
EAVT-L3-WRONG-DIAGNOSIS-031-N198,EAVT-L3-WRONG-DIAGNOSIS-031,nuisance_misc,L0,auxiliary_system,2545,2565,2570,1
EAVT-L3-WRONG-DIAGNOSIS-031-N199,EAVT-L3-WRONG-DIAGNOSIS-031,nuisance_misc,L0,auxiliary_system,2600,2620,2615,1
EAVT-L3-WRONG-DIAGNOSIS-031-N200,EAVT-L3-WRONG-DIAGNOSIS-031,nuisance_misc,L0,auxiliary_system,2615,2635,2640,1
EAVT-L3-WRONG-DIAGNOSIS-031-N201,EAVT-L3-WRONG-DIAGNOSIS-031,nuisance_misc,L0,auxiliary_system,2625,2645,2655,1
EAVT-L3-WRONG-DIAGNOSIS-031-N202,EAVT-L3-WRONG-DIAGNOSIS-031,nuisance_misc,L0,auxiliary_system,2630,2650,2655,1
EAVT-L3-WRONG-DIAGNOSIS-031-N203,EAVT-L3-WRONG-DIAGNOSIS-031,nuisance_misc,L0,auxiliary_system,2630,2650,2645,1
EAVT-L3-WRONG-DIAGNOSIS-031-N204,EAVT-L3-WRONG-DIAGNOSIS-031,nuisance_misc,L0,auxiliary_system,2640,2660,2660,1
EAVT-L3-WRONG-DIAGNOSIS-031-N205,EAVT-L3-WRONG-DIAGNOSIS-031,nuisance_misc,L0,auxiliary_system,2650,2670,2680,1
EAVT-L3-WRONG-DIAGNOSIS-031-N206,EAVT-L3-WRONG-DIAGNOSIS-031,nuisance_misc,L0,auxiliary_system,2650,2670,2675,1
EAVT-L3-WRONG-DIAGNOSIS-031-N207,EAVT-L3-WRONG-DIAGNOSIS-031,nuisance_misc,L0,auxiliary_system,2650,2670,2675,1
EAVT-L3-WRONG-DIAGNOSIS-031-N208,EAVT-L3-WRONG-DIAGNOSIS-031,nuisance_misc,L0,auxiliary_system,2655,2675,2685,1
EAVT-L3-WRONG-DIAGNOSIS-031-N209,EAVT-L3-WRONG-DIAGNOSIS-031,nuisance_misc,L0,auxiliary_system,2665,2685,2680,1
EAVT-L3-WRONG-DIAGNOSIS-031-N210,EAVT-L3-WRONG-DIAGNOSIS-031,nuisance_misc,L0,auxiliary_system,2680,2700,2710,1
EAVT-L3-WRONG-DIAGNOSIS-031-N211,EAVT-L3-WRONG-DIAGNOSIS-031,nuisance_misc,L0,auxiliary_system,2715,2735,2740,1
EAVT-L3-WRONG-DIAGNOSIS-031-N212,EAVT-L3-WRONG-DIAGNOSIS-031,nuisance_misc,L0,auxiliary_system,2720,2740,2740,1
EAVT-L3-WRONG-DIAGNOSIS-031-N213,EAVT-L3-WRONG-DIAGNOSIS-031,nuisance_misc,L0,auxiliary_system,2740,2760,2770,1
EAVT-L3-WRONG-DIAGNOSIS-031-N214,EAVT-L3-WRONG-DIAGNOSIS-031,nuisance_misc,L0,auxiliary_system,2740,2760,2755,1
EAVT-L3-WRONG-DIAGNOSIS-031-N215,EAVT-L3-WRONG-DIAGNOSIS-031,nuisance_misc,L0,auxiliary_system,2765,2785,2795,1
EAVT-L3-WRONG-DIAGNOSIS-031-N216,EAVT-L3-WRONG-DIAGNOSIS-031,nuisance_misc,L0,auxiliary_system,2765,2785,2790,1
EAVT-L3-WRONG-DIAGNOSIS-031-N217,EAVT-L3-WRONG-DIAGNOSIS-031,nuisance_misc,L0,auxiliary_system,2790,2810,2810,1
EAVT-L3-WRONG-DIAGNOSIS-031-N218,EAVT-L3-WRONG-DIAGNOSIS-031,nuisance_misc,L0,auxiliary_system,2860,2880,2875,1
EAVT-L3-WRONG-DIAGNOSIS-031-N219,EAVT-L3-WRONG-DIAGNOSIS-031,nuisance_misc,L0,auxiliary_system,2865,2885,2895,1
EAVT-L3-WRONG-DIAGNOSIS-031-N220,EAVT-L3-WRONG-DIAGNOSIS-031,nuisance_misc,L0,auxiliary_system,2865,2885,2895,1
EAVT-L3-WRONG-DIAGNOSIS-031-N221,EAVT-L3-WRONG-DIAGNOSIS-031,nuisance_misc,L0,auxiliary_system,2880,2900,2905,1
EAVT-L3-WRONG-DIAGNOSIS-031-N222,EAVT-L3-WRONG-DIAGNOSIS-031,nuisance_misc,L0,auxiliary_system,2890,2910,2915,1
EAVT-L3-WRONG-DIAGNOSIS-031-N223,EAVT-L3-WRONG-DIAGNOSIS-031,nuisance_misc,L0,auxiliary_system,2900,2920,2915,1
EAVT-L3-WRONG-DIAGNOSIS-031-N224,EAVT-L3-WRONG-DIAGNOSIS-031,nuisance_misc,L0,auxiliary_system,2905,2925,2935,1
EAVT-L3-WRONG-DIAGNOSIS-031-N225,EAVT-L3-WRONG-DIAGNOSIS-031,nuisance_misc,L0,auxiliary_system,2905,2925,2925,1
EAVT-L3-WRONG-DIAGNOSIS-031-N226,EAVT-L3-WRONG-DIAGNOSIS-031,nuisance_misc,L0,auxiliary_system,2925,2945,2945,1
EAVT-L3-WRONG-DIAGNOSIS-031-N227,EAVT-L3-WRONG-DIAGNOSIS-031,nuisance_misc,L0,auxiliary_system,2930,2950,2945,1
EAVT-L3-WRONG-DIAGNOSIS-031-N228,EAVT-L3-WRONG-DIAGNOSIS-031,nuisance_misc,L0,auxiliary_system,2995,3015,3015,1
EAVT-L3-WRONG-DIAGNOSIS-031-N229,EAVT-L3-WRONG-DIAGNOSIS-031,nuisance_misc,L0,auxiliary_system,3020,3040,3050,1
EAVT-L3-WRONG-DIAGNOSIS-031-N230,EAVT-L3-WRONG-DIAGNOSIS-031,nuisance_misc,L0,auxiliary_system,3020,3040,3035,1
EAVT-L3-WRONG-DIAGNOSIS-031-N231,EAVT-L3-WRONG-DIAGNOSIS-031,nuisance_misc,L0,auxiliary_system,3050,3070,3080,1
EAVT-L3-WRONG-DIAGNOSIS-031-N232,EAVT-L3-WRONG-DIAGNOSIS-031,nuisance_misc,L0,auxiliary_system,3070,3090,3095,1
EAVT-L3-WRONG-DIAGNOSIS-031-N233,EAVT-L3-WRONG-DIAGNOSIS-031,nuisance_misc,L0,auxiliary_system,3070,3090,3100,1
EAVT-L3-WRONG-DIAGNOSIS-031-N234,EAVT-L3-WRONG-DIAGNOSIS-031,nuisance_misc,L0,auxiliary_system,3075,3095,3090,1
EAVT-L3-WRONG-DIAGNOSIS-031-N235,EAVT-L3-WRONG-DIAGNOSIS-031,nuisance_misc,L0,auxiliary_system,3075,3095,3105,1
EAVT-L3-WRONG-DIAGNOSIS-031-N236,EAVT-L3-WRONG-DIAGNOSIS-031,nuisance_misc,L0,auxiliary_system,3075,3095,3105,1
EAVT-L3-WRONG-DIAGNOSIS-031-N237,EAVT-L3-WRONG-DIAGNOSIS-031,nuisance_misc,L0,auxiliary_system,3085,3105,3110,1
EAVT-L3-WRONG-DIAGNOSIS-031-N238,EAVT-L3-WRONG-DIAGNOSIS-031,nuisance_misc,L0,auxiliary_system,3095,3115,3120,1
EAVT-L3-WRONG-DIAGNOSIS-031-N239,EAVT-L3-WRONG-DIAGNOSIS-031,nuisance_misc,L0,auxiliary_system,3105,3125,3120,1
EAVT-L3-WRONG-DIAGNOSIS-031-N240,EAVT-L3-WRONG-DIAGNOSIS-031,nuisance_misc,L0,auxiliary_system,3135,3155,3150,1
EAVT-L3-WRONG-DIAGNOSIS-031-N241,EAVT-L3-WRONG-DIAGNOSIS-031,nuisance_misc,L0,auxiliary_system,3150,3170,3165,1
EAVT-L3-WRONG-DIAGNOSIS-031-N242,EAVT-L3-WRONG-DIAGNOSIS-031,nuisance_misc,L0,auxiliary_system,3165,3185,3180,1
EAVT-L3-WRONG-DIAGNOSIS-031-N243,EAVT-L3-WRONG-DIAGNOSIS-031,nuisance_misc,L0,auxiliary_system,3170,3190,3200,1
EAVT-L3-WRONG-DIAGNOSIS-031-N244,EAVT-L3-WRONG-DIAGNOSIS-031,nuisance_misc,L0,auxiliary_system,3205,3225,3230,1
EAVT-L3-WRONG-DIAGNOSIS-031-N245,EAVT-L3-WRONG-DIAGNOSIS-031,nuisance_misc,L0,auxiliary_system,3205,3225,3235,1
EAVT-L3-WRONG-DIAGNOSIS-031-N246,EAVT-L3-WRONG-DIAGNOSIS-031,nuisance_misc,L0,auxiliary_system,3225,3245,3250,1
EAVT-L3-WRONG-DIAGNOSIS-031-N247,EAVT-L3-WRONG-DIAGNOSIS-031,nuisance_misc,L0,auxiliary_system,3225,3245,3245,1
EAVT-L3-WRONG-DIAGNOSIS-031-N248,EAVT-L3-WRONG-DIAGNOSIS-031,nuisance_misc,L0,auxiliary_system,3240,3260,3270,1
EAVT-L3-WRONG-DIAGNOSIS-031-N249,EAVT-L3-WRONG-DIAGNOSIS-031,nuisance_misc,L0,auxiliary_system,3240,3260,3265,1
EAVT-L3-WRONG-DIAGNOSIS-031-N250,EAVT-L3-WRONG-DIAGNOSIS-031,nuisance_misc,L0,auxiliary_system,3245,3265,3270,1
EAVT-L3-WRONG-DIAGNOSIS-031-N251,EAVT-L3-WRONG-DIAGNOSIS-031,nuisance_misc,L0,auxiliary_system,3250,3270,3270,1
EAVT-L3-WRONG-DIAGNOSIS-031-N252,EAVT-L3-WRONG-DIAGNOSIS-031,nuisance_misc,L0,auxiliary_system,3270,3290,3300,1
EAVT-L3-WRONG-DIAGNOSIS-031-N253,EAVT-L3-WRONG-DIAGNOSIS-031,nuisance_misc,L0,auxiliary_system,3270,3290,3285,1
EAVT-L3-WRONG-DIAGNOSIS-031-N254,EAVT-L3-WRONG-DIAGNOSIS-031,nuisance_misc,L0,auxiliary_system,3275,3295,3305,1
EAVT-L3-WRONG-DIAGNOSIS-031-N255,EAVT-L3-WRONG-DIAGNOSIS-031,nuisance_misc,L0,auxiliary_system,3280,3300,3310,1
EAVT-L3-WRONG-DIAGNOSIS-031-N256,EAVT-L3-WRONG-DIAGNOSIS-031,nuisance_misc,L0,auxiliary_system,3295,3315,3320,1
EAVT-L3-WRONG-DIAGNOSIS-031-N257,EAVT-L3-WRONG-DIAGNOSIS-031,nuisance_misc,L0,auxiliary_system,3295,3315,3315,1
EAVT-L3-WRONG-DIAGNOSIS-031-N258,EAVT-L3-WRONG-DIAGNOSIS-031,nuisance_misc,L0,auxiliary_system,3315,3335,3330,1
EAVT-L3-WRONG-DIAGNOSIS-031-N259,EAVT-L3-WRONG-DIAGNOSIS-031,nuisance_misc,L0,auxiliary_system,3315,3335,3345,1
EAVT-L3-WRONG-DIAGNOSIS-031-N260,EAVT-L3-WRONG-DIAGNOSIS-031,nuisance_misc,L0,auxiliary_system,3320,3340,3340,1
EAVT-L3-WRONG-DIAGNOSIS-031-N261,EAVT-L3-WRONG-DIAGNOSIS-031,nuisance_misc,L0,auxiliary_system,3330,3350,3355,1
EAVT-L3-WRONG-DIAGNOSIS-031-N262,EAVT-L3-WRONG-DIAGNOSIS-031,nuisance_misc,L0,auxiliary_system,3330,3350,3350,1
EAVT-L3-WRONG-DIAGNOSIS-031-N263,EAVT-L3-WRONG-DIAGNOSIS-031,nuisance_misc,L0,auxiliary_system,3350,3370,3380,1
EAVT-L3-WRONG-DIAGNOSIS-031-N264,EAVT-L3-WRONG-DIAGNOSIS-031,nuisance_misc,L0,auxiliary_system,3360,3380,3380,1
EAVT-L3-WRONG-DIAGNOSIS-031-N265,EAVT-L3-WRONG-DIAGNOSIS-031,nuisance_misc,L0,auxiliary_system,3385,3405,3415,1
EAVT-L3-WRONG-DIAGNOSIS-031-N266,EAVT-L3-WRONG-DIAGNOSIS-031,nuisance_misc,L0,auxiliary_system,3405,3425,3425,1
EAVT-L3-WRONG-DIAGNOSIS-031-N267,EAVT-L3-WRONG-DIAGNOSIS-031,nuisance_misc,L0,auxiliary_system,3410,3430,3435,1
EAVT-L3-WRONG-DIAGNOSIS-031-N268,EAVT-L3-WRONG-DIAGNOSIS-031,nuisance_misc,L0,auxiliary_system,3420,3440,3450,1
EAVT-L3-WRONG-DIAGNOSIS-031-N269,EAVT-L3-WRONG-DIAGNOSIS-031,nuisance_misc,L0,auxiliary_system,3440,3460,3455,1
EAVT-L3-WRONG-DIAGNOSIS-031-N270,EAVT-L3-WRONG-DIAGNOSIS-031,nuisance_misc,L0,auxiliary_system,3445,3465,3465,1
EAVT-L3-WRONG-DIAGNOSIS-031-N271,EAVT-L3-WRONG-DIAGNOSIS-031,nuisance_misc,L0,auxiliary_system,3450,3470,3470,1
EAVT-L3-WRONG-DIAGNOSIS-031-N272,EAVT-L3-WRONG-DIAGNOSIS-031,nuisance_misc,L0,auxiliary_system,3465,3485,3490,1
EAVT-L3-WRONG-DIAGNOSIS-031-N273,EAVT-L3-WRONG-DIAGNOSIS-031,nuisance_misc,L0,auxiliary_system,3505,3525,3530,1
EAVT-L3-WRONG-DIAGNOSIS-031-N274,EAVT-L3-WRONG-DIAGNOSIS-031,nuisance_misc,L0,auxiliary_system,3510,3530,3535,1
EAVT-L3-WRONG-DIAGNOSIS-031-N275,EAVT-L3-WRONG-DIAGNOSIS-031,nuisance_misc,L0,auxiliary_system,3515,3535,3545,1
EAVT-L3-WRONG-DIAGNOSIS-031-N276,EAVT-L3-WRONG-DIAGNOSIS-031,nuisance_misc,L0,auxiliary_system,3525,3545,3555,1
EAVT-L3-WRONG-DIAGNOSIS-031-N277,EAVT-L3-WRONG-DIAGNOSIS-031,nuisance_misc,L0,auxiliary_system,3540,3560,3570,1
EAVT-L3-WRONG-DIAGNOSIS-031-N278,EAVT-L3-WRONG-DIAGNOSIS-031,nuisance_misc,L0,auxiliary_system,3555,3575,3575,1
EAVT-L3-WRONG-DIAGNOSIS-031-N279,EAVT-L3-WRONG-DIAGNOSIS-031,nuisance_misc,L0,auxiliary_system,3575,3595,3600,1
EAVT-L3-WRONG-DIAGNOSIS-031-N280,EAVT-L3-WRONG-DIAGNOSIS-031,nuisance_misc,L0,auxiliary_system,3575,3595,3600,1
EAVT-L3-WRONG-DIAGNOSIS-031-N281,EAVT-L3-WRONG-DIAGNOSIS-031,nuisance_misc,L0,auxiliary_system,3595,3615,3610,1
EAVT-L3-WRONG-DIAGNOSIS-031-N282,EAVT-L3-WRONG-DIAGNOSIS-031,nuisance_misc,L0,auxiliary_system,3610,3630,3630,1
EAVT-L3-WRONG-DIAGNOSIS-031-N283,EAVT-L3-WRONG-DIAGNOSIS-031,nuisance_misc,L0,auxiliary_system,3725,3745,3745,1
EAVT-L3-WRONG-DIAGNOSIS-031-N284,EAVT-L3-WRONG-DIAGNOSIS-031,nuisance_misc,L0,auxiliary_system,3750,3770,3765,1
EAVT-L3-WRONG-DIAGNOSIS-031-N285,EAVT-L3-WRONG-DIAGNOSIS-031,nuisance_misc,L0,auxiliary_system,3770,3790,3795,1
EAVT-L3-WRONG-DIAGNOSIS-031-N286,EAVT-L3-WRONG-DIAGNOSIS-031,nuisance_misc,L0,auxiliary_system,3780,3800,3805,1
EAVT-L3-WRONG-DIAGNOSIS-031-N287,EAVT-L3-WRONG-DIAGNOSIS-031,nuisance_misc,L0,auxiliary_system,3800,3820,3815,1
EAVT-L3-WRONG-DIAGNOSIS-031-N288,EAVT-L3-WRONG-DIAGNOSIS-031,nuisance_misc,L0,auxiliary_system,3820,3840,3850,1
EAVT-L3-WRONG-DIAGNOSIS-031-N289,EAVT-L3-WRONG-DIAGNOSIS-031,nuisance_misc,L0,auxiliary_system,3825,3845,3840,1
EAVT-L3-WRONG-DIAGNOSIS-031-N290,EAVT-L3-WRONG-DIAGNOSIS-031,nuisance_misc,L0,auxiliary_system,3830,3850,3860,1
EAVT-L3-WRONG-DIAGNOSIS-031-N291,EAVT-L3-WRONG-DIAGNOSIS-031,nuisance_misc,L0,auxiliary_system,3835,3855,3855,1
EAVT-L3-WRONG-DIAGNOSIS-031-N292,EAVT-L3-WRONG-DIAGNOSIS-031,nuisance_misc,L0,auxiliary_system,3840,3860,3855,1
EAVT-L3-WRONG-DIAGNOSIS-031-N293,EAVT-L3-WRONG-DIAGNOSIS-031,nuisance_misc,L0,auxiliary_system,3845,3865,3870,1
EAVT-L3-WRONG-DIAGNOSIS-031-N294,EAVT-L3-WRONG-DIAGNOSIS-031,nuisance_misc,L0,auxiliary_system,3855,3875,3870,1
EAVT-L3-WRONG-DIAGNOSIS-031-N295,EAVT-L3-WRONG-DIAGNOSIS-031,nuisance_misc,L0,auxiliary_system,3870,3890,3890,1
EAVT-L3-WRONG-DIAGNOSIS-031-N296,EAVT-L3-WRONG-DIAGNOSIS-031,nuisance_misc,L0,auxiliary_system,3895,3915,3900,1
EAVT-L3-WRONG-DIAGNOSIS-031-N297,EAVT-L3-WRONG-DIAGNOSIS-031,nuisance_misc,L0,auxiliary_system,3895,3915,3900,1
EAVT-L3-WRONG-DIAGNOSIS-031-S01,EAVT-L3-WRONG-DIAGNOSIS-031,flow_deviation_branch,L1,feed_branch_2,3145,3190,3900,0
EAVT-L3-WRONG-DIAGNOSIS-031-S02,EAVT-L3-WRONG-DIAGNOSIS-031,t11_temperature_deviation,L3,T-1...T-11,3155,3190,3900,0
EAVT-L3-WRONG-DIAGNOSIS-031-S03,EAVT-L3-WRONG-DIAGNOSIS-031,feed_flow_imbalance,L2,feed_system,3165,3190,3900,0
EAVT-L3-WRONG-DIAGNOSIS-031-S04,EAVT-L3-WRONG-DIAGNOSIS-031,elou_load_imbalance,L4,ELOU,3205,3220,3900,0
EAVT-L3-WRONG-DIAGNOSIS-031-S05,EAVT-L3-WRONG-DIAGNOSIS-031,k1_feed_deviation,L5,K-1,3270,3285,3900,0
EAVT-L3-WRONG-DIAGNOSIS-032-N001,EAVT-L3-WRONG-DIAGNOSIS-032,nuisance_misc,L0,auxiliary_system,5,25,25,1
EAVT-L3-WRONG-DIAGNOSIS-032-N002,EAVT-L3-WRONG-DIAGNOSIS-032,nuisance_misc,L0,auxiliary_system,5,25,25,1
EAVT-L3-WRONG-DIAGNOSIS-032-N003,EAVT-L3-WRONG-DIAGNOSIS-032,nuisance_misc,L0,auxiliary_system,10,30,25,1
EAVT-L3-WRONG-DIAGNOSIS-032-N004,EAVT-L3-WRONG-DIAGNOSIS-032,nuisance_misc,L0,auxiliary_system,40,60,55,1
EAVT-L3-WRONG-DIAGNOSIS-032-N005,EAVT-L3-WRONG-DIAGNOSIS-032,nuisance_misc,L0,auxiliary_system,45,65,75,1
EAVT-L3-WRONG-DIAGNOSIS-032-N006,EAVT-L3-WRONG-DIAGNOSIS-032,nuisance_misc,L0,auxiliary_system,70,90,85,1
EAVT-L3-WRONG-DIAGNOSIS-032-N007,EAVT-L3-WRONG-DIAGNOSIS-032,nuisance_misc,L0,auxiliary_system,75,95,100,1
EAVT-L3-WRONG-DIAGNOSIS-032-N008,EAVT-L3-WRONG-DIAGNOSIS-032,nuisance_misc,L0,auxiliary_system,75,95,90,1
EAVT-L3-WRONG-DIAGNOSIS-032-N009,EAVT-L3-WRONG-DIAGNOSIS-032,nuisance_misc,L0,auxiliary_system,80,100,110,1
EAVT-L3-WRONG-DIAGNOSIS-032-N010,EAVT-L3-WRONG-DIAGNOSIS-032,nuisance_misc,L0,auxiliary_system,80,100,95,1
EAVT-L3-WRONG-DIAGNOSIS-032-N011,EAVT-L3-WRONG-DIAGNOSIS-032,nuisance_misc,L0,auxiliary_system,85,105,105,1
EAVT-L3-WRONG-DIAGNOSIS-032-N012,EAVT-L3-WRONG-DIAGNOSIS-032,nuisance_misc,L0,auxiliary_system,85,105,110,1
EAVT-L3-WRONG-DIAGNOSIS-032-N013,EAVT-L3-WRONG-DIAGNOSIS-032,nuisance_misc,L0,auxiliary_system,90,110,115,1
EAVT-L3-WRONG-DIAGNOSIS-032-N014,EAVT-L3-WRONG-DIAGNOSIS-032,nuisance_misc,L0,auxiliary_system,90,110,115,1
EAVT-L3-WRONG-DIAGNOSIS-032-N015,EAVT-L3-WRONG-DIAGNOSIS-032,nuisance_misc,L0,auxiliary_system,90,110,105,1
EAVT-L3-WRONG-DIAGNOSIS-032-N016,EAVT-L3-WRONG-DIAGNOSIS-032,nuisance_misc,L0,auxiliary_system,120,140,135,1
EAVT-L3-WRONG-DIAGNOSIS-032-N017,EAVT-L3-WRONG-DIAGNOSIS-032,nuisance_misc,L0,auxiliary_system,130,150,145,1
EAVT-L3-WRONG-DIAGNOSIS-032-N018,EAVT-L3-WRONG-DIAGNOSIS-032,nuisance_misc,L0,auxiliary_system,135,155,165,1
EAVT-L3-WRONG-DIAGNOSIS-032-N019,EAVT-L3-WRONG-DIAGNOSIS-032,nuisance_misc,L0,auxiliary_system,135,155,160,1
EAVT-L3-WRONG-DIAGNOSIS-032-N020,EAVT-L3-WRONG-DIAGNOSIS-032,nuisance_misc,L0,auxiliary_system,140,160,165,1
EAVT-L3-WRONG-DIAGNOSIS-032-N021,EAVT-L3-WRONG-DIAGNOSIS-032,nuisance_misc,L0,auxiliary_system,165,185,190,1
EAVT-L3-WRONG-DIAGNOSIS-032-N022,EAVT-L3-WRONG-DIAGNOSIS-032,nuisance_misc,L0,auxiliary_system,180,200,195,1
EAVT-L3-WRONG-DIAGNOSIS-032-N023,EAVT-L3-WRONG-DIAGNOSIS-032,nuisance_misc,L0,auxiliary_system,180,200,205,1
EAVT-L3-WRONG-DIAGNOSIS-032-N024,EAVT-L3-WRONG-DIAGNOSIS-032,nuisance_misc,L0,auxiliary_system,190,210,205,1
EAVT-L3-WRONG-DIAGNOSIS-032-N025,EAVT-L3-WRONG-DIAGNOSIS-032,nuisance_misc,L0,auxiliary_system,190,210,205,1
EAVT-L3-WRONG-DIAGNOSIS-032-N026,EAVT-L3-WRONG-DIAGNOSIS-032,nuisance_misc,L0,auxiliary_system,195,215,210,1
EAVT-L3-WRONG-DIAGNOSIS-032-N027,EAVT-L3-WRONG-DIAGNOSIS-032,nuisance_misc,L0,auxiliary_system,200,220,220,1
EAVT-L3-WRONG-DIAGNOSIS-032-N028,EAVT-L3-WRONG-DIAGNOSIS-032,nuisance_misc,L0,auxiliary_system,215,235,245,1
EAVT-L3-WRONG-DIAGNOSIS-032-N029,EAVT-L3-WRONG-DIAGNOSIS-032,nuisance_misc,L0,auxiliary_system,220,240,250,1
EAVT-L3-WRONG-DIAGNOSIS-032-N030,EAVT-L3-WRONG-DIAGNOSIS-032,nuisance_misc,L0,auxiliary_system,225,245,245,1
EAVT-L3-WRONG-DIAGNOSIS-032-N031,EAVT-L3-WRONG-DIAGNOSIS-032,nuisance_misc,L0,auxiliary_system,245,265,265,1
EAVT-L3-WRONG-DIAGNOSIS-032-N032,EAVT-L3-WRONG-DIAGNOSIS-032,nuisance_misc,L0,auxiliary_system,250,270,275,1
EAVT-L3-WRONG-DIAGNOSIS-032-N033,EAVT-L3-WRONG-DIAGNOSIS-032,nuisance_misc,L0,auxiliary_system,265,285,295,1
EAVT-L3-WRONG-DIAGNOSIS-032-N034,EAVT-L3-WRONG-DIAGNOSIS-032,nuisance_misc,L0,auxiliary_system,265,285,290,1
EAVT-L3-WRONG-DIAGNOSIS-032-N035,EAVT-L3-WRONG-DIAGNOSIS-032,nuisance_misc,L0,auxiliary_system,280,300,295,1
EAVT-L3-WRONG-DIAGNOSIS-032-N036,EAVT-L3-WRONG-DIAGNOSIS-032,nuisance_misc,L0,auxiliary_system,360,380,390,1
EAVT-L3-WRONG-DIAGNOSIS-032-N037,EAVT-L3-WRONG-DIAGNOSIS-032,nuisance_misc,L0,auxiliary_system,395,415,425,1
EAVT-L3-WRONG-DIAGNOSIS-032-N038,EAVT-L3-WRONG-DIAGNOSIS-032,nuisance_misc,L0,auxiliary_system,400,420,415,1
EAVT-L3-WRONG-DIAGNOSIS-032-N039,EAVT-L3-WRONG-DIAGNOSIS-032,nuisance_misc,L0,auxiliary_system,400,420,415,1
EAVT-L3-WRONG-DIAGNOSIS-032-N040,EAVT-L3-WRONG-DIAGNOSIS-032,nuisance_misc,L0,auxiliary_system,410,430,425,1
EAVT-L3-WRONG-DIAGNOSIS-032-N041,EAVT-L3-WRONG-DIAGNOSIS-032,nuisance_misc,L0,auxiliary_system,440,460,455,1
EAVT-L3-WRONG-DIAGNOSIS-032-N042,EAVT-L3-WRONG-DIAGNOSIS-032,nuisance_misc,L0,auxiliary_system,460,480,485,1
EAVT-L3-WRONG-DIAGNOSIS-032-N043,EAVT-L3-WRONG-DIAGNOSIS-032,nuisance_misc,L0,auxiliary_system,495,515,510,1
EAVT-L3-WRONG-DIAGNOSIS-032-N044,EAVT-L3-WRONG-DIAGNOSIS-032,nuisance_misc,L0,auxiliary_system,515,535,530,1
EAVT-L3-WRONG-DIAGNOSIS-032-N045,EAVT-L3-WRONG-DIAGNOSIS-032,nuisance_misc,L0,auxiliary_system,550,570,570,1
EAVT-L3-WRONG-DIAGNOSIS-032-N046,EAVT-L3-WRONG-DIAGNOSIS-032,nuisance_misc,L0,auxiliary_system,570,590,590,1
EAVT-L3-WRONG-DIAGNOSIS-032-N047,EAVT-L3-WRONG-DIAGNOSIS-032,nuisance_misc,L0,auxiliary_system,585,605,600,1
EAVT-L3-WRONG-DIAGNOSIS-032-N048,EAVT-L3-WRONG-DIAGNOSIS-032,nuisance_misc,L0,auxiliary_system,595,615,615,1
EAVT-L3-WRONG-DIAGNOSIS-032-N049,EAVT-L3-WRONG-DIAGNOSIS-032,nuisance_misc,L0,auxiliary_system,600,620,630,1
EAVT-L3-WRONG-DIAGNOSIS-032-N050,EAVT-L3-WRONG-DIAGNOSIS-032,nuisance_misc,L0,auxiliary_system,630,650,660,1
EAVT-L3-WRONG-DIAGNOSIS-032-N051,EAVT-L3-WRONG-DIAGNOSIS-032,nuisance_misc,L0,auxiliary_system,635,655,655,1
EAVT-L3-WRONG-DIAGNOSIS-032-N052,EAVT-L3-WRONG-DIAGNOSIS-032,nuisance_misc,L0,auxiliary_system,645,665,665,1
EAVT-L3-WRONG-DIAGNOSIS-032-N053,EAVT-L3-WRONG-DIAGNOSIS-032,nuisance_misc,L0,auxiliary_system,675,695,700,1
EAVT-L3-WRONG-DIAGNOSIS-032-N054,EAVT-L3-WRONG-DIAGNOSIS-032,nuisance_misc,L0,auxiliary_system,715,735,735,1
EAVT-L3-WRONG-DIAGNOSIS-032-N055,EAVT-L3-WRONG-DIAGNOSIS-032,nuisance_misc,L0,auxiliary_system,715,735,735,1
EAVT-L3-WRONG-DIAGNOSIS-032-N056,EAVT-L3-WRONG-DIAGNOSIS-032,nuisance_misc,L0,auxiliary_system,715,735,740,1
EAVT-L3-WRONG-DIAGNOSIS-032-N057,EAVT-L3-WRONG-DIAGNOSIS-032,nuisance_misc,L0,auxiliary_system,720,740,735,1
EAVT-L3-WRONG-DIAGNOSIS-032-N058,EAVT-L3-WRONG-DIAGNOSIS-032,nuisance_misc,L0,auxiliary_system,740,760,765,1
EAVT-L3-WRONG-DIAGNOSIS-032-N059,EAVT-L3-WRONG-DIAGNOSIS-032,nuisance_misc,L0,auxiliary_system,745,765,775,1
EAVT-L3-WRONG-DIAGNOSIS-032-N060,EAVT-L3-WRONG-DIAGNOSIS-032,nuisance_misc,L0,auxiliary_system,755,775,785,1
EAVT-L3-WRONG-DIAGNOSIS-032-N061,EAVT-L3-WRONG-DIAGNOSIS-032,nuisance_misc,L0,auxiliary_system,760,780,775,1
EAVT-L3-WRONG-DIAGNOSIS-032-N062,EAVT-L3-WRONG-DIAGNOSIS-032,nuisance_misc,L0,auxiliary_system,785,805,810,1
EAVT-L3-WRONG-DIAGNOSIS-032-N063,EAVT-L3-WRONG-DIAGNOSIS-032,nuisance_misc,L0,auxiliary_system,800,820,820,1
EAVT-L3-WRONG-DIAGNOSIS-032-N064,EAVT-L3-WRONG-DIAGNOSIS-032,nuisance_misc,L0,auxiliary_system,800,820,830,1
EAVT-L3-WRONG-DIAGNOSIS-032-N065,EAVT-L3-WRONG-DIAGNOSIS-032,nuisance_misc,L0,auxiliary_system,820,840,850,1
EAVT-L3-WRONG-DIAGNOSIS-032-N066,EAVT-L3-WRONG-DIAGNOSIS-032,nuisance_misc,L0,auxiliary_system,855,875,880,1
EAVT-L3-WRONG-DIAGNOSIS-032-N067,EAVT-L3-WRONG-DIAGNOSIS-032,nuisance_misc,L0,auxiliary_system,860,880,890,1
EAVT-L3-WRONG-DIAGNOSIS-032-N068,EAVT-L3-WRONG-DIAGNOSIS-032,nuisance_misc,L0,auxiliary_system,880,900,895,1
EAVT-L3-WRONG-DIAGNOSIS-032-N069,EAVT-L3-WRONG-DIAGNOSIS-032,nuisance_misc,L0,auxiliary_system,880,900,895,1
EAVT-L3-WRONG-DIAGNOSIS-032-N070,EAVT-L3-WRONG-DIAGNOSIS-032,nuisance_misc,L0,auxiliary_system,895,915,915,1
EAVT-L3-WRONG-DIAGNOSIS-032-N071,EAVT-L3-WRONG-DIAGNOSIS-032,nuisance_misc,L0,auxiliary_system,925,945,940,1
EAVT-L3-WRONG-DIAGNOSIS-032-N072,EAVT-L3-WRONG-DIAGNOSIS-032,nuisance_misc,L0,auxiliary_system,930,950,960,1
EAVT-L3-WRONG-DIAGNOSIS-032-N073,EAVT-L3-WRONG-DIAGNOSIS-032,nuisance_misc,L0,auxiliary_system,930,950,960,1
EAVT-L3-WRONG-DIAGNOSIS-032-N074,EAVT-L3-WRONG-DIAGNOSIS-032,nuisance_misc,L0,auxiliary_system,940,960,965,1
EAVT-L3-WRONG-DIAGNOSIS-032-N075,EAVT-L3-WRONG-DIAGNOSIS-032,nuisance_misc,L0,auxiliary_system,945,965,960,1
EAVT-L3-WRONG-DIAGNOSIS-032-N076,EAVT-L3-WRONG-DIAGNOSIS-032,nuisance_misc,L0,auxiliary_system,960,980,990,1
EAVT-L3-WRONG-DIAGNOSIS-032-N077,EAVT-L3-WRONG-DIAGNOSIS-032,nuisance_misc,L0,auxiliary_system,965,985,985,1
EAVT-L3-WRONG-DIAGNOSIS-032-N078,EAVT-L3-WRONG-DIAGNOSIS-032,nuisance_misc,L0,auxiliary_system,965,985,990,1
EAVT-L3-WRONG-DIAGNOSIS-032-N079,EAVT-L3-WRONG-DIAGNOSIS-032,nuisance_misc,L0,auxiliary_system,965,985,995,1
EAVT-L3-WRONG-DIAGNOSIS-032-N080,EAVT-L3-WRONG-DIAGNOSIS-032,nuisance_misc,L0,auxiliary_system,965,985,980,1
EAVT-L3-WRONG-DIAGNOSIS-032-N081,EAVT-L3-WRONG-DIAGNOSIS-032,nuisance_misc,L0,auxiliary_system,970,990,995,1
EAVT-L3-WRONG-DIAGNOSIS-032-N082,EAVT-L3-WRONG-DIAGNOSIS-032,nuisance_misc,L0,auxiliary_system,980,1000,1010,1
EAVT-L3-WRONG-DIAGNOSIS-032-N083,EAVT-L3-WRONG-DIAGNOSIS-032,nuisance_misc,L0,auxiliary_system,1025,1045,1055,1
EAVT-L3-WRONG-DIAGNOSIS-032-N084,EAVT-L3-WRONG-DIAGNOSIS-032,nuisance_misc,L0,auxiliary_system,1045,1065,1060,1
EAVT-L3-WRONG-DIAGNOSIS-032-N085,EAVT-L3-WRONG-DIAGNOSIS-032,nuisance_misc,L0,auxiliary_system,1055,1075,1075,1
EAVT-L3-WRONG-DIAGNOSIS-032-N086,EAVT-L3-WRONG-DIAGNOSIS-032,nuisance_misc,L0,auxiliary_system,1060,1080,1090,1
EAVT-L3-WRONG-DIAGNOSIS-032-N087,EAVT-L3-WRONG-DIAGNOSIS-032,nuisance_misc,L0,auxiliary_system,1060,1080,1085,1
EAVT-L3-WRONG-DIAGNOSIS-032-N088,EAVT-L3-WRONG-DIAGNOSIS-032,nuisance_misc,L0,auxiliary_system,1095,1115,1115,1
EAVT-L3-WRONG-DIAGNOSIS-032-N089,EAVT-L3-WRONG-DIAGNOSIS-032,nuisance_misc,L0,auxiliary_system,1095,1115,1110,1
EAVT-L3-WRONG-DIAGNOSIS-032-N090,EAVT-L3-WRONG-DIAGNOSIS-032,nuisance_misc,L0,auxiliary_system,1130,1150,1160,1
EAVT-L3-WRONG-DIAGNOSIS-032-N091,EAVT-L3-WRONG-DIAGNOSIS-032,nuisance_misc,L0,auxiliary_system,1140,1160,1155,1
EAVT-L3-WRONG-DIAGNOSIS-032-N092,EAVT-L3-WRONG-DIAGNOSIS-032,nuisance_misc,L0,auxiliary_system,1145,1165,1165,1
EAVT-L3-WRONG-DIAGNOSIS-032-N093,EAVT-L3-WRONG-DIAGNOSIS-032,nuisance_misc,L0,auxiliary_system,1145,1165,1160,1
EAVT-L3-WRONG-DIAGNOSIS-032-N094,EAVT-L3-WRONG-DIAGNOSIS-032,nuisance_misc,L0,auxiliary_system,1150,1170,1165,1
EAVT-L3-WRONG-DIAGNOSIS-032-N095,EAVT-L3-WRONG-DIAGNOSIS-032,nuisance_misc,L0,auxiliary_system,1160,1180,1190,1
EAVT-L3-WRONG-DIAGNOSIS-032-N096,EAVT-L3-WRONG-DIAGNOSIS-032,nuisance_misc,L0,auxiliary_system,1175,1195,1205,1
EAVT-L3-WRONG-DIAGNOSIS-032-N097,EAVT-L3-WRONG-DIAGNOSIS-032,nuisance_misc,L0,auxiliary_system,1215,1235,1230,1
EAVT-L3-WRONG-DIAGNOSIS-032-N098,EAVT-L3-WRONG-DIAGNOSIS-032,nuisance_misc,L0,auxiliary_system,1220,1240,1235,1
EAVT-L3-WRONG-DIAGNOSIS-032-N099,EAVT-L3-WRONG-DIAGNOSIS-032,nuisance_misc,L0,auxiliary_system,1235,1255,1260,1
EAVT-L3-WRONG-DIAGNOSIS-032-N100,EAVT-L3-WRONG-DIAGNOSIS-032,nuisance_misc,L0,auxiliary_system,1255,1275,1280,1
EAVT-L3-WRONG-DIAGNOSIS-032-N101,EAVT-L3-WRONG-DIAGNOSIS-032,nuisance_misc,L0,auxiliary_system,1260,1280,1275,1
EAVT-L3-WRONG-DIAGNOSIS-032-N102,EAVT-L3-WRONG-DIAGNOSIS-032,nuisance_misc,L0,auxiliary_system,1285,1305,1305,1
EAVT-L3-WRONG-DIAGNOSIS-032-N103,EAVT-L3-WRONG-DIAGNOSIS-032,nuisance_misc,L0,auxiliary_system,1305,1325,1335,1
EAVT-L3-WRONG-DIAGNOSIS-032-N104,EAVT-L3-WRONG-DIAGNOSIS-032,nuisance_misc,L0,auxiliary_system,1340,1360,1360,1
EAVT-L3-WRONG-DIAGNOSIS-032-N105,EAVT-L3-WRONG-DIAGNOSIS-032,nuisance_misc,L0,auxiliary_system,1375,1395,1400,1
EAVT-L3-WRONG-DIAGNOSIS-032-N106,EAVT-L3-WRONG-DIAGNOSIS-032,nuisance_misc,L0,auxiliary_system,1385,1405,1415,1
EAVT-L3-WRONG-DIAGNOSIS-032-N107,EAVT-L3-WRONG-DIAGNOSIS-032,nuisance_misc,L0,auxiliary_system,1395,1415,1415,1
EAVT-L3-WRONG-DIAGNOSIS-032-N108,EAVT-L3-WRONG-DIAGNOSIS-032,nuisance_misc,L0,auxiliary_system,1435,1455,1460,1
EAVT-L3-WRONG-DIAGNOSIS-032-N109,EAVT-L3-WRONG-DIAGNOSIS-032,nuisance_misc,L0,auxiliary_system,1460,1480,1480,1
EAVT-L3-WRONG-DIAGNOSIS-032-N110,EAVT-L3-WRONG-DIAGNOSIS-032,nuisance_misc,L0,auxiliary_system,1495,1515,1510,1
EAVT-L3-WRONG-DIAGNOSIS-032-N111,EAVT-L3-WRONG-DIAGNOSIS-032,nuisance_misc,L0,auxiliary_system,1515,1535,1540,1
EAVT-L3-WRONG-DIAGNOSIS-032-N112,EAVT-L3-WRONG-DIAGNOSIS-032,nuisance_misc,L0,auxiliary_system,1520,1540,1545,1
EAVT-L3-WRONG-DIAGNOSIS-032-N113,EAVT-L3-WRONG-DIAGNOSIS-032,nuisance_misc,L0,auxiliary_system,1530,1550,1545,1
EAVT-L3-WRONG-DIAGNOSIS-032-N114,EAVT-L3-WRONG-DIAGNOSIS-032,nuisance_misc,L0,auxiliary_system,1555,1575,1580,1
EAVT-L3-WRONG-DIAGNOSIS-032-N115,EAVT-L3-WRONG-DIAGNOSIS-032,nuisance_misc,L0,auxiliary_system,1610,1630,1625,1
EAVT-L3-WRONG-DIAGNOSIS-032-N116,EAVT-L3-WRONG-DIAGNOSIS-032,nuisance_misc,L0,auxiliary_system,1610,1630,1635,1
EAVT-L3-WRONG-DIAGNOSIS-032-N117,EAVT-L3-WRONG-DIAGNOSIS-032,nuisance_misc,L0,auxiliary_system,1620,1640,1635,1
EAVT-L3-WRONG-DIAGNOSIS-032-N118,EAVT-L3-WRONG-DIAGNOSIS-032,nuisance_misc,L0,auxiliary_system,1630,1650,1655,1
EAVT-L3-WRONG-DIAGNOSIS-032-N119,EAVT-L3-WRONG-DIAGNOSIS-032,nuisance_misc,L0,auxiliary_system,1630,1650,1645,1
EAVT-L3-WRONG-DIAGNOSIS-032-N120,EAVT-L3-WRONG-DIAGNOSIS-032,nuisance_misc,L0,auxiliary_system,1630,1650,1655,1
EAVT-L3-WRONG-DIAGNOSIS-032-N121,EAVT-L3-WRONG-DIAGNOSIS-032,nuisance_misc,L0,auxiliary_system,1635,1655,1655,1
EAVT-L3-WRONG-DIAGNOSIS-032-N122,EAVT-L3-WRONG-DIAGNOSIS-032,nuisance_misc,L0,auxiliary_system,1645,1665,1665,1
EAVT-L3-WRONG-DIAGNOSIS-032-N123,EAVT-L3-WRONG-DIAGNOSIS-032,nuisance_misc,L0,auxiliary_system,1645,1665,1675,1
EAVT-L3-WRONG-DIAGNOSIS-032-N124,EAVT-L3-WRONG-DIAGNOSIS-032,nuisance_misc,L0,auxiliary_system,1655,1675,1685,1
EAVT-L3-WRONG-DIAGNOSIS-032-N125,EAVT-L3-WRONG-DIAGNOSIS-032,nuisance_misc,L0,auxiliary_system,1675,1695,1700,1
EAVT-L3-WRONG-DIAGNOSIS-032-N126,EAVT-L3-WRONG-DIAGNOSIS-032,nuisance_misc,L0,auxiliary_system,1685,1705,1715,1
EAVT-L3-WRONG-DIAGNOSIS-032-N127,EAVT-L3-WRONG-DIAGNOSIS-032,nuisance_misc,L0,auxiliary_system,1710,1730,1735,1
EAVT-L3-WRONG-DIAGNOSIS-032-N128,EAVT-L3-WRONG-DIAGNOSIS-032,nuisance_misc,L0,auxiliary_system,1715,1735,1740,1
EAVT-L3-WRONG-DIAGNOSIS-032-N129,EAVT-L3-WRONG-DIAGNOSIS-032,nuisance_misc,L0,auxiliary_system,1720,1740,1740,1
EAVT-L3-WRONG-DIAGNOSIS-032-N130,EAVT-L3-WRONG-DIAGNOSIS-032,nuisance_misc,L0,auxiliary_system,1770,1790,1800,1
EAVT-L3-WRONG-DIAGNOSIS-032-N131,EAVT-L3-WRONG-DIAGNOSIS-032,nuisance_misc,L0,auxiliary_system,1820,1840,1840,1
EAVT-L3-WRONG-DIAGNOSIS-032-N132,EAVT-L3-WRONG-DIAGNOSIS-032,nuisance_misc,L0,auxiliary_system,1825,1845,1855,1
EAVT-L3-WRONG-DIAGNOSIS-032-N133,EAVT-L3-WRONG-DIAGNOSIS-032,nuisance_misc,L0,auxiliary_system,1840,1860,1860,1
EAVT-L3-WRONG-DIAGNOSIS-032-N134,EAVT-L3-WRONG-DIAGNOSIS-032,nuisance_misc,L0,auxiliary_system,1840,1860,1855,1
EAVT-L3-WRONG-DIAGNOSIS-032-N135,EAVT-L3-WRONG-DIAGNOSIS-032,nuisance_misc,L0,auxiliary_system,1845,1865,1865,1
EAVT-L3-WRONG-DIAGNOSIS-032-N136,EAVT-L3-WRONG-DIAGNOSIS-032,nuisance_misc,L0,auxiliary_system,1850,1870,1880,1
EAVT-L3-WRONG-DIAGNOSIS-032-N137,EAVT-L3-WRONG-DIAGNOSIS-032,nuisance_misc,L0,auxiliary_system,1860,1880,1880,1
EAVT-L3-WRONG-DIAGNOSIS-032-N138,EAVT-L3-WRONG-DIAGNOSIS-032,nuisance_misc,L0,auxiliary_system,1860,1880,1890,1
EAVT-L3-WRONG-DIAGNOSIS-032-N139,EAVT-L3-WRONG-DIAGNOSIS-032,nuisance_misc,L0,auxiliary_system,1880,1900,1900,1
EAVT-L3-WRONG-DIAGNOSIS-032-N140,EAVT-L3-WRONG-DIAGNOSIS-032,nuisance_misc,L0,auxiliary_system,1885,1905,1910,1
EAVT-L3-WRONG-DIAGNOSIS-032-N141,EAVT-L3-WRONG-DIAGNOSIS-032,nuisance_misc,L0,auxiliary_system,1885,1905,1915,1
EAVT-L3-WRONG-DIAGNOSIS-032-N142,EAVT-L3-WRONG-DIAGNOSIS-032,nuisance_misc,L0,auxiliary_system,1900,1920,1930,1
EAVT-L3-WRONG-DIAGNOSIS-032-N143,EAVT-L3-WRONG-DIAGNOSIS-032,nuisance_misc,L0,auxiliary_system,1935,1955,1950,1
EAVT-L3-WRONG-DIAGNOSIS-032-N144,EAVT-L3-WRONG-DIAGNOSIS-032,nuisance_misc,L0,auxiliary_system,1950,1970,1965,1
EAVT-L3-WRONG-DIAGNOSIS-032-N145,EAVT-L3-WRONG-DIAGNOSIS-032,nuisance_misc,L0,auxiliary_system,1975,1995,1990,1
EAVT-L3-WRONG-DIAGNOSIS-032-N146,EAVT-L3-WRONG-DIAGNOSIS-032,nuisance_misc,L0,auxiliary_system,1980,2000,2005,1
EAVT-L3-WRONG-DIAGNOSIS-032-N147,EAVT-L3-WRONG-DIAGNOSIS-032,nuisance_misc,L0,auxiliary_system,1995,2015,2025,1
EAVT-L3-WRONG-DIAGNOSIS-032-N148,EAVT-L3-WRONG-DIAGNOSIS-032,nuisance_misc,L0,auxiliary_system,2010,2030,2040,1
EAVT-L3-WRONG-DIAGNOSIS-032-N149,EAVT-L3-WRONG-DIAGNOSIS-032,nuisance_misc,L0,auxiliary_system,2030,2050,2050,1
EAVT-L3-WRONG-DIAGNOSIS-032-N150,EAVT-L3-WRONG-DIAGNOSIS-032,nuisance_misc,L0,auxiliary_system,2030,2050,2060,1
EAVT-L3-WRONG-DIAGNOSIS-032-N151,EAVT-L3-WRONG-DIAGNOSIS-032,nuisance_misc,L0,auxiliary_system,2035,2055,2055,1
EAVT-L3-WRONG-DIAGNOSIS-032-N152,EAVT-L3-WRONG-DIAGNOSIS-032,nuisance_misc,L0,auxiliary_system,2045,2065,2065,1
EAVT-L3-WRONG-DIAGNOSIS-032-N153,EAVT-L3-WRONG-DIAGNOSIS-032,nuisance_misc,L0,auxiliary_system,2050,2070,2065,1
EAVT-L3-WRONG-DIAGNOSIS-032-N154,EAVT-L3-WRONG-DIAGNOSIS-032,nuisance_misc,L0,auxiliary_system,2055,2075,2075,1
EAVT-L3-WRONG-DIAGNOSIS-032-N155,EAVT-L3-WRONG-DIAGNOSIS-032,nuisance_misc,L0,auxiliary_system,2060,2080,2080,1
EAVT-L3-WRONG-DIAGNOSIS-032-N156,EAVT-L3-WRONG-DIAGNOSIS-032,nuisance_misc,L0,auxiliary_system,2070,2090,2095,1
EAVT-L3-WRONG-DIAGNOSIS-032-N157,EAVT-L3-WRONG-DIAGNOSIS-032,nuisance_misc,L0,auxiliary_system,2075,2095,2090,1
EAVT-L3-WRONG-DIAGNOSIS-032-N158,EAVT-L3-WRONG-DIAGNOSIS-032,nuisance_misc,L0,auxiliary_system,2085,2105,2115,1
EAVT-L3-WRONG-DIAGNOSIS-032-N159,EAVT-L3-WRONG-DIAGNOSIS-032,nuisance_misc,L0,auxiliary_system,2110,2130,2130,1
EAVT-L3-WRONG-DIAGNOSIS-032-N160,EAVT-L3-WRONG-DIAGNOSIS-032,nuisance_misc,L0,auxiliary_system,2115,2135,2135,1
EAVT-L3-WRONG-DIAGNOSIS-032-N161,EAVT-L3-WRONG-DIAGNOSIS-032,nuisance_misc,L0,auxiliary_system,2120,2140,2140,1
EAVT-L3-WRONG-DIAGNOSIS-032-N162,EAVT-L3-WRONG-DIAGNOSIS-032,nuisance_misc,L0,auxiliary_system,2155,2175,2170,1
EAVT-L3-WRONG-DIAGNOSIS-032-N163,EAVT-L3-WRONG-DIAGNOSIS-032,nuisance_misc,L0,auxiliary_system,2165,2185,2190,1
EAVT-L3-WRONG-DIAGNOSIS-032-N164,EAVT-L3-WRONG-DIAGNOSIS-032,nuisance_misc,L0,auxiliary_system,2165,2185,2185,1
EAVT-L3-WRONG-DIAGNOSIS-032-N165,EAVT-L3-WRONG-DIAGNOSIS-032,nuisance_misc,L0,auxiliary_system,2180,2200,2205,1
EAVT-L3-WRONG-DIAGNOSIS-032-N166,EAVT-L3-WRONG-DIAGNOSIS-032,nuisance_misc,L0,auxiliary_system,2195,2215,2215,1
EAVT-L3-WRONG-DIAGNOSIS-032-N167,EAVT-L3-WRONG-DIAGNOSIS-032,nuisance_misc,L0,auxiliary_system,2195,2215,2210,1
EAVT-L3-WRONG-DIAGNOSIS-032-N168,EAVT-L3-WRONG-DIAGNOSIS-032,nuisance_misc,L0,auxiliary_system,2200,2220,2220,1
EAVT-L3-WRONG-DIAGNOSIS-032-N169,EAVT-L3-WRONG-DIAGNOSIS-032,nuisance_misc,L0,auxiliary_system,2205,2225,2225,1
EAVT-L3-WRONG-DIAGNOSIS-032-N170,EAVT-L3-WRONG-DIAGNOSIS-032,nuisance_misc,L0,auxiliary_system,2215,2235,2230,1
EAVT-L3-WRONG-DIAGNOSIS-032-N171,EAVT-L3-WRONG-DIAGNOSIS-032,nuisance_misc,L0,auxiliary_system,2260,2280,2280,1
EAVT-L3-WRONG-DIAGNOSIS-032-N172,EAVT-L3-WRONG-DIAGNOSIS-032,nuisance_misc,L0,auxiliary_system,2265,2285,2280,1
EAVT-L3-WRONG-DIAGNOSIS-032-N173,EAVT-L3-WRONG-DIAGNOSIS-032,nuisance_misc,L0,auxiliary_system,2275,2295,2300,1
EAVT-L3-WRONG-DIAGNOSIS-032-N174,EAVT-L3-WRONG-DIAGNOSIS-032,nuisance_misc,L0,auxiliary_system,2295,2315,2315,1
EAVT-L3-WRONG-DIAGNOSIS-032-N175,EAVT-L3-WRONG-DIAGNOSIS-032,nuisance_misc,L0,auxiliary_system,2295,2315,2310,1
EAVT-L3-WRONG-DIAGNOSIS-032-N176,EAVT-L3-WRONG-DIAGNOSIS-032,nuisance_misc,L0,auxiliary_system,2335,2355,2365,1
EAVT-L3-WRONG-DIAGNOSIS-032-N177,EAVT-L3-WRONG-DIAGNOSIS-032,nuisance_misc,L0,auxiliary_system,2350,2370,2380,1
EAVT-L3-WRONG-DIAGNOSIS-032-N178,EAVT-L3-WRONG-DIAGNOSIS-032,nuisance_misc,L0,auxiliary_system,2380,2400,2410,1
EAVT-L3-WRONG-DIAGNOSIS-032-N179,EAVT-L3-WRONG-DIAGNOSIS-032,nuisance_misc,L0,auxiliary_system,2415,2435,2440,1
EAVT-L3-WRONG-DIAGNOSIS-032-N180,EAVT-L3-WRONG-DIAGNOSIS-032,nuisance_misc,L0,auxiliary_system,2420,2440,2440,1
EAVT-L3-WRONG-DIAGNOSIS-032-N181,EAVT-L3-WRONG-DIAGNOSIS-032,nuisance_misc,L0,auxiliary_system,2440,2460,2465,1
EAVT-L3-WRONG-DIAGNOSIS-032-N182,EAVT-L3-WRONG-DIAGNOSIS-032,nuisance_misc,L0,auxiliary_system,2445,2465,2465,1
EAVT-L3-WRONG-DIAGNOSIS-032-N183,EAVT-L3-WRONG-DIAGNOSIS-032,nuisance_misc,L0,auxiliary_system,2445,2465,2470,1
EAVT-L3-WRONG-DIAGNOSIS-032-N184,EAVT-L3-WRONG-DIAGNOSIS-032,nuisance_misc,L0,auxiliary_system,2470,2490,2485,1
EAVT-L3-WRONG-DIAGNOSIS-032-N185,EAVT-L3-WRONG-DIAGNOSIS-032,nuisance_misc,L0,auxiliary_system,2495,2515,2510,1
EAVT-L3-WRONG-DIAGNOSIS-032-N186,EAVT-L3-WRONG-DIAGNOSIS-032,nuisance_misc,L0,auxiliary_system,2495,2515,2510,1
EAVT-L3-WRONG-DIAGNOSIS-032-N187,EAVT-L3-WRONG-DIAGNOSIS-032,nuisance_misc,L0,auxiliary_system,2520,2540,2545,1
EAVT-L3-WRONG-DIAGNOSIS-032-N188,EAVT-L3-WRONG-DIAGNOSIS-032,nuisance_misc,L0,auxiliary_system,2520,2540,2550,1
EAVT-L3-WRONG-DIAGNOSIS-032-N189,EAVT-L3-WRONG-DIAGNOSIS-032,nuisance_misc,L0,auxiliary_system,2540,2560,2570,1
EAVT-L3-WRONG-DIAGNOSIS-032-N190,EAVT-L3-WRONG-DIAGNOSIS-032,nuisance_misc,L0,auxiliary_system,2540,2560,2555,1
EAVT-L3-WRONG-DIAGNOSIS-032-N191,EAVT-L3-WRONG-DIAGNOSIS-032,nuisance_misc,L0,auxiliary_system,2560,2580,2585,1
EAVT-L3-WRONG-DIAGNOSIS-032-N192,EAVT-L3-WRONG-DIAGNOSIS-032,nuisance_misc,L0,auxiliary_system,2570,2590,2595,1
EAVT-L3-WRONG-DIAGNOSIS-032-N193,EAVT-L3-WRONG-DIAGNOSIS-032,nuisance_misc,L0,auxiliary_system,2575,2595,2590,1
EAVT-L3-WRONG-DIAGNOSIS-032-N194,EAVT-L3-WRONG-DIAGNOSIS-032,nuisance_misc,L0,auxiliary_system,2580,2600,2595,1
EAVT-L3-WRONG-DIAGNOSIS-032-N195,EAVT-L3-WRONG-DIAGNOSIS-032,nuisance_misc,L0,auxiliary_system,2650,2670,2680,1
EAVT-L3-WRONG-DIAGNOSIS-032-N196,EAVT-L3-WRONG-DIAGNOSIS-032,nuisance_misc,L0,auxiliary_system,2650,2670,2675,1
EAVT-L3-WRONG-DIAGNOSIS-032-N197,EAVT-L3-WRONG-DIAGNOSIS-032,nuisance_misc,L0,auxiliary_system,2655,2675,2685,1
EAVT-L3-WRONG-DIAGNOSIS-032-N198,EAVT-L3-WRONG-DIAGNOSIS-032,nuisance_misc,L0,auxiliary_system,2655,2675,2685,1
EAVT-L3-WRONG-DIAGNOSIS-032-N199,EAVT-L3-WRONG-DIAGNOSIS-032,nuisance_misc,L0,auxiliary_system,2685,2705,2700,1
EAVT-L3-WRONG-DIAGNOSIS-032-N200,EAVT-L3-WRONG-DIAGNOSIS-032,nuisance_misc,L0,auxiliary_system,2695,2715,2715,1
EAVT-L3-WRONG-DIAGNOSIS-032-N201,EAVT-L3-WRONG-DIAGNOSIS-032,nuisance_misc,L0,auxiliary_system,2700,2720,2715,1
EAVT-L3-WRONG-DIAGNOSIS-032-N202,EAVT-L3-WRONG-DIAGNOSIS-032,nuisance_misc,L0,auxiliary_system,2700,2720,2715,1
EAVT-L3-WRONG-DIAGNOSIS-032-N203,EAVT-L3-WRONG-DIAGNOSIS-032,nuisance_misc,L0,auxiliary_system,2715,2735,2735,1
EAVT-L3-WRONG-DIAGNOSIS-032-N204,EAVT-L3-WRONG-DIAGNOSIS-032,nuisance_misc,L0,auxiliary_system,2740,2760,2760,1
EAVT-L3-WRONG-DIAGNOSIS-032-N205,EAVT-L3-WRONG-DIAGNOSIS-032,nuisance_misc,L0,auxiliary_system,2815,2835,2845,1
EAVT-L3-WRONG-DIAGNOSIS-032-N206,EAVT-L3-WRONG-DIAGNOSIS-032,nuisance_misc,L0,auxiliary_system,2820,2840,2840,1
EAVT-L3-WRONG-DIAGNOSIS-032-N207,EAVT-L3-WRONG-DIAGNOSIS-032,nuisance_misc,L0,auxiliary_system,2825,2845,2840,1
EAVT-L3-WRONG-DIAGNOSIS-032-N208,EAVT-L3-WRONG-DIAGNOSIS-032,nuisance_misc,L0,auxiliary_system,2830,2850,2850,1
EAVT-L3-WRONG-DIAGNOSIS-032-N209,EAVT-L3-WRONG-DIAGNOSIS-032,nuisance_misc,L0,auxiliary_system,2840,2860,2870,1
EAVT-L3-WRONG-DIAGNOSIS-032-N210,EAVT-L3-WRONG-DIAGNOSIS-032,nuisance_misc,L0,auxiliary_system,2850,2870,2880,1
EAVT-L3-WRONG-DIAGNOSIS-032-N211,EAVT-L3-WRONG-DIAGNOSIS-032,nuisance_misc,L0,auxiliary_system,2875,2895,2905,1
EAVT-L3-WRONG-DIAGNOSIS-032-N212,EAVT-L3-WRONG-DIAGNOSIS-032,nuisance_misc,L0,auxiliary_system,2880,2900,2905,1
EAVT-L3-WRONG-DIAGNOSIS-032-N213,EAVT-L3-WRONG-DIAGNOSIS-032,nuisance_misc,L0,auxiliary_system,2900,2920,2915,1
EAVT-L3-WRONG-DIAGNOSIS-032-N214,EAVT-L3-WRONG-DIAGNOSIS-032,nuisance_misc,L0,auxiliary_system,2910,2930,2925,1
EAVT-L3-WRONG-DIAGNOSIS-032-N215,EAVT-L3-WRONG-DIAGNOSIS-032,nuisance_misc,L0,auxiliary_system,2920,2940,2935,1
EAVT-L3-WRONG-DIAGNOSIS-032-N216,EAVT-L3-WRONG-DIAGNOSIS-032,nuisance_misc,L0,auxiliary_system,2935,2955,2965,1
EAVT-L3-WRONG-DIAGNOSIS-032-N217,EAVT-L3-WRONG-DIAGNOSIS-032,nuisance_misc,L0,auxiliary_system,2945,2965,2965,1
EAVT-L3-WRONG-DIAGNOSIS-032-N218,EAVT-L3-WRONG-DIAGNOSIS-032,nuisance_misc,L0,auxiliary_system,2950,2970,2975,1
EAVT-L3-WRONG-DIAGNOSIS-032-N219,EAVT-L3-WRONG-DIAGNOSIS-032,nuisance_misc,L0,auxiliary_system,2970,2990,3000,1
EAVT-L3-WRONG-DIAGNOSIS-032-N220,EAVT-L3-WRONG-DIAGNOSIS-032,nuisance_misc,L0,auxiliary_system,2990,3010,3015,1
EAVT-L3-WRONG-DIAGNOSIS-032-N221,EAVT-L3-WRONG-DIAGNOSIS-032,nuisance_misc,L0,auxiliary_system,3000,3020,3025,1
EAVT-L3-WRONG-DIAGNOSIS-032-N222,EAVT-L3-WRONG-DIAGNOSIS-032,nuisance_misc,L0,auxiliary_system,3005,3025,3035,1
EAVT-L3-WRONG-DIAGNOSIS-032-N223,EAVT-L3-WRONG-DIAGNOSIS-032,nuisance_misc,L0,auxiliary_system,3030,3050,3060,1
EAVT-L3-WRONG-DIAGNOSIS-032-N224,EAVT-L3-WRONG-DIAGNOSIS-032,nuisance_misc,L0,auxiliary_system,3045,3065,3060,1
EAVT-L3-WRONG-DIAGNOSIS-032-N225,EAVT-L3-WRONG-DIAGNOSIS-032,nuisance_misc,L0,auxiliary_system,3060,3080,3075,1
EAVT-L3-WRONG-DIAGNOSIS-032-N226,EAVT-L3-WRONG-DIAGNOSIS-032,nuisance_misc,L0,auxiliary_system,3060,3080,3080,1
EAVT-L3-WRONG-DIAGNOSIS-032-N227,EAVT-L3-WRONG-DIAGNOSIS-032,nuisance_misc,L0,auxiliary_system,3095,3115,3115,1
EAVT-L3-WRONG-DIAGNOSIS-032-N228,EAVT-L3-WRONG-DIAGNOSIS-032,nuisance_misc,L0,auxiliary_system,3105,3125,3135,1
EAVT-L3-WRONG-DIAGNOSIS-032-N229,EAVT-L3-WRONG-DIAGNOSIS-032,nuisance_misc,L0,auxiliary_system,3110,3130,3130,1
EAVT-L3-WRONG-DIAGNOSIS-032-N230,EAVT-L3-WRONG-DIAGNOSIS-032,nuisance_misc,L0,auxiliary_system,3120,3140,3135,1
EAVT-L3-WRONG-DIAGNOSIS-032-N231,EAVT-L3-WRONG-DIAGNOSIS-032,nuisance_misc,L0,auxiliary_system,3135,3155,3160,1
EAVT-L3-WRONG-DIAGNOSIS-032-N232,EAVT-L3-WRONG-DIAGNOSIS-032,nuisance_misc,L0,auxiliary_system,3145,3165,3175,1
EAVT-L3-WRONG-DIAGNOSIS-032-N233,EAVT-L3-WRONG-DIAGNOSIS-032,nuisance_misc,L0,auxiliary_system,3145,3165,3160,1
EAVT-L3-WRONG-DIAGNOSIS-032-N234,EAVT-L3-WRONG-DIAGNOSIS-032,nuisance_misc,L0,auxiliary_system,3150,3170,3175,1
EAVT-L3-WRONG-DIAGNOSIS-032-N235,EAVT-L3-WRONG-DIAGNOSIS-032,nuisance_misc,L0,auxiliary_system,3175,3195,3205,1
EAVT-L3-WRONG-DIAGNOSIS-032-N236,EAVT-L3-WRONG-DIAGNOSIS-032,nuisance_misc,L0,auxiliary_system,3175,3195,3190,1
EAVT-L3-WRONG-DIAGNOSIS-032-N237,EAVT-L3-WRONG-DIAGNOSIS-032,nuisance_misc,L0,auxiliary_system,3180,3200,3210,1
EAVT-L3-WRONG-DIAGNOSIS-032-N238,EAVT-L3-WRONG-DIAGNOSIS-032,nuisance_misc,L0,auxiliary_system,3185,3205,3200,1
EAVT-L3-WRONG-DIAGNOSIS-032-N239,EAVT-L3-WRONG-DIAGNOSIS-032,nuisance_misc,L0,auxiliary_system,3185,3205,3210,1
EAVT-L3-WRONG-DIAGNOSIS-032-N240,EAVT-L3-WRONG-DIAGNOSIS-032,nuisance_misc,L0,auxiliary_system,3185,3205,3200,1
EAVT-L3-WRONG-DIAGNOSIS-032-N241,EAVT-L3-WRONG-DIAGNOSIS-032,nuisance_misc,L0,auxiliary_system,3215,3235,3245,1
EAVT-L3-WRONG-DIAGNOSIS-032-N242,EAVT-L3-WRONG-DIAGNOSIS-032,nuisance_misc,L0,auxiliary_system,3245,3265,3270,1
EAVT-L3-WRONG-DIAGNOSIS-032-N243,EAVT-L3-WRONG-DIAGNOSIS-032,nuisance_misc,L0,auxiliary_system,3245,3265,3270,1
EAVT-L3-WRONG-DIAGNOSIS-032-N244,EAVT-L3-WRONG-DIAGNOSIS-032,nuisance_misc,L0,auxiliary_system,3275,3295,3295,1
EAVT-L3-WRONG-DIAGNOSIS-032-N245,EAVT-L3-WRONG-DIAGNOSIS-032,nuisance_misc,L0,auxiliary_system,3305,3325,3320,1
EAVT-L3-WRONG-DIAGNOSIS-032-N246,EAVT-L3-WRONG-DIAGNOSIS-032,nuisance_misc,L0,auxiliary_system,3310,3330,3325,1
EAVT-L3-WRONG-DIAGNOSIS-032-N247,EAVT-L3-WRONG-DIAGNOSIS-032,nuisance_misc,L0,auxiliary_system,3315,3335,3345,1
EAVT-L3-WRONG-DIAGNOSIS-032-N248,EAVT-L3-WRONG-DIAGNOSIS-032,nuisance_misc,L0,auxiliary_system,3320,3340,3345,1
EAVT-L3-WRONG-DIAGNOSIS-032-N249,EAVT-L3-WRONG-DIAGNOSIS-032,nuisance_misc,L0,auxiliary_system,3325,3345,3345,1
EAVT-L3-WRONG-DIAGNOSIS-032-N250,EAVT-L3-WRONG-DIAGNOSIS-032,nuisance_misc,L0,auxiliary_system,3330,3350,3350,1
EAVT-L3-WRONG-DIAGNOSIS-032-N251,EAVT-L3-WRONG-DIAGNOSIS-032,nuisance_misc,L0,auxiliary_system,3335,3355,3360,1
EAVT-L3-WRONG-DIAGNOSIS-032-N252,EAVT-L3-WRONG-DIAGNOSIS-032,nuisance_misc,L0,auxiliary_system,3345,3365,3365,1
EAVT-L3-WRONG-DIAGNOSIS-032-N253,EAVT-L3-WRONG-DIAGNOSIS-032,nuisance_misc,L0,auxiliary_system,3420,3440,3445,1
EAVT-L3-WRONG-DIAGNOSIS-032-N254,EAVT-L3-WRONG-DIAGNOSIS-032,nuisance_misc,L0,auxiliary_system,3430,3450,3455,1
EAVT-L3-WRONG-DIAGNOSIS-032-N255,EAVT-L3-WRONG-DIAGNOSIS-032,nuisance_misc,L0,auxiliary_system,3445,3465,3460,1
EAVT-L3-WRONG-DIAGNOSIS-032-N256,EAVT-L3-WRONG-DIAGNOSIS-032,nuisance_misc,L0,auxiliary_system,3445,3465,3470,1
EAVT-L3-WRONG-DIAGNOSIS-032-N257,EAVT-L3-WRONG-DIAGNOSIS-032,nuisance_misc,L0,auxiliary_system,3460,3480,3480,1
EAVT-L3-WRONG-DIAGNOSIS-032-N258,EAVT-L3-WRONG-DIAGNOSIS-032,nuisance_misc,L0,auxiliary_system,3485,3505,3515,1
EAVT-L3-WRONG-DIAGNOSIS-032-N259,EAVT-L3-WRONG-DIAGNOSIS-032,nuisance_misc,L0,auxiliary_system,3495,3515,3525,1
EAVT-L3-WRONG-DIAGNOSIS-032-N260,EAVT-L3-WRONG-DIAGNOSIS-032,nuisance_misc,L0,auxiliary_system,3520,3540,3535,1
EAVT-L3-WRONG-DIAGNOSIS-032-N261,EAVT-L3-WRONG-DIAGNOSIS-032,nuisance_misc,L0,auxiliary_system,3525,3545,3555,1
EAVT-L3-WRONG-DIAGNOSIS-032-N262,EAVT-L3-WRONG-DIAGNOSIS-032,nuisance_misc,L0,auxiliary_system,3540,3560,3555,1
EAVT-L3-WRONG-DIAGNOSIS-032-N263,EAVT-L3-WRONG-DIAGNOSIS-032,nuisance_misc,L0,auxiliary_system,3545,3565,3560,1
EAVT-L3-WRONG-DIAGNOSIS-032-N264,EAVT-L3-WRONG-DIAGNOSIS-032,nuisance_misc,L0,auxiliary_system,3560,3580,3590,1
EAVT-L3-WRONG-DIAGNOSIS-032-N265,EAVT-L3-WRONG-DIAGNOSIS-032,nuisance_misc,L0,auxiliary_system,3570,3590,3590,1
EAVT-L3-WRONG-DIAGNOSIS-032-N266,EAVT-L3-WRONG-DIAGNOSIS-032,nuisance_misc,L0,auxiliary_system,3575,3595,3605,1
EAVT-L3-WRONG-DIAGNOSIS-032-N267,EAVT-L3-WRONG-DIAGNOSIS-032,nuisance_misc,L0,auxiliary_system,3580,3600,3610,1
EAVT-L3-WRONG-DIAGNOSIS-032-N268,EAVT-L3-WRONG-DIAGNOSIS-032,nuisance_misc,L0,auxiliary_system,3605,3625,3630,1
EAVT-L3-WRONG-DIAGNOSIS-032-N269,EAVT-L3-WRONG-DIAGNOSIS-032,nuisance_misc,L0,auxiliary_system,3615,3635,3640,1
EAVT-L3-WRONG-DIAGNOSIS-032-N270,EAVT-L3-WRONG-DIAGNOSIS-032,nuisance_misc,L0,auxiliary_system,3635,3655,3660,1
EAVT-L3-WRONG-DIAGNOSIS-032-N271,EAVT-L3-WRONG-DIAGNOSIS-032,nuisance_misc,L0,auxiliary_system,3645,3665,3675,1
EAVT-L3-WRONG-DIAGNOSIS-032-N272,EAVT-L3-WRONG-DIAGNOSIS-032,nuisance_misc,L0,auxiliary_system,3670,3690,3700,1
EAVT-L3-WRONG-DIAGNOSIS-032-N273,EAVT-L3-WRONG-DIAGNOSIS-032,nuisance_misc,L0,auxiliary_system,3670,3690,3685,1
EAVT-L3-WRONG-DIAGNOSIS-032-N274,EAVT-L3-WRONG-DIAGNOSIS-032,nuisance_misc,L0,auxiliary_system,3725,3745,3740,1
EAVT-L3-WRONG-DIAGNOSIS-032-N275,EAVT-L3-WRONG-DIAGNOSIS-032,nuisance_misc,L0,auxiliary_system,3730,3750,3750,1
EAVT-L3-WRONG-DIAGNOSIS-032-N276,EAVT-L3-WRONG-DIAGNOSIS-032,nuisance_misc,L0,auxiliary_system,3770,3790,3800,1
EAVT-L3-WRONG-DIAGNOSIS-032-N277,EAVT-L3-WRONG-DIAGNOSIS-032,nuisance_misc,L0,auxiliary_system,3775,3795,3795,1
EAVT-L3-WRONG-DIAGNOSIS-032-N278,EAVT-L3-WRONG-DIAGNOSIS-032,nuisance_misc,L0,auxiliary_system,3790,3810,3815,1
EAVT-L3-WRONG-DIAGNOSIS-032-N279,EAVT-L3-WRONG-DIAGNOSIS-032,nuisance_misc,L0,auxiliary_system,3795,3815,3820,1
EAVT-L3-WRONG-DIAGNOSIS-032-N280,EAVT-L3-WRONG-DIAGNOSIS-032,nuisance_misc,L0,auxiliary_system,3815,3835,3840,1
EAVT-L3-WRONG-DIAGNOSIS-032-N281,EAVT-L3-WRONG-DIAGNOSIS-032,nuisance_misc,L0,auxiliary_system,3840,3860,3860,1
EAVT-L3-WRONG-DIAGNOSIS-032-N282,EAVT-L3-WRONG-DIAGNOSIS-032,nuisance_misc,L0,auxiliary_system,3850,3870,3875,1
EAVT-L3-WRONG-DIAGNOSIS-032-N283,EAVT-L3-WRONG-DIAGNOSIS-032,nuisance_misc,L0,auxiliary_system,3875,3895,3895,1
EAVT-L3-WRONG-DIAGNOSIS-032-S01,EAVT-L3-WRONG-DIAGNOSIS-032,flow_deviation_branch,L1,feed_branch_3,3265,3320,3900,0
EAVT-L3-WRONG-DIAGNOSIS-032-S02,EAVT-L3-WRONG-DIAGNOSIS-032,t11_temperature_deviation,L3,T-1...T-11,3275,3320,3900,0
EAVT-L3-WRONG-DIAGNOSIS-032-S03,EAVT-L3-WRONG-DIAGNOSIS-032,feed_flow_imbalance,L2,feed_system,3285,3320,3900,0
EAVT-L3-WRONG-DIAGNOSIS-032-S04,EAVT-L3-WRONG-DIAGNOSIS-032,elou_load_imbalance,L4,ELOU,3325,3340,3900,0
EAVT-L3-WRONG-DIAGNOSIS-032-S05,EAVT-L3-WRONG-DIAGNOSIS-032,k1_feed_deviation,L5,K-1,3395,3410,3900,0
EAVT-L3-NO-VERIFICATION-033-N001,EAVT-L3-NO-VERIFICATION-033,nuisance_misc,L0,auxiliary_system,5,25,20,1
EAVT-L3-NO-VERIFICATION-033-N002,EAVT-L3-NO-VERIFICATION-033,nuisance_misc,L0,auxiliary_system,15,35,40,1
EAVT-L3-NO-VERIFICATION-033-N003,EAVT-L3-NO-VERIFICATION-033,nuisance_misc,L0,auxiliary_system,45,65,70,1
EAVT-L3-NO-VERIFICATION-033-N004,EAVT-L3-NO-VERIFICATION-033,nuisance_misc,L0,auxiliary_system,80,100,110,1
EAVT-L3-NO-VERIFICATION-033-N005,EAVT-L3-NO-VERIFICATION-033,nuisance_misc,L0,auxiliary_system,80,100,110,1
EAVT-L3-NO-VERIFICATION-033-N006,EAVT-L3-NO-VERIFICATION-033,nuisance_misc,L0,auxiliary_system,80,100,95,1
EAVT-L3-NO-VERIFICATION-033-N007,EAVT-L3-NO-VERIFICATION-033,nuisance_misc,L0,auxiliary_system,90,110,110,1
EAVT-L3-NO-VERIFICATION-033-N008,EAVT-L3-NO-VERIFICATION-033,nuisance_misc,L0,auxiliary_system,110,130,140,1
EAVT-L3-NO-VERIFICATION-033-N009,EAVT-L3-NO-VERIFICATION-033,nuisance_misc,L0,auxiliary_system,115,135,135,1
EAVT-L3-NO-VERIFICATION-033-N010,EAVT-L3-NO-VERIFICATION-033,nuisance_misc,L0,auxiliary_system,115,135,140,1
EAVT-L3-NO-VERIFICATION-033-N011,EAVT-L3-NO-VERIFICATION-033,nuisance_misc,L0,auxiliary_system,150,170,165,1
EAVT-L3-NO-VERIFICATION-033-N012,EAVT-L3-NO-VERIFICATION-033,nuisance_misc,L0,auxiliary_system,155,175,185,1
EAVT-L3-NO-VERIFICATION-033-N013,EAVT-L3-NO-VERIFICATION-033,nuisance_misc,L0,auxiliary_system,170,190,200,1
EAVT-L3-NO-VERIFICATION-033-N014,EAVT-L3-NO-VERIFICATION-033,nuisance_misc,L0,auxiliary_system,200,220,220,1
EAVT-L3-NO-VERIFICATION-033-N015,EAVT-L3-NO-VERIFICATION-033,nuisance_misc,L0,auxiliary_system,210,230,225,1
EAVT-L3-NO-VERIFICATION-033-N016,EAVT-L3-NO-VERIFICATION-033,nuisance_misc,L0,auxiliary_system,210,230,235,1
EAVT-L3-NO-VERIFICATION-033-N017,EAVT-L3-NO-VERIFICATION-033,nuisance_misc,L0,auxiliary_system,210,230,225,1
EAVT-L3-NO-VERIFICATION-033-N018,EAVT-L3-NO-VERIFICATION-033,nuisance_misc,L0,auxiliary_system,225,245,245,1
EAVT-L3-NO-VERIFICATION-033-N019,EAVT-L3-NO-VERIFICATION-033,nuisance_misc,L0,auxiliary_system,230,250,255,1
EAVT-L3-NO-VERIFICATION-033-N020,EAVT-L3-NO-VERIFICATION-033,nuisance_misc,L0,auxiliary_system,235,255,260,1
EAVT-L3-NO-VERIFICATION-033-N021,EAVT-L3-NO-VERIFICATION-033,nuisance_misc,L0,auxiliary_system,255,275,280,1
EAVT-L3-NO-VERIFICATION-033-N022,EAVT-L3-NO-VERIFICATION-033,nuisance_misc,L0,auxiliary_system,260,280,275,1
EAVT-L3-NO-VERIFICATION-033-N023,EAVT-L3-NO-VERIFICATION-033,nuisance_misc,L0,auxiliary_system,280,300,300,1
EAVT-L3-NO-VERIFICATION-033-N024,EAVT-L3-NO-VERIFICATION-033,nuisance_misc,L0,auxiliary_system,335,355,350,1
EAVT-L3-NO-VERIFICATION-033-N025,EAVT-L3-NO-VERIFICATION-033,nuisance_misc,L0,auxiliary_system,385,405,415,1
EAVT-L3-NO-VERIFICATION-033-N026,EAVT-L3-NO-VERIFICATION-033,nuisance_misc,L0,auxiliary_system,390,410,415,1
EAVT-L3-NO-VERIFICATION-033-N027,EAVT-L3-NO-VERIFICATION-033,nuisance_misc,L0,auxiliary_system,395,415,415,1
EAVT-L3-NO-VERIFICATION-033-N028,EAVT-L3-NO-VERIFICATION-033,nuisance_misc,L0,auxiliary_system,395,415,415,1
EAVT-L3-NO-VERIFICATION-033-N029,EAVT-L3-NO-VERIFICATION-033,nuisance_misc,L0,auxiliary_system,405,425,420,1
EAVT-L3-NO-VERIFICATION-033-N030,EAVT-L3-NO-VERIFICATION-033,nuisance_misc,L0,auxiliary_system,415,435,430,1
EAVT-L3-NO-VERIFICATION-033-N031,EAVT-L3-NO-VERIFICATION-033,nuisance_misc,L0,auxiliary_system,435,455,450,1
EAVT-L3-NO-VERIFICATION-033-N032,EAVT-L3-NO-VERIFICATION-033,nuisance_misc,L0,auxiliary_system,455,475,470,1
EAVT-L3-NO-VERIFICATION-033-N033,EAVT-L3-NO-VERIFICATION-033,nuisance_misc,L0,auxiliary_system,485,505,515,1
EAVT-L3-NO-VERIFICATION-033-N034,EAVT-L3-NO-VERIFICATION-033,nuisance_misc,L0,auxiliary_system,540,560,565,1
EAVT-L3-NO-VERIFICATION-033-N035,EAVT-L3-NO-VERIFICATION-033,nuisance_misc,L0,auxiliary_system,550,570,570,1
EAVT-L3-NO-VERIFICATION-033-N036,EAVT-L3-NO-VERIFICATION-033,nuisance_misc,L0,auxiliary_system,550,570,575,1
EAVT-L3-NO-VERIFICATION-033-N037,EAVT-L3-NO-VERIFICATION-033,nuisance_misc,L0,auxiliary_system,550,570,570,1
EAVT-L3-NO-VERIFICATION-033-N038,EAVT-L3-NO-VERIFICATION-033,nuisance_misc,L0,auxiliary_system,555,575,575,1
EAVT-L3-NO-VERIFICATION-033-N039,EAVT-L3-NO-VERIFICATION-033,nuisance_misc,L0,auxiliary_system,555,575,585,1
EAVT-L3-NO-VERIFICATION-033-N040,EAVT-L3-NO-VERIFICATION-033,nuisance_misc,L0,auxiliary_system,570,590,590,1
EAVT-L3-NO-VERIFICATION-033-N041,EAVT-L3-NO-VERIFICATION-033,nuisance_misc,L0,auxiliary_system,575,595,595,1
EAVT-L3-NO-VERIFICATION-033-N042,EAVT-L3-NO-VERIFICATION-033,nuisance_misc,L0,auxiliary_system,580,600,610,1
EAVT-L3-NO-VERIFICATION-033-N043,EAVT-L3-NO-VERIFICATION-033,nuisance_misc,L0,auxiliary_system,580,600,600,1
EAVT-L3-NO-VERIFICATION-033-N044,EAVT-L3-NO-VERIFICATION-033,nuisance_misc,L0,auxiliary_system,585,605,610,1
EAVT-L3-NO-VERIFICATION-033-N045,EAVT-L3-NO-VERIFICATION-033,nuisance_misc,L0,auxiliary_system,670,690,700,1
EAVT-L3-NO-VERIFICATION-033-N046,EAVT-L3-NO-VERIFICATION-033,nuisance_misc,L0,auxiliary_system,680,700,705,1
EAVT-L3-NO-VERIFICATION-033-N047,EAVT-L3-NO-VERIFICATION-033,nuisance_misc,L0,auxiliary_system,725,745,755,1
EAVT-L3-NO-VERIFICATION-033-N048,EAVT-L3-NO-VERIFICATION-033,nuisance_misc,L0,auxiliary_system,725,745,755,1
EAVT-L3-NO-VERIFICATION-033-N049,EAVT-L3-NO-VERIFICATION-033,nuisance_misc,L0,auxiliary_system,740,760,760,1
EAVT-L3-NO-VERIFICATION-033-N050,EAVT-L3-NO-VERIFICATION-033,nuisance_misc,L0,auxiliary_system,740,760,770,1
EAVT-L3-NO-VERIFICATION-033-N051,EAVT-L3-NO-VERIFICATION-033,nuisance_misc,L0,auxiliary_system,780,800,805,1
EAVT-L3-NO-VERIFICATION-033-N052,EAVT-L3-NO-VERIFICATION-033,nuisance_misc,L0,auxiliary_system,780,800,810,1
EAVT-L3-NO-VERIFICATION-033-N053,EAVT-L3-NO-VERIFICATION-033,nuisance_misc,L0,auxiliary_system,780,800,805,1
EAVT-L3-NO-VERIFICATION-033-N054,EAVT-L3-NO-VERIFICATION-033,nuisance_misc,L0,auxiliary_system,785,805,800,1
EAVT-L3-NO-VERIFICATION-033-N055,EAVT-L3-NO-VERIFICATION-033,nuisance_misc,L0,auxiliary_system,785,805,810,1
EAVT-L3-NO-VERIFICATION-033-N056,EAVT-L3-NO-VERIFICATION-033,nuisance_misc,L0,auxiliary_system,790,810,810,1
EAVT-L3-NO-VERIFICATION-033-N057,EAVT-L3-NO-VERIFICATION-033,nuisance_misc,L0,auxiliary_system,800,820,820,1
EAVT-L3-NO-VERIFICATION-033-N058,EAVT-L3-NO-VERIFICATION-033,nuisance_misc,L0,auxiliary_system,805,825,825,1
EAVT-L3-NO-VERIFICATION-033-N059,EAVT-L3-NO-VERIFICATION-033,nuisance_misc,L0,auxiliary_system,830,850,855,1
EAVT-L3-NO-VERIFICATION-033-N060,EAVT-L3-NO-VERIFICATION-033,nuisance_misc,L0,auxiliary_system,835,855,855,1
EAVT-L3-NO-VERIFICATION-033-N061,EAVT-L3-NO-VERIFICATION-033,nuisance_misc,L0,auxiliary_system,860,880,890,1
EAVT-L3-NO-VERIFICATION-033-N062,EAVT-L3-NO-VERIFICATION-033,nuisance_misc,L0,auxiliary_system,865,885,895,1
EAVT-L3-NO-VERIFICATION-033-N063,EAVT-L3-NO-VERIFICATION-033,nuisance_misc,L0,auxiliary_system,870,890,900,1
EAVT-L3-NO-VERIFICATION-033-N064,EAVT-L3-NO-VERIFICATION-033,nuisance_misc,L0,auxiliary_system,910,930,935,1
EAVT-L3-NO-VERIFICATION-033-N065,EAVT-L3-NO-VERIFICATION-033,nuisance_misc,L0,auxiliary_system,935,955,960,1
EAVT-L3-NO-VERIFICATION-033-N066,EAVT-L3-NO-VERIFICATION-033,nuisance_misc,L0,auxiliary_system,965,985,980,1
EAVT-L3-NO-VERIFICATION-033-N067,EAVT-L3-NO-VERIFICATION-033,nuisance_misc,L0,auxiliary_system,970,990,995,1
EAVT-L3-NO-VERIFICATION-033-N068,EAVT-L3-NO-VERIFICATION-033,nuisance_misc,L0,auxiliary_system,980,1000,995,1
EAVT-L3-NO-VERIFICATION-033-N069,EAVT-L3-NO-VERIFICATION-033,nuisance_misc,L0,auxiliary_system,1000,1020,1030,1
EAVT-L3-NO-VERIFICATION-033-N070,EAVT-L3-NO-VERIFICATION-033,nuisance_misc,L0,auxiliary_system,1030,1050,1060,1
EAVT-L3-NO-VERIFICATION-033-N071,EAVT-L3-NO-VERIFICATION-033,nuisance_misc,L0,auxiliary_system,1035,1055,1055,1
EAVT-L3-NO-VERIFICATION-033-N072,EAVT-L3-NO-VERIFICATION-033,nuisance_misc,L0,auxiliary_system,1040,1060,1065,1
EAVT-L3-NO-VERIFICATION-033-N073,EAVT-L3-NO-VERIFICATION-033,nuisance_misc,L0,auxiliary_system,1055,1075,1080,1
EAVT-L3-NO-VERIFICATION-033-N074,EAVT-L3-NO-VERIFICATION-033,nuisance_misc,L0,auxiliary_system,1060,1080,1080,1
EAVT-L3-NO-VERIFICATION-033-N075,EAVT-L3-NO-VERIFICATION-033,nuisance_misc,L0,auxiliary_system,1085,1105,1105,1
EAVT-L3-NO-VERIFICATION-033-N076,EAVT-L3-NO-VERIFICATION-033,nuisance_misc,L0,auxiliary_system,1085,1105,1100,1
EAVT-L3-NO-VERIFICATION-033-N077,EAVT-L3-NO-VERIFICATION-033,nuisance_misc,L0,auxiliary_system,1090,1110,1110,1
EAVT-L3-NO-VERIFICATION-033-N078,EAVT-L3-NO-VERIFICATION-033,nuisance_misc,L0,auxiliary_system,1105,1125,1130,1
EAVT-L3-NO-VERIFICATION-033-N079,EAVT-L3-NO-VERIFICATION-033,nuisance_misc,L0,auxiliary_system,1110,1130,1140,1
EAVT-L3-NO-VERIFICATION-033-N080,EAVT-L3-NO-VERIFICATION-033,nuisance_misc,L0,auxiliary_system,1130,1150,1145,1
EAVT-L3-NO-VERIFICATION-033-N081,EAVT-L3-NO-VERIFICATION-033,nuisance_misc,L0,auxiliary_system,1135,1155,1165,1
EAVT-L3-NO-VERIFICATION-033-N082,EAVT-L3-NO-VERIFICATION-033,nuisance_misc,L0,auxiliary_system,1135,1155,1165,1
EAVT-L3-NO-VERIFICATION-033-N083,EAVT-L3-NO-VERIFICATION-033,nuisance_misc,L0,auxiliary_system,1145,1165,1160,1
EAVT-L3-NO-VERIFICATION-033-N084,EAVT-L3-NO-VERIFICATION-033,nuisance_misc,L0,auxiliary_system,1155,1175,1180,1
EAVT-L3-NO-VERIFICATION-033-N085,EAVT-L3-NO-VERIFICATION-033,nuisance_misc,L0,auxiliary_system,1160,1180,1175,1
EAVT-L3-NO-VERIFICATION-033-N086,EAVT-L3-NO-VERIFICATION-033,nuisance_misc,L0,auxiliary_system,1165,1185,1190,1
EAVT-L3-NO-VERIFICATION-033-N087,EAVT-L3-NO-VERIFICATION-033,nuisance_misc,L0,auxiliary_system,1180,1200,1195,1
EAVT-L3-NO-VERIFICATION-033-N088,EAVT-L3-NO-VERIFICATION-033,nuisance_misc,L0,auxiliary_system,1195,1215,1225,1
EAVT-L3-NO-VERIFICATION-033-N089,EAVT-L3-NO-VERIFICATION-033,nuisance_misc,L0,auxiliary_system,1205,1225,1230,1
EAVT-L3-NO-VERIFICATION-033-N090,EAVT-L3-NO-VERIFICATION-033,nuisance_misc,L0,auxiliary_system,1210,1230,1235,1
EAVT-L3-NO-VERIFICATION-033-N091,EAVT-L3-NO-VERIFICATION-033,nuisance_misc,L0,auxiliary_system,1215,1235,1235,1
EAVT-L3-NO-VERIFICATION-033-N092,EAVT-L3-NO-VERIFICATION-033,nuisance_misc,L0,auxiliary_system,1225,1245,1255,1
EAVT-L3-NO-VERIFICATION-033-N093,EAVT-L3-NO-VERIFICATION-033,nuisance_misc,L0,auxiliary_system,1230,1250,1250,1
EAVT-L3-NO-VERIFICATION-033-N094,EAVT-L3-NO-VERIFICATION-033,nuisance_misc,L0,auxiliary_system,1255,1275,1275,1
EAVT-L3-NO-VERIFICATION-033-N095,EAVT-L3-NO-VERIFICATION-033,nuisance_misc,L0,auxiliary_system,1290,1310,1320,1
EAVT-L3-NO-VERIFICATION-033-N096,EAVT-L3-NO-VERIFICATION-033,nuisance_misc,L0,auxiliary_system,1315,1335,1330,1
EAVT-L3-NO-VERIFICATION-033-N097,EAVT-L3-NO-VERIFICATION-033,nuisance_misc,L0,auxiliary_system,1330,1350,1345,1
EAVT-L3-NO-VERIFICATION-033-N098,EAVT-L3-NO-VERIFICATION-033,nuisance_misc,L0,auxiliary_system,1330,1350,1360,1
EAVT-L3-NO-VERIFICATION-033-N099,EAVT-L3-NO-VERIFICATION-033,nuisance_misc,L0,auxiliary_system,1350,1370,1365,1
EAVT-L3-NO-VERIFICATION-033-N100,EAVT-L3-NO-VERIFICATION-033,nuisance_misc,L0,auxiliary_system,1355,1375,1385,1
EAVT-L3-NO-VERIFICATION-033-N101,EAVT-L3-NO-VERIFICATION-033,nuisance_misc,L0,auxiliary_system,1365,1385,1395,1
EAVT-L3-NO-VERIFICATION-033-N102,EAVT-L3-NO-VERIFICATION-033,nuisance_misc,L0,auxiliary_system,1370,1390,1385,1
EAVT-L3-NO-VERIFICATION-033-N103,EAVT-L3-NO-VERIFICATION-033,nuisance_misc,L0,auxiliary_system,1380,1400,1410,1
EAVT-L3-NO-VERIFICATION-033-N104,EAVT-L3-NO-VERIFICATION-033,nuisance_misc,L0,auxiliary_system,1390,1410,1420,1
EAVT-L3-NO-VERIFICATION-033-N105,EAVT-L3-NO-VERIFICATION-033,nuisance_misc,L0,auxiliary_system,1405,1425,1425,1
EAVT-L3-NO-VERIFICATION-033-N106,EAVT-L3-NO-VERIFICATION-033,nuisance_misc,L0,auxiliary_system,1415,1435,1430,1
EAVT-L3-NO-VERIFICATION-033-N107,EAVT-L3-NO-VERIFICATION-033,nuisance_misc,L0,auxiliary_system,1425,1445,1450,1
EAVT-L3-NO-VERIFICATION-033-N108,EAVT-L3-NO-VERIFICATION-033,nuisance_misc,L0,auxiliary_system,1435,1455,1460,1
EAVT-L3-NO-VERIFICATION-033-N109,EAVT-L3-NO-VERIFICATION-033,nuisance_misc,L0,auxiliary_system,1475,1495,1505,1
EAVT-L3-NO-VERIFICATION-033-N110,EAVT-L3-NO-VERIFICATION-033,nuisance_misc,L0,auxiliary_system,1500,1520,1525,1
EAVT-L3-NO-VERIFICATION-033-N111,EAVT-L3-NO-VERIFICATION-033,nuisance_misc,L0,auxiliary_system,1520,1540,1540,1
EAVT-L3-NO-VERIFICATION-033-N112,EAVT-L3-NO-VERIFICATION-033,nuisance_misc,L0,auxiliary_system,1530,1550,1555,1
EAVT-L3-NO-VERIFICATION-033-N113,EAVT-L3-NO-VERIFICATION-033,nuisance_misc,L0,auxiliary_system,1570,1590,1585,1
EAVT-L3-NO-VERIFICATION-033-N114,EAVT-L3-NO-VERIFICATION-033,nuisance_misc,L0,auxiliary_system,1585,1605,1605,1
EAVT-L3-NO-VERIFICATION-033-N115,EAVT-L3-NO-VERIFICATION-033,nuisance_misc,L0,auxiliary_system,1595,1615,1625,1
EAVT-L3-NO-VERIFICATION-033-N116,EAVT-L3-NO-VERIFICATION-033,nuisance_misc,L0,auxiliary_system,1605,1625,1620,1
EAVT-L3-NO-VERIFICATION-033-N117,EAVT-L3-NO-VERIFICATION-033,nuisance_misc,L0,auxiliary_system,1615,1635,1630,1
EAVT-L3-NO-VERIFICATION-033-N118,EAVT-L3-NO-VERIFICATION-033,nuisance_misc,L0,auxiliary_system,1660,1680,1675,1
EAVT-L3-NO-VERIFICATION-033-N119,EAVT-L3-NO-VERIFICATION-033,nuisance_misc,L0,auxiliary_system,1690,1710,1705,1
EAVT-L3-NO-VERIFICATION-033-N120,EAVT-L3-NO-VERIFICATION-033,nuisance_misc,L0,auxiliary_system,1720,1740,1735,1
EAVT-L3-NO-VERIFICATION-033-N121,EAVT-L3-NO-VERIFICATION-033,nuisance_misc,L0,auxiliary_system,1725,1745,1745,1
EAVT-L3-NO-VERIFICATION-033-N122,EAVT-L3-NO-VERIFICATION-033,nuisance_misc,L0,auxiliary_system,1730,1750,1755,1
EAVT-L3-NO-VERIFICATION-033-N123,EAVT-L3-NO-VERIFICATION-033,nuisance_misc,L0,auxiliary_system,1745,1765,1770,1
EAVT-L3-NO-VERIFICATION-033-N124,EAVT-L3-NO-VERIFICATION-033,nuisance_misc,L0,auxiliary_system,1745,1765,1775,1
EAVT-L3-NO-VERIFICATION-033-N125,EAVT-L3-NO-VERIFICATION-033,nuisance_misc,L0,auxiliary_system,1745,1765,1760,1
EAVT-L3-NO-VERIFICATION-033-N126,EAVT-L3-NO-VERIFICATION-033,nuisance_misc,L0,auxiliary_system,1755,1775,1770,1
EAVT-L3-NO-VERIFICATION-033-N127,EAVT-L3-NO-VERIFICATION-033,nuisance_misc,L0,auxiliary_system,1760,1780,1780,1
EAVT-L3-NO-VERIFICATION-033-N128,EAVT-L3-NO-VERIFICATION-033,nuisance_misc,L0,auxiliary_system,1770,1790,1790,1
EAVT-L3-NO-VERIFICATION-033-N129,EAVT-L3-NO-VERIFICATION-033,nuisance_misc,L0,auxiliary_system,1795,1815,1815,1
EAVT-L3-NO-VERIFICATION-033-N130,EAVT-L3-NO-VERIFICATION-033,nuisance_misc,L0,auxiliary_system,1795,1815,1820,1
EAVT-L3-NO-VERIFICATION-033-N131,EAVT-L3-NO-VERIFICATION-033,nuisance_misc,L0,auxiliary_system,1795,1815,1815,1
EAVT-L3-NO-VERIFICATION-033-N132,EAVT-L3-NO-VERIFICATION-033,nuisance_misc,L0,auxiliary_system,1810,1830,1840,1
EAVT-L3-NO-VERIFICATION-033-N133,EAVT-L3-NO-VERIFICATION-033,nuisance_misc,L0,auxiliary_system,1845,1865,1870,1
EAVT-L3-NO-VERIFICATION-033-N134,EAVT-L3-NO-VERIFICATION-033,nuisance_misc,L0,auxiliary_system,1865,1885,1885,1
EAVT-L3-NO-VERIFICATION-033-N135,EAVT-L3-NO-VERIFICATION-033,nuisance_misc,L0,auxiliary_system,1870,1890,1895,1
EAVT-L3-NO-VERIFICATION-033-N136,EAVT-L3-NO-VERIFICATION-033,nuisance_misc,L0,auxiliary_system,1880,1900,1910,1
EAVT-L3-NO-VERIFICATION-033-N137,EAVT-L3-NO-VERIFICATION-033,nuisance_misc,L0,auxiliary_system,1880,1900,1900,1
EAVT-L3-NO-VERIFICATION-033-N138,EAVT-L3-NO-VERIFICATION-033,nuisance_misc,L0,auxiliary_system,1940,1960,1955,1
EAVT-L3-NO-VERIFICATION-033-N139,EAVT-L3-NO-VERIFICATION-033,nuisance_misc,L0,auxiliary_system,1945,1965,1965,1
EAVT-L3-NO-VERIFICATION-033-N140,EAVT-L3-NO-VERIFICATION-033,nuisance_misc,L0,auxiliary_system,1955,1975,1975,1
EAVT-L3-NO-VERIFICATION-033-N141,EAVT-L3-NO-VERIFICATION-033,nuisance_misc,L0,auxiliary_system,1985,2005,2005,1
EAVT-L3-NO-VERIFICATION-033-N142,EAVT-L3-NO-VERIFICATION-033,nuisance_misc,L0,auxiliary_system,1990,2010,2005,1
EAVT-L3-NO-VERIFICATION-033-N143,EAVT-L3-NO-VERIFICATION-033,nuisance_misc,L0,auxiliary_system,2000,2020,2030,1
EAVT-L3-NO-VERIFICATION-033-N144,EAVT-L3-NO-VERIFICATION-033,nuisance_misc,L0,auxiliary_system,2000,2020,2015,1
EAVT-L3-NO-VERIFICATION-033-N145,EAVT-L3-NO-VERIFICATION-033,nuisance_misc,L0,auxiliary_system,2010,2030,2040,1
EAVT-L3-NO-VERIFICATION-033-N146,EAVT-L3-NO-VERIFICATION-033,nuisance_misc,L0,auxiliary_system,2015,2035,2030,1
EAVT-L3-NO-VERIFICATION-033-N147,EAVT-L3-NO-VERIFICATION-033,nuisance_misc,L0,auxiliary_system,2045,2065,2075,1
EAVT-L3-NO-VERIFICATION-033-N148,EAVT-L3-NO-VERIFICATION-033,nuisance_misc,L0,auxiliary_system,2045,2065,2070,1
EAVT-L3-NO-VERIFICATION-033-N149,EAVT-L3-NO-VERIFICATION-033,nuisance_misc,L0,auxiliary_system,2055,2075,2075,1
EAVT-L3-NO-VERIFICATION-033-N150,EAVT-L3-NO-VERIFICATION-033,nuisance_misc,L0,auxiliary_system,2095,2115,2120,1
EAVT-L3-NO-VERIFICATION-033-N151,EAVT-L3-NO-VERIFICATION-033,nuisance_misc,L0,auxiliary_system,2095,2115,2120,1
EAVT-L3-NO-VERIFICATION-033-N152,EAVT-L3-NO-VERIFICATION-033,nuisance_misc,L0,auxiliary_system,2105,2125,2135,1
EAVT-L3-NO-VERIFICATION-033-N153,EAVT-L3-NO-VERIFICATION-033,nuisance_misc,L0,auxiliary_system,2120,2140,2145,1
EAVT-L3-NO-VERIFICATION-033-N154,EAVT-L3-NO-VERIFICATION-033,nuisance_misc,L0,auxiliary_system,2125,2145,2155,1
EAVT-L3-NO-VERIFICATION-033-N155,EAVT-L3-NO-VERIFICATION-033,nuisance_misc,L0,auxiliary_system,2150,2170,2175,1
EAVT-L3-NO-VERIFICATION-033-N156,EAVT-L3-NO-VERIFICATION-033,nuisance_misc,L0,auxiliary_system,2170,2190,2185,1
EAVT-L3-NO-VERIFICATION-033-N157,EAVT-L3-NO-VERIFICATION-033,nuisance_misc,L0,auxiliary_system,2170,2190,2185,1
EAVT-L3-NO-VERIFICATION-033-N158,EAVT-L3-NO-VERIFICATION-033,nuisance_misc,L0,auxiliary_system,2170,2190,2185,1
EAVT-L3-NO-VERIFICATION-033-N159,EAVT-L3-NO-VERIFICATION-033,nuisance_misc,L0,auxiliary_system,2170,2190,2200,1
EAVT-L3-NO-VERIFICATION-033-N160,EAVT-L3-NO-VERIFICATION-033,nuisance_misc,L0,auxiliary_system,2205,2225,2225,1
EAVT-L3-NO-VERIFICATION-033-N161,EAVT-L3-NO-VERIFICATION-033,nuisance_misc,L0,auxiliary_system,2215,2235,2235,1
EAVT-L3-NO-VERIFICATION-033-N162,EAVT-L3-NO-VERIFICATION-033,nuisance_misc,L0,auxiliary_system,2240,2260,2270,1
EAVT-L3-NO-VERIFICATION-033-N163,EAVT-L3-NO-VERIFICATION-033,nuisance_misc,L0,auxiliary_system,2270,2290,2285,1
EAVT-L3-NO-VERIFICATION-033-N164,EAVT-L3-NO-VERIFICATION-033,nuisance_misc,L0,auxiliary_system,2275,2295,2290,1
EAVT-L3-NO-VERIFICATION-033-N165,EAVT-L3-NO-VERIFICATION-033,nuisance_misc,L0,auxiliary_system,2290,2310,2310,1
EAVT-L3-NO-VERIFICATION-033-N166,EAVT-L3-NO-VERIFICATION-033,nuisance_misc,L0,auxiliary_system,2295,2315,2315,1
EAVT-L3-NO-VERIFICATION-033-N167,EAVT-L3-NO-VERIFICATION-033,nuisance_misc,L0,auxiliary_system,2340,2360,2365,1
EAVT-L3-NO-VERIFICATION-033-N168,EAVT-L3-NO-VERIFICATION-033,nuisance_misc,L0,auxiliary_system,2350,2370,2370,1
EAVT-L3-NO-VERIFICATION-033-N169,EAVT-L3-NO-VERIFICATION-033,nuisance_misc,L0,auxiliary_system,2385,2405,2415,1
EAVT-L3-NO-VERIFICATION-033-N170,EAVT-L3-NO-VERIFICATION-033,nuisance_misc,L0,auxiliary_system,2395,2415,2425,1
EAVT-L3-NO-VERIFICATION-033-N171,EAVT-L3-NO-VERIFICATION-033,nuisance_misc,L0,auxiliary_system,2400,2420,2420,1
EAVT-L3-NO-VERIFICATION-033-N172,EAVT-L3-NO-VERIFICATION-033,nuisance_misc,L0,auxiliary_system,2440,2460,2455,1
EAVT-L3-NO-VERIFICATION-033-N173,EAVT-L3-NO-VERIFICATION-033,nuisance_misc,L0,auxiliary_system,2445,2465,2460,1
EAVT-L3-NO-VERIFICATION-033-N174,EAVT-L3-NO-VERIFICATION-033,nuisance_misc,L0,auxiliary_system,2465,2485,2480,1
EAVT-L3-NO-VERIFICATION-033-N175,EAVT-L3-NO-VERIFICATION-033,nuisance_misc,L0,auxiliary_system,2495,2515,2515,1
EAVT-L3-NO-VERIFICATION-033-N176,EAVT-L3-NO-VERIFICATION-033,nuisance_misc,L0,auxiliary_system,2500,2520,2515,1
EAVT-L3-NO-VERIFICATION-033-N177,EAVT-L3-NO-VERIFICATION-033,nuisance_misc,L0,auxiliary_system,2505,2525,2520,1
EAVT-L3-NO-VERIFICATION-033-N178,EAVT-L3-NO-VERIFICATION-033,nuisance_misc,L0,auxiliary_system,2525,2545,2540,1
EAVT-L3-NO-VERIFICATION-033-N179,EAVT-L3-NO-VERIFICATION-033,nuisance_misc,L0,auxiliary_system,2555,2575,2580,1
EAVT-L3-NO-VERIFICATION-033-N180,EAVT-L3-NO-VERIFICATION-033,nuisance_misc,L0,auxiliary_system,2560,2580,2580,1
EAVT-L3-NO-VERIFICATION-033-N181,EAVT-L3-NO-VERIFICATION-033,nuisance_misc,L0,auxiliary_system,2590,2610,2605,1
EAVT-L3-NO-VERIFICATION-033-N182,EAVT-L3-NO-VERIFICATION-033,nuisance_misc,L0,auxiliary_system,2590,2610,2610,1
EAVT-L3-NO-VERIFICATION-033-N183,EAVT-L3-NO-VERIFICATION-033,nuisance_misc,L0,auxiliary_system,2600,2620,2625,1
EAVT-L3-NO-VERIFICATION-033-N184,EAVT-L3-NO-VERIFICATION-033,nuisance_misc,L0,auxiliary_system,2605,2625,2635,1
EAVT-L3-NO-VERIFICATION-033-N185,EAVT-L3-NO-VERIFICATION-033,nuisance_misc,L0,auxiliary_system,2660,2680,2680,1
EAVT-L3-NO-VERIFICATION-033-N186,EAVT-L3-NO-VERIFICATION-033,nuisance_misc,L0,auxiliary_system,2670,2690,2700,1
EAVT-L3-NO-VERIFICATION-033-N187,EAVT-L3-NO-VERIFICATION-033,nuisance_misc,L0,auxiliary_system,2675,2695,2705,1
EAVT-L3-NO-VERIFICATION-033-N188,EAVT-L3-NO-VERIFICATION-033,nuisance_misc,L0,auxiliary_system,2685,2705,2715,1
EAVT-L3-NO-VERIFICATION-033-N189,EAVT-L3-NO-VERIFICATION-033,nuisance_misc,L0,auxiliary_system,2690,2710,2705,1
EAVT-L3-NO-VERIFICATION-033-N190,EAVT-L3-NO-VERIFICATION-033,nuisance_misc,L0,auxiliary_system,2695,2715,2725,1
EAVT-L3-NO-VERIFICATION-033-N191,EAVT-L3-NO-VERIFICATION-033,nuisance_misc,L0,auxiliary_system,2710,2730,2735,1
EAVT-L3-NO-VERIFICATION-033-N192,EAVT-L3-NO-VERIFICATION-033,nuisance_misc,L0,auxiliary_system,2710,2730,2735,1
EAVT-L3-NO-VERIFICATION-033-N193,EAVT-L3-NO-VERIFICATION-033,nuisance_misc,L0,auxiliary_system,2725,2745,2755,1
EAVT-L3-NO-VERIFICATION-033-N194,EAVT-L3-NO-VERIFICATION-033,nuisance_misc,L0,auxiliary_system,2725,2745,2755,1
EAVT-L3-NO-VERIFICATION-033-N195,EAVT-L3-NO-VERIFICATION-033,nuisance_misc,L0,auxiliary_system,2740,2760,2765,1
EAVT-L3-NO-VERIFICATION-033-N196,EAVT-L3-NO-VERIFICATION-033,nuisance_misc,L0,auxiliary_system,2750,2770,2780,1
EAVT-L3-NO-VERIFICATION-033-N197,EAVT-L3-NO-VERIFICATION-033,nuisance_misc,L0,auxiliary_system,2760,2780,2785,1
EAVT-L3-NO-VERIFICATION-033-N198,EAVT-L3-NO-VERIFICATION-033,nuisance_misc,L0,auxiliary_system,2770,2790,2785,1
EAVT-L3-NO-VERIFICATION-033-N199,EAVT-L3-NO-VERIFICATION-033,nuisance_misc,L0,auxiliary_system,2790,2810,2820,1
EAVT-L3-NO-VERIFICATION-033-N200,EAVT-L3-NO-VERIFICATION-033,nuisance_misc,L0,auxiliary_system,2800,2820,2825,1
EAVT-L3-NO-VERIFICATION-033-N201,EAVT-L3-NO-VERIFICATION-033,nuisance_misc,L0,auxiliary_system,2810,2830,2835,1
EAVT-L3-NO-VERIFICATION-033-N202,EAVT-L3-NO-VERIFICATION-033,nuisance_misc,L0,auxiliary_system,2840,2860,2855,1
EAVT-L3-NO-VERIFICATION-033-N203,EAVT-L3-NO-VERIFICATION-033,nuisance_misc,L0,auxiliary_system,2875,2895,2890,1
EAVT-L3-NO-VERIFICATION-033-N204,EAVT-L3-NO-VERIFICATION-033,nuisance_misc,L0,auxiliary_system,2905,2925,2935,1
EAVT-L3-NO-VERIFICATION-033-N205,EAVT-L3-NO-VERIFICATION-033,nuisance_misc,L0,auxiliary_system,2925,2945,2945,1
EAVT-L3-NO-VERIFICATION-033-N206,EAVT-L3-NO-VERIFICATION-033,nuisance_misc,L0,auxiliary_system,2930,2950,2945,1
EAVT-L3-NO-VERIFICATION-033-N207,EAVT-L3-NO-VERIFICATION-033,nuisance_misc,L0,auxiliary_system,2935,2955,2950,1
EAVT-L3-NO-VERIFICATION-033-N208,EAVT-L3-NO-VERIFICATION-033,nuisance_misc,L0,auxiliary_system,2955,2975,2975,1
EAVT-L3-NO-VERIFICATION-033-N209,EAVT-L3-NO-VERIFICATION-033,nuisance_misc,L0,auxiliary_system,2965,2985,2995,1
EAVT-L3-NO-VERIFICATION-033-N210,EAVT-L3-NO-VERIFICATION-033,nuisance_misc,L0,auxiliary_system,2970,2990,2995,1
EAVT-L3-NO-VERIFICATION-033-N211,EAVT-L3-NO-VERIFICATION-033,nuisance_misc,L0,auxiliary_system,2990,3010,3010,1
EAVT-L3-NO-VERIFICATION-033-N212,EAVT-L3-NO-VERIFICATION-033,nuisance_misc,L0,auxiliary_system,2990,3010,3010,1
EAVT-L3-NO-VERIFICATION-033-N213,EAVT-L3-NO-VERIFICATION-033,nuisance_misc,L0,auxiliary_system,3000,3020,3025,1
EAVT-L3-NO-VERIFICATION-033-N214,EAVT-L3-NO-VERIFICATION-033,nuisance_misc,L0,auxiliary_system,3005,3025,3025,1
EAVT-L3-NO-VERIFICATION-033-N215,EAVT-L3-NO-VERIFICATION-033,nuisance_misc,L0,auxiliary_system,3005,3025,3025,1
EAVT-L3-NO-VERIFICATION-033-N216,EAVT-L3-NO-VERIFICATION-033,nuisance_misc,L0,auxiliary_system,3020,3040,3035,1
EAVT-L3-NO-VERIFICATION-033-N217,EAVT-L3-NO-VERIFICATION-033,nuisance_misc,L0,auxiliary_system,3045,3065,3065,1
EAVT-L3-NO-VERIFICATION-033-N218,EAVT-L3-NO-VERIFICATION-033,nuisance_misc,L0,auxiliary_system,3045,3065,3060,1
EAVT-L3-NO-VERIFICATION-033-N219,EAVT-L3-NO-VERIFICATION-033,nuisance_misc,L0,auxiliary_system,3045,3065,3070,1
EAVT-L3-NO-VERIFICATION-033-N220,EAVT-L3-NO-VERIFICATION-033,nuisance_misc,L0,auxiliary_system,3050,3070,3070,1
EAVT-L3-NO-VERIFICATION-033-N221,EAVT-L3-NO-VERIFICATION-033,nuisance_misc,L0,auxiliary_system,3075,3095,3100,1
EAVT-L3-NO-VERIFICATION-033-N222,EAVT-L3-NO-VERIFICATION-033,nuisance_misc,L0,auxiliary_system,3080,3100,3110,1
EAVT-L3-NO-VERIFICATION-033-N223,EAVT-L3-NO-VERIFICATION-033,nuisance_misc,L0,auxiliary_system,3090,3110,3115,1
EAVT-L3-NO-VERIFICATION-033-N224,EAVT-L3-NO-VERIFICATION-033,nuisance_misc,L0,auxiliary_system,3100,3120,3130,1
EAVT-L3-NO-VERIFICATION-033-N225,EAVT-L3-NO-VERIFICATION-033,nuisance_misc,L0,auxiliary_system,3130,3150,3150,1
EAVT-L3-NO-VERIFICATION-033-N226,EAVT-L3-NO-VERIFICATION-033,nuisance_misc,L0,auxiliary_system,3140,3160,3165,1
EAVT-L3-NO-VERIFICATION-033-N227,EAVT-L3-NO-VERIFICATION-033,nuisance_misc,L0,auxiliary_system,3140,3160,3165,1
EAVT-L3-NO-VERIFICATION-033-N228,EAVT-L3-NO-VERIFICATION-033,nuisance_misc,L0,auxiliary_system,3145,3165,3165,1
EAVT-L3-NO-VERIFICATION-033-N229,EAVT-L3-NO-VERIFICATION-033,nuisance_misc,L0,auxiliary_system,3150,3170,3165,1
EAVT-L3-NO-VERIFICATION-033-N230,EAVT-L3-NO-VERIFICATION-033,nuisance_misc,L0,auxiliary_system,3170,3190,3185,1
EAVT-L3-NO-VERIFICATION-033-N231,EAVT-L3-NO-VERIFICATION-033,nuisance_misc,L0,auxiliary_system,3170,3190,3185,1
EAVT-L3-NO-VERIFICATION-033-N232,EAVT-L3-NO-VERIFICATION-033,nuisance_misc,L0,auxiliary_system,3180,3200,3200,1
EAVT-L3-NO-VERIFICATION-033-N233,EAVT-L3-NO-VERIFICATION-033,nuisance_misc,L0,auxiliary_system,3180,3200,3210,1
EAVT-L3-NO-VERIFICATION-033-N234,EAVT-L3-NO-VERIFICATION-033,nuisance_misc,L0,auxiliary_system,3195,3215,3225,1
EAVT-L3-NO-VERIFICATION-033-N235,EAVT-L3-NO-VERIFICATION-033,nuisance_misc,L0,auxiliary_system,3195,3215,3225,1
EAVT-L3-NO-VERIFICATION-033-N236,EAVT-L3-NO-VERIFICATION-033,nuisance_misc,L0,auxiliary_system,3210,3230,3230,1
EAVT-L3-NO-VERIFICATION-033-N237,EAVT-L3-NO-VERIFICATION-033,nuisance_misc,L0,auxiliary_system,3220,3240,3250,1
EAVT-L3-NO-VERIFICATION-033-N238,EAVT-L3-NO-VERIFICATION-033,nuisance_misc,L0,auxiliary_system,3225,3245,3245,1
EAVT-L3-NO-VERIFICATION-033-N239,EAVT-L3-NO-VERIFICATION-033,nuisance_misc,L0,auxiliary_system,3250,3270,3280,1
EAVT-L3-NO-VERIFICATION-033-N240,EAVT-L3-NO-VERIFICATION-033,nuisance_misc,L0,auxiliary_system,3250,3270,3280,1
EAVT-L3-NO-VERIFICATION-033-N241,EAVT-L3-NO-VERIFICATION-033,nuisance_misc,L0,auxiliary_system,3255,3275,3280,1
EAVT-L3-NO-VERIFICATION-033-N242,EAVT-L3-NO-VERIFICATION-033,nuisance_misc,L0,auxiliary_system,3260,3280,3275,1
EAVT-L3-NO-VERIFICATION-033-N243,EAVT-L3-NO-VERIFICATION-033,nuisance_misc,L0,auxiliary_system,3265,3285,3280,1
EAVT-L3-NO-VERIFICATION-033-N244,EAVT-L3-NO-VERIFICATION-033,nuisance_misc,L0,auxiliary_system,3285,3305,3315,1
EAVT-L3-NO-VERIFICATION-033-N245,EAVT-L3-NO-VERIFICATION-033,nuisance_misc,L0,auxiliary_system,3285,3305,3315,1
EAVT-L3-NO-VERIFICATION-033-N246,EAVT-L3-NO-VERIFICATION-033,nuisance_misc,L0,auxiliary_system,3310,3330,3340,1
EAVT-L3-NO-VERIFICATION-033-N247,EAVT-L3-NO-VERIFICATION-033,nuisance_misc,L0,auxiliary_system,3315,3335,3340,1
EAVT-L3-NO-VERIFICATION-033-N248,EAVT-L3-NO-VERIFICATION-033,nuisance_misc,L0,auxiliary_system,3340,3360,3365,1
EAVT-L3-NO-VERIFICATION-033-N249,EAVT-L3-NO-VERIFICATION-033,nuisance_misc,L0,auxiliary_system,3385,3405,3415,1
EAVT-L3-NO-VERIFICATION-033-N250,EAVT-L3-NO-VERIFICATION-033,nuisance_misc,L0,auxiliary_system,3405,3425,3425,1
EAVT-L3-NO-VERIFICATION-033-N251,EAVT-L3-NO-VERIFICATION-033,nuisance_misc,L0,auxiliary_system,3435,3455,3465,1
EAVT-L3-NO-VERIFICATION-033-N252,EAVT-L3-NO-VERIFICATION-033,nuisance_misc,L0,auxiliary_system,3450,3470,3470,1
EAVT-L3-NO-VERIFICATION-033-N253,EAVT-L3-NO-VERIFICATION-033,nuisance_misc,L0,auxiliary_system,3505,3525,3520,1
EAVT-L3-NO-VERIFICATION-033-N254,EAVT-L3-NO-VERIFICATION-033,nuisance_misc,L0,auxiliary_system,3505,3525,3525,1
EAVT-L3-NO-VERIFICATION-033-N255,EAVT-L3-NO-VERIFICATION-033,nuisance_misc,L0,auxiliary_system,3515,3535,3545,1
EAVT-L3-NO-VERIFICATION-033-N256,EAVT-L3-NO-VERIFICATION-033,nuisance_misc,L0,auxiliary_system,3515,3535,3530,1
EAVT-L3-NO-VERIFICATION-033-N257,EAVT-L3-NO-VERIFICATION-033,nuisance_misc,L0,auxiliary_system,3525,3545,3545,1
EAVT-L3-NO-VERIFICATION-033-N258,EAVT-L3-NO-VERIFICATION-033,nuisance_misc,L0,auxiliary_system,3525,3545,3545,1
EAVT-L3-NO-VERIFICATION-033-N259,EAVT-L3-NO-VERIFICATION-033,nuisance_misc,L0,auxiliary_system,3535,3555,3565,1
EAVT-L3-NO-VERIFICATION-033-N260,EAVT-L3-NO-VERIFICATION-033,nuisance_misc,L0,auxiliary_system,3535,3555,3550,1
EAVT-L3-NO-VERIFICATION-033-N261,EAVT-L3-NO-VERIFICATION-033,nuisance_misc,L0,auxiliary_system,3540,3560,3560,1
EAVT-L3-NO-VERIFICATION-033-N262,EAVT-L3-NO-VERIFICATION-033,nuisance_misc,L0,auxiliary_system,3550,3570,3570,1
EAVT-L3-NO-VERIFICATION-033-N263,EAVT-L3-NO-VERIFICATION-033,nuisance_misc,L0,auxiliary_system,3630,3650,3660,1
EAVT-L3-NO-VERIFICATION-033-N264,EAVT-L3-NO-VERIFICATION-033,nuisance_misc,L0,auxiliary_system,3635,3655,3660,1
EAVT-L3-NO-VERIFICATION-033-N265,EAVT-L3-NO-VERIFICATION-033,nuisance_misc,L0,auxiliary_system,3635,3655,3665,1
EAVT-L3-NO-VERIFICATION-033-N266,EAVT-L3-NO-VERIFICATION-033,nuisance_misc,L0,auxiliary_system,3635,3655,3655,1
EAVT-L3-NO-VERIFICATION-033-N267,EAVT-L3-NO-VERIFICATION-033,nuisance_misc,L0,auxiliary_system,3645,3665,3675,1
EAVT-L3-NO-VERIFICATION-033-N268,EAVT-L3-NO-VERIFICATION-033,nuisance_misc,L0,auxiliary_system,3645,3665,3665,1
EAVT-L3-NO-VERIFICATION-033-N269,EAVT-L3-NO-VERIFICATION-033,nuisance_misc,L0,auxiliary_system,3655,3675,3670,1
EAVT-L3-NO-VERIFICATION-033-N270,EAVT-L3-NO-VERIFICATION-033,nuisance_misc,L0,auxiliary_system,3670,3690,3690,1
EAVT-L3-NO-VERIFICATION-033-N271,EAVT-L3-NO-VERIFICATION-033,nuisance_misc,L0,auxiliary_system,3755,3775,3785,1
EAVT-L3-NO-VERIFICATION-033-N272,EAVT-L3-NO-VERIFICATION-033,nuisance_misc,L0,auxiliary_system,3760,3780,3780,1
EAVT-L3-NO-VERIFICATION-033-N273,EAVT-L3-NO-VERIFICATION-033,nuisance_misc,L0,auxiliary_system,3770,3790,3800,1
EAVT-L3-NO-VERIFICATION-033-N274,EAVT-L3-NO-VERIFICATION-033,nuisance_misc,L0,auxiliary_system,3795,3815,3825,1
EAVT-L3-NO-VERIFICATION-033-N275,EAVT-L3-NO-VERIFICATION-033,nuisance_misc,L0,auxiliary_system,3800,3820,3815,1
EAVT-L3-NO-VERIFICATION-033-N276,EAVT-L3-NO-VERIFICATION-033,nuisance_misc,L0,auxiliary_system,3815,3835,3840,1
EAVT-L3-NO-VERIFICATION-033-N277,EAVT-L3-NO-VERIFICATION-033,nuisance_misc,L0,auxiliary_system,3825,3845,3855,1
EAVT-L3-NO-VERIFICATION-033-N278,EAVT-L3-NO-VERIFICATION-033,nuisance_misc,L0,auxiliary_system,3835,3855,3850,1
EAVT-L3-NO-VERIFICATION-033-N279,EAVT-L3-NO-VERIFICATION-033,nuisance_misc,L0,auxiliary_system,3865,3885,3895,1
EAVT-L3-NO-VERIFICATION-033-N280,EAVT-L3-NO-VERIFICATION-033,nuisance_misc,L0,auxiliary_system,3865,3885,3895,1
EAVT-L3-NO-VERIFICATION-033-N281,EAVT-L3-NO-VERIFICATION-033,nuisance_misc,L0,auxiliary_system,3895,3915,3900,1
EAVT-L3-NO-VERIFICATION-033-N282,EAVT-L3-NO-VERIFICATION-033,nuisance_misc,L0,auxiliary_system,3895,3915,3900,1
EAVT-L3-NO-VERIFICATION-033-N283,EAVT-L3-NO-VERIFICATION-033,nuisance_misc,L0,auxiliary_system,3900,3920,3900,1
EAVT-L3-NO-VERIFICATION-033-S01,EAVT-L3-NO-VERIFICATION-033,flow_deviation_branch,L1,feed_branch_1,3220,3275,3515,0
EAVT-L3-NO-VERIFICATION-033-S02,EAVT-L3-NO-VERIFICATION-033,t11_temperature_deviation,L3,T-1...T-11,3225,3275,3495,0
EAVT-L3-NO-VERIFICATION-033-S03,EAVT-L3-NO-VERIFICATION-033,feed_flow_imbalance,L2,feed_system,3235,3275,3480,0
EAVT-L3-NO-VERIFICATION-033-S04,EAVT-L3-NO-VERIFICATION-033,elou_load_imbalance,L4,ELOU,3275,3290,3405,0
EAVT-L3-NO-VERIFICATION-034-N001,EAVT-L3-NO-VERIFICATION-034,nuisance_misc,L0,auxiliary_system,5,25,35,1
EAVT-L3-NO-VERIFICATION-034-N002,EAVT-L3-NO-VERIFICATION-034,nuisance_misc,L0,auxiliary_system,5,25,35,1
EAVT-L3-NO-VERIFICATION-034-N003,EAVT-L3-NO-VERIFICATION-034,nuisance_misc,L0,auxiliary_system,5,25,25,1
EAVT-L3-NO-VERIFICATION-034-N004,EAVT-L3-NO-VERIFICATION-034,nuisance_misc,L0,auxiliary_system,15,35,45,1
EAVT-L3-NO-VERIFICATION-034-N005,EAVT-L3-NO-VERIFICATION-034,nuisance_misc,L0,auxiliary_system,15,35,40,1
EAVT-L3-NO-VERIFICATION-034-N006,EAVT-L3-NO-VERIFICATION-034,nuisance_misc,L0,auxiliary_system,20,40,40,1
EAVT-L3-NO-VERIFICATION-034-N007,EAVT-L3-NO-VERIFICATION-034,nuisance_misc,L0,auxiliary_system,35,55,55,1
EAVT-L3-NO-VERIFICATION-034-N008,EAVT-L3-NO-VERIFICATION-034,nuisance_misc,L0,auxiliary_system,45,65,75,1
EAVT-L3-NO-VERIFICATION-034-N009,EAVT-L3-NO-VERIFICATION-034,nuisance_misc,L0,auxiliary_system,45,65,65,1
EAVT-L3-NO-VERIFICATION-034-N010,EAVT-L3-NO-VERIFICATION-034,nuisance_misc,L0,auxiliary_system,50,70,75,1
EAVT-L3-NO-VERIFICATION-034-N011,EAVT-L3-NO-VERIFICATION-034,nuisance_misc,L0,auxiliary_system,60,80,90,1
EAVT-L3-NO-VERIFICATION-034-N012,EAVT-L3-NO-VERIFICATION-034,nuisance_misc,L0,auxiliary_system,65,85,95,1
EAVT-L3-NO-VERIFICATION-034-N013,EAVT-L3-NO-VERIFICATION-034,nuisance_misc,L0,auxiliary_system,75,95,95,1
EAVT-L3-NO-VERIFICATION-034-N014,EAVT-L3-NO-VERIFICATION-034,nuisance_misc,L0,auxiliary_system,85,105,105,1
EAVT-L3-NO-VERIFICATION-034-N015,EAVT-L3-NO-VERIFICATION-034,nuisance_misc,L0,auxiliary_system,90,110,105,1
EAVT-L3-NO-VERIFICATION-034-N016,EAVT-L3-NO-VERIFICATION-034,nuisance_misc,L0,auxiliary_system,120,140,135,1
EAVT-L3-NO-VERIFICATION-034-N017,EAVT-L3-NO-VERIFICATION-034,nuisance_misc,L0,auxiliary_system,145,165,175,1
EAVT-L3-NO-VERIFICATION-034-N018,EAVT-L3-NO-VERIFICATION-034,nuisance_misc,L0,auxiliary_system,150,170,175,1
EAVT-L3-NO-VERIFICATION-034-N019,EAVT-L3-NO-VERIFICATION-034,nuisance_misc,L0,auxiliary_system,195,215,215,1
EAVT-L3-NO-VERIFICATION-034-N020,EAVT-L3-NO-VERIFICATION-034,nuisance_misc,L0,auxiliary_system,195,215,220,1
EAVT-L3-NO-VERIFICATION-034-N021,EAVT-L3-NO-VERIFICATION-034,nuisance_misc,L0,auxiliary_system,210,230,230,1
EAVT-L3-NO-VERIFICATION-034-N022,EAVT-L3-NO-VERIFICATION-034,nuisance_misc,L0,auxiliary_system,235,255,265,1
EAVT-L3-NO-VERIFICATION-034-N023,EAVT-L3-NO-VERIFICATION-034,nuisance_misc,L0,auxiliary_system,235,255,255,1
EAVT-L3-NO-VERIFICATION-034-N024,EAVT-L3-NO-VERIFICATION-034,nuisance_misc,L0,auxiliary_system,290,310,310,1
EAVT-L3-NO-VERIFICATION-034-N025,EAVT-L3-NO-VERIFICATION-034,nuisance_misc,L0,auxiliary_system,320,340,340,1
EAVT-L3-NO-VERIFICATION-034-N026,EAVT-L3-NO-VERIFICATION-034,nuisance_misc,L0,auxiliary_system,335,355,360,1
EAVT-L3-NO-VERIFICATION-034-N027,EAVT-L3-NO-VERIFICATION-034,nuisance_misc,L0,auxiliary_system,350,370,370,1
EAVT-L3-NO-VERIFICATION-034-N028,EAVT-L3-NO-VERIFICATION-034,nuisance_misc,L0,auxiliary_system,360,380,390,1
EAVT-L3-NO-VERIFICATION-034-N029,EAVT-L3-NO-VERIFICATION-034,nuisance_misc,L0,auxiliary_system,365,385,395,1
EAVT-L3-NO-VERIFICATION-034-N030,EAVT-L3-NO-VERIFICATION-034,nuisance_misc,L0,auxiliary_system,380,400,400,1
EAVT-L3-NO-VERIFICATION-034-N031,EAVT-L3-NO-VERIFICATION-034,nuisance_misc,L0,auxiliary_system,405,425,425,1
EAVT-L3-NO-VERIFICATION-034-N032,EAVT-L3-NO-VERIFICATION-034,nuisance_misc,L0,auxiliary_system,470,490,500,1
EAVT-L3-NO-VERIFICATION-034-N033,EAVT-L3-NO-VERIFICATION-034,nuisance_misc,L0,auxiliary_system,470,490,495,1
EAVT-L3-NO-VERIFICATION-034-N034,EAVT-L3-NO-VERIFICATION-034,nuisance_misc,L0,auxiliary_system,490,510,520,1
EAVT-L3-NO-VERIFICATION-034-N035,EAVT-L3-NO-VERIFICATION-034,nuisance_misc,L0,auxiliary_system,500,520,515,1
EAVT-L3-NO-VERIFICATION-034-N036,EAVT-L3-NO-VERIFICATION-034,nuisance_misc,L0,auxiliary_system,510,530,530,1
EAVT-L3-NO-VERIFICATION-034-N037,EAVT-L3-NO-VERIFICATION-034,nuisance_misc,L0,auxiliary_system,510,530,535,1
EAVT-L3-NO-VERIFICATION-034-N038,EAVT-L3-NO-VERIFICATION-034,nuisance_misc,L0,auxiliary_system,525,545,550,1
EAVT-L3-NO-VERIFICATION-034-N039,EAVT-L3-NO-VERIFICATION-034,nuisance_misc,L0,auxiliary_system,550,570,580,1
EAVT-L3-NO-VERIFICATION-034-N040,EAVT-L3-NO-VERIFICATION-034,nuisance_misc,L0,auxiliary_system,570,590,600,1
EAVT-L3-NO-VERIFICATION-034-N041,EAVT-L3-NO-VERIFICATION-034,nuisance_misc,L0,auxiliary_system,575,595,590,1
EAVT-L3-NO-VERIFICATION-034-N042,EAVT-L3-NO-VERIFICATION-034,nuisance_misc,L0,auxiliary_system,580,600,605,1
EAVT-L3-NO-VERIFICATION-034-N043,EAVT-L3-NO-VERIFICATION-034,nuisance_misc,L0,auxiliary_system,605,625,635,1
EAVT-L3-NO-VERIFICATION-034-N044,EAVT-L3-NO-VERIFICATION-034,nuisance_misc,L0,auxiliary_system,605,625,620,1
EAVT-L3-NO-VERIFICATION-034-N045,EAVT-L3-NO-VERIFICATION-034,nuisance_misc,L0,auxiliary_system,615,635,645,1
EAVT-L3-NO-VERIFICATION-034-N046,EAVT-L3-NO-VERIFICATION-034,nuisance_misc,L0,auxiliary_system,630,650,645,1
EAVT-L3-NO-VERIFICATION-034-N047,EAVT-L3-NO-VERIFICATION-034,nuisance_misc,L0,auxiliary_system,645,665,670,1
EAVT-L3-NO-VERIFICATION-034-N048,EAVT-L3-NO-VERIFICATION-034,nuisance_misc,L0,auxiliary_system,655,675,675,1
EAVT-L3-NO-VERIFICATION-034-N049,EAVT-L3-NO-VERIFICATION-034,nuisance_misc,L0,auxiliary_system,665,685,695,1
EAVT-L3-NO-VERIFICATION-034-N050,EAVT-L3-NO-VERIFICATION-034,nuisance_misc,L0,auxiliary_system,665,685,685,1
EAVT-L3-NO-VERIFICATION-034-N051,EAVT-L3-NO-VERIFICATION-034,nuisance_misc,L0,auxiliary_system,670,690,695,1
EAVT-L3-NO-VERIFICATION-034-N052,EAVT-L3-NO-VERIFICATION-034,nuisance_misc,L0,auxiliary_system,690,710,720,1
EAVT-L3-NO-VERIFICATION-034-N053,EAVT-L3-NO-VERIFICATION-034,nuisance_misc,L0,auxiliary_system,690,710,715,1
EAVT-L3-NO-VERIFICATION-034-N054,EAVT-L3-NO-VERIFICATION-034,nuisance_misc,L0,auxiliary_system,690,710,710,1
EAVT-L3-NO-VERIFICATION-034-N055,EAVT-L3-NO-VERIFICATION-034,nuisance_misc,L0,auxiliary_system,700,720,725,1
EAVT-L3-NO-VERIFICATION-034-N056,EAVT-L3-NO-VERIFICATION-034,nuisance_misc,L0,auxiliary_system,705,725,725,1
EAVT-L3-NO-VERIFICATION-034-N057,EAVT-L3-NO-VERIFICATION-034,nuisance_misc,L0,auxiliary_system,710,730,725,1
EAVT-L3-NO-VERIFICATION-034-N058,EAVT-L3-NO-VERIFICATION-034,nuisance_misc,L0,auxiliary_system,710,730,740,1
EAVT-L3-NO-VERIFICATION-034-N059,EAVT-L3-NO-VERIFICATION-034,nuisance_misc,L0,auxiliary_system,715,735,740,1
EAVT-L3-NO-VERIFICATION-034-N060,EAVT-L3-NO-VERIFICATION-034,nuisance_misc,L0,auxiliary_system,715,735,735,1
EAVT-L3-NO-VERIFICATION-034-N061,EAVT-L3-NO-VERIFICATION-034,nuisance_misc,L0,auxiliary_system,740,760,760,1
EAVT-L3-NO-VERIFICATION-034-N062,EAVT-L3-NO-VERIFICATION-034,nuisance_misc,L0,auxiliary_system,750,770,780,1
EAVT-L3-NO-VERIFICATION-034-N063,EAVT-L3-NO-VERIFICATION-034,nuisance_misc,L0,auxiliary_system,755,775,780,1
EAVT-L3-NO-VERIFICATION-034-N064,EAVT-L3-NO-VERIFICATION-034,nuisance_misc,L0,auxiliary_system,760,780,785,1
EAVT-L3-NO-VERIFICATION-034-N065,EAVT-L3-NO-VERIFICATION-034,nuisance_misc,L0,auxiliary_system,760,780,790,1
EAVT-L3-NO-VERIFICATION-034-N066,EAVT-L3-NO-VERIFICATION-034,nuisance_misc,L0,auxiliary_system,765,785,795,1
EAVT-L3-NO-VERIFICATION-034-N067,EAVT-L3-NO-VERIFICATION-034,nuisance_misc,L0,auxiliary_system,770,790,795,1
EAVT-L3-NO-VERIFICATION-034-N068,EAVT-L3-NO-VERIFICATION-034,nuisance_misc,L0,auxiliary_system,785,805,800,1
EAVT-L3-NO-VERIFICATION-034-N069,EAVT-L3-NO-VERIFICATION-034,nuisance_misc,L0,auxiliary_system,830,850,845,1
EAVT-L3-NO-VERIFICATION-034-N070,EAVT-L3-NO-VERIFICATION-034,nuisance_misc,L0,auxiliary_system,860,880,890,1
EAVT-L3-NO-VERIFICATION-034-N071,EAVT-L3-NO-VERIFICATION-034,nuisance_misc,L0,auxiliary_system,860,880,885,1
EAVT-L3-NO-VERIFICATION-034-N072,EAVT-L3-NO-VERIFICATION-034,nuisance_misc,L0,auxiliary_system,890,910,915,1
EAVT-L3-NO-VERIFICATION-034-N073,EAVT-L3-NO-VERIFICATION-034,nuisance_misc,L0,auxiliary_system,900,920,930,1
EAVT-L3-NO-VERIFICATION-034-N074,EAVT-L3-NO-VERIFICATION-034,nuisance_misc,L0,auxiliary_system,925,945,955,1
EAVT-L3-NO-VERIFICATION-034-N075,EAVT-L3-NO-VERIFICATION-034,nuisance_misc,L0,auxiliary_system,935,955,950,1
EAVT-L3-NO-VERIFICATION-034-N076,EAVT-L3-NO-VERIFICATION-034,nuisance_misc,L0,auxiliary_system,945,965,975,1
EAVT-L3-NO-VERIFICATION-034-N077,EAVT-L3-NO-VERIFICATION-034,nuisance_misc,L0,auxiliary_system,945,965,960,1
EAVT-L3-NO-VERIFICATION-034-N078,EAVT-L3-NO-VERIFICATION-034,nuisance_misc,L0,auxiliary_system,965,985,985,1
EAVT-L3-NO-VERIFICATION-034-N079,EAVT-L3-NO-VERIFICATION-034,nuisance_misc,L0,auxiliary_system,1015,1035,1045,1
EAVT-L3-NO-VERIFICATION-034-N080,EAVT-L3-NO-VERIFICATION-034,nuisance_misc,L0,auxiliary_system,1020,1040,1040,1
EAVT-L3-NO-VERIFICATION-034-N081,EAVT-L3-NO-VERIFICATION-034,nuisance_misc,L0,auxiliary_system,1030,1050,1055,1
EAVT-L3-NO-VERIFICATION-034-N082,EAVT-L3-NO-VERIFICATION-034,nuisance_misc,L0,auxiliary_system,1030,1050,1045,1
EAVT-L3-NO-VERIFICATION-034-N083,EAVT-L3-NO-VERIFICATION-034,nuisance_misc,L0,auxiliary_system,1070,1090,1095,1
EAVT-L3-NO-VERIFICATION-034-N084,EAVT-L3-NO-VERIFICATION-034,nuisance_misc,L0,auxiliary_system,1070,1090,1090,1
EAVT-L3-NO-VERIFICATION-034-N085,EAVT-L3-NO-VERIFICATION-034,nuisance_misc,L0,auxiliary_system,1080,1100,1110,1
EAVT-L3-NO-VERIFICATION-034-N086,EAVT-L3-NO-VERIFICATION-034,nuisance_misc,L0,auxiliary_system,1085,1105,1100,1
EAVT-L3-NO-VERIFICATION-034-N087,EAVT-L3-NO-VERIFICATION-034,nuisance_misc,L0,auxiliary_system,1105,1125,1135,1
EAVT-L3-NO-VERIFICATION-034-N088,EAVT-L3-NO-VERIFICATION-034,nuisance_misc,L0,auxiliary_system,1120,1140,1135,1
EAVT-L3-NO-VERIFICATION-034-N089,EAVT-L3-NO-VERIFICATION-034,nuisance_misc,L0,auxiliary_system,1130,1150,1155,1
EAVT-L3-NO-VERIFICATION-034-N090,EAVT-L3-NO-VERIFICATION-034,nuisance_misc,L0,auxiliary_system,1130,1150,1155,1
EAVT-L3-NO-VERIFICATION-034-N091,EAVT-L3-NO-VERIFICATION-034,nuisance_misc,L0,auxiliary_system,1130,1150,1155,1
EAVT-L3-NO-VERIFICATION-034-N092,EAVT-L3-NO-VERIFICATION-034,nuisance_misc,L0,auxiliary_system,1145,1165,1160,1
EAVT-L3-NO-VERIFICATION-034-N093,EAVT-L3-NO-VERIFICATION-034,nuisance_misc,L0,auxiliary_system,1190,1210,1205,1
EAVT-L3-NO-VERIFICATION-034-N094,EAVT-L3-NO-VERIFICATION-034,nuisance_misc,L0,auxiliary_system,1205,1225,1230,1
EAVT-L3-NO-VERIFICATION-034-N095,EAVT-L3-NO-VERIFICATION-034,nuisance_misc,L0,auxiliary_system,1220,1240,1245,1
EAVT-L3-NO-VERIFICATION-034-N096,EAVT-L3-NO-VERIFICATION-034,nuisance_misc,L0,auxiliary_system,1230,1250,1250,1
EAVT-L3-NO-VERIFICATION-034-N097,EAVT-L3-NO-VERIFICATION-034,nuisance_misc,L0,auxiliary_system,1230,1250,1245,1
EAVT-L3-NO-VERIFICATION-034-N098,EAVT-L3-NO-VERIFICATION-034,nuisance_misc,L0,auxiliary_system,1235,1255,1260,1
EAVT-L3-NO-VERIFICATION-034-N099,EAVT-L3-NO-VERIFICATION-034,nuisance_misc,L0,auxiliary_system,1245,1265,1270,1
EAVT-L3-NO-VERIFICATION-034-N100,EAVT-L3-NO-VERIFICATION-034,nuisance_misc,L0,auxiliary_system,1270,1290,1285,1
EAVT-L3-NO-VERIFICATION-034-N101,EAVT-L3-NO-VERIFICATION-034,nuisance_misc,L0,auxiliary_system,1270,1290,1290,1
EAVT-L3-NO-VERIFICATION-034-N102,EAVT-L3-NO-VERIFICATION-034,nuisance_misc,L0,auxiliary_system,1275,1295,1300,1
EAVT-L3-NO-VERIFICATION-034-N103,EAVT-L3-NO-VERIFICATION-034,nuisance_misc,L0,auxiliary_system,1285,1305,1300,1
EAVT-L3-NO-VERIFICATION-034-N104,EAVT-L3-NO-VERIFICATION-034,nuisance_misc,L0,auxiliary_system,1305,1325,1325,1
EAVT-L3-NO-VERIFICATION-034-N105,EAVT-L3-NO-VERIFICATION-034,nuisance_misc,L0,auxiliary_system,1305,1325,1325,1
EAVT-L3-NO-VERIFICATION-034-N106,EAVT-L3-NO-VERIFICATION-034,nuisance_misc,L0,auxiliary_system,1315,1335,1340,1
EAVT-L3-NO-VERIFICATION-034-N107,EAVT-L3-NO-VERIFICATION-034,nuisance_misc,L0,auxiliary_system,1325,1345,1340,1
EAVT-L3-NO-VERIFICATION-034-N108,EAVT-L3-NO-VERIFICATION-034,nuisance_misc,L0,auxiliary_system,1365,1385,1380,1
EAVT-L3-NO-VERIFICATION-034-N109,EAVT-L3-NO-VERIFICATION-034,nuisance_misc,L0,auxiliary_system,1405,1425,1420,1
EAVT-L3-NO-VERIFICATION-034-N110,EAVT-L3-NO-VERIFICATION-034,nuisance_misc,L0,auxiliary_system,1415,1435,1445,1
EAVT-L3-NO-VERIFICATION-034-N111,EAVT-L3-NO-VERIFICATION-034,nuisance_misc,L0,auxiliary_system,1435,1455,1460,1
EAVT-L3-NO-VERIFICATION-034-N112,EAVT-L3-NO-VERIFICATION-034,nuisance_misc,L0,auxiliary_system,1435,1455,1465,1
EAVT-L3-NO-VERIFICATION-034-N113,EAVT-L3-NO-VERIFICATION-034,nuisance_misc,L0,auxiliary_system,1465,1485,1495,1
EAVT-L3-NO-VERIFICATION-034-N114,EAVT-L3-NO-VERIFICATION-034,nuisance_misc,L0,auxiliary_system,1475,1495,1490,1
EAVT-L3-NO-VERIFICATION-034-N115,EAVT-L3-NO-VERIFICATION-034,nuisance_misc,L0,auxiliary_system,1505,1525,1520,1
EAVT-L3-NO-VERIFICATION-034-N116,EAVT-L3-NO-VERIFICATION-034,nuisance_misc,L0,auxiliary_system,1505,1525,1525,1
EAVT-L3-NO-VERIFICATION-034-N117,EAVT-L3-NO-VERIFICATION-034,nuisance_misc,L0,auxiliary_system,1535,1555,1550,1
EAVT-L3-NO-VERIFICATION-034-N118,EAVT-L3-NO-VERIFICATION-034,nuisance_misc,L0,auxiliary_system,1535,1555,1565,1
EAVT-L3-NO-VERIFICATION-034-N119,EAVT-L3-NO-VERIFICATION-034,nuisance_misc,L0,auxiliary_system,1540,1560,1565,1
EAVT-L3-NO-VERIFICATION-034-N120,EAVT-L3-NO-VERIFICATION-034,nuisance_misc,L0,auxiliary_system,1550,1570,1580,1
EAVT-L3-NO-VERIFICATION-034-N121,EAVT-L3-NO-VERIFICATION-034,nuisance_misc,L0,auxiliary_system,1560,1580,1585,1
EAVT-L3-NO-VERIFICATION-034-N122,EAVT-L3-NO-VERIFICATION-034,nuisance_misc,L0,auxiliary_system,1600,1620,1625,1
EAVT-L3-NO-VERIFICATION-034-N123,EAVT-L3-NO-VERIFICATION-034,nuisance_misc,L0,auxiliary_system,1615,1635,1645,1
EAVT-L3-NO-VERIFICATION-034-N124,EAVT-L3-NO-VERIFICATION-034,nuisance_misc,L0,auxiliary_system,1645,1665,1670,1
EAVT-L3-NO-VERIFICATION-034-N125,EAVT-L3-NO-VERIFICATION-034,nuisance_misc,L0,auxiliary_system,1690,1710,1715,1
EAVT-L3-NO-VERIFICATION-034-N126,EAVT-L3-NO-VERIFICATION-034,nuisance_misc,L0,auxiliary_system,1705,1725,1730,1
EAVT-L3-NO-VERIFICATION-034-N127,EAVT-L3-NO-VERIFICATION-034,nuisance_misc,L0,auxiliary_system,1710,1730,1735,1
EAVT-L3-NO-VERIFICATION-034-N128,EAVT-L3-NO-VERIFICATION-034,nuisance_misc,L0,auxiliary_system,1715,1735,1735,1
EAVT-L3-NO-VERIFICATION-034-N129,EAVT-L3-NO-VERIFICATION-034,nuisance_misc,L0,auxiliary_system,1725,1745,1745,1
EAVT-L3-NO-VERIFICATION-034-N130,EAVT-L3-NO-VERIFICATION-034,nuisance_misc,L0,auxiliary_system,1730,1750,1760,1
EAVT-L3-NO-VERIFICATION-034-N131,EAVT-L3-NO-VERIFICATION-034,nuisance_misc,L0,auxiliary_system,1750,1770,1780,1
EAVT-L3-NO-VERIFICATION-034-N132,EAVT-L3-NO-VERIFICATION-034,nuisance_misc,L0,auxiliary_system,1750,1770,1775,1
EAVT-L3-NO-VERIFICATION-034-N133,EAVT-L3-NO-VERIFICATION-034,nuisance_misc,L0,auxiliary_system,1760,1780,1780,1
EAVT-L3-NO-VERIFICATION-034-N134,EAVT-L3-NO-VERIFICATION-034,nuisance_misc,L0,auxiliary_system,1765,1785,1790,1
EAVT-L3-NO-VERIFICATION-034-N135,EAVT-L3-NO-VERIFICATION-034,nuisance_misc,L0,auxiliary_system,1765,1785,1785,1
EAVT-L3-NO-VERIFICATION-034-N136,EAVT-L3-NO-VERIFICATION-034,nuisance_misc,L0,auxiliary_system,1770,1790,1800,1
EAVT-L3-NO-VERIFICATION-034-N137,EAVT-L3-NO-VERIFICATION-034,nuisance_misc,L0,auxiliary_system,1775,1795,1790,1
EAVT-L3-NO-VERIFICATION-034-N138,EAVT-L3-NO-VERIFICATION-034,nuisance_misc,L0,auxiliary_system,1780,1800,1795,1
EAVT-L3-NO-VERIFICATION-034-N139,EAVT-L3-NO-VERIFICATION-034,nuisance_misc,L0,auxiliary_system,1805,1825,1825,1
EAVT-L3-NO-VERIFICATION-034-N140,EAVT-L3-NO-VERIFICATION-034,nuisance_misc,L0,auxiliary_system,1815,1835,1835,1
EAVT-L3-NO-VERIFICATION-034-N141,EAVT-L3-NO-VERIFICATION-034,nuisance_misc,L0,auxiliary_system,1820,1840,1850,1
EAVT-L3-NO-VERIFICATION-034-N142,EAVT-L3-NO-VERIFICATION-034,nuisance_misc,L0,auxiliary_system,1855,1875,1875,1
EAVT-L3-NO-VERIFICATION-034-N143,EAVT-L3-NO-VERIFICATION-034,nuisance_misc,L0,auxiliary_system,1880,1900,1910,1
EAVT-L3-NO-VERIFICATION-034-N144,EAVT-L3-NO-VERIFICATION-034,nuisance_misc,L0,auxiliary_system,1890,1910,1920,1
EAVT-L3-NO-VERIFICATION-034-N145,EAVT-L3-NO-VERIFICATION-034,nuisance_misc,L0,auxiliary_system,1905,1925,1930,1
EAVT-L3-NO-VERIFICATION-034-N146,EAVT-L3-NO-VERIFICATION-034,nuisance_misc,L0,auxiliary_system,1910,1930,1925,1
EAVT-L3-NO-VERIFICATION-034-N147,EAVT-L3-NO-VERIFICATION-034,nuisance_misc,L0,auxiliary_system,1925,1945,1950,1
EAVT-L3-NO-VERIFICATION-034-N148,EAVT-L3-NO-VERIFICATION-034,nuisance_misc,L0,auxiliary_system,1940,1960,1970,1
EAVT-L3-NO-VERIFICATION-034-N149,EAVT-L3-NO-VERIFICATION-034,nuisance_misc,L0,auxiliary_system,1945,1965,1960,1
EAVT-L3-NO-VERIFICATION-034-N150,EAVT-L3-NO-VERIFICATION-034,nuisance_misc,L0,auxiliary_system,1950,1970,1980,1
EAVT-L3-NO-VERIFICATION-034-N151,EAVT-L3-NO-VERIFICATION-034,nuisance_misc,L0,auxiliary_system,1950,1970,1975,1
EAVT-L3-NO-VERIFICATION-034-N152,EAVT-L3-NO-VERIFICATION-034,nuisance_misc,L0,auxiliary_system,1995,2015,2010,1
EAVT-L3-NO-VERIFICATION-034-N153,EAVT-L3-NO-VERIFICATION-034,nuisance_misc,L0,auxiliary_system,1995,2015,2025,1
EAVT-L3-NO-VERIFICATION-034-N154,EAVT-L3-NO-VERIFICATION-034,nuisance_misc,L0,auxiliary_system,2040,2060,2065,1
EAVT-L3-NO-VERIFICATION-034-N155,EAVT-L3-NO-VERIFICATION-034,nuisance_misc,L0,auxiliary_system,2050,2070,2080,1
EAVT-L3-NO-VERIFICATION-034-N156,EAVT-L3-NO-VERIFICATION-034,nuisance_misc,L0,auxiliary_system,2080,2100,2110,1
EAVT-L3-NO-VERIFICATION-034-N157,EAVT-L3-NO-VERIFICATION-034,nuisance_misc,L0,auxiliary_system,2080,2100,2100,1
EAVT-L3-NO-VERIFICATION-034-N158,EAVT-L3-NO-VERIFICATION-034,nuisance_misc,L0,auxiliary_system,2095,2115,2125,1
EAVT-L3-NO-VERIFICATION-034-N159,EAVT-L3-NO-VERIFICATION-034,nuisance_misc,L0,auxiliary_system,2100,2120,2125,1
EAVT-L3-NO-VERIFICATION-034-N160,EAVT-L3-NO-VERIFICATION-034,nuisance_misc,L0,auxiliary_system,2110,2130,2125,1
EAVT-L3-NO-VERIFICATION-034-N161,EAVT-L3-NO-VERIFICATION-034,nuisance_misc,L0,auxiliary_system,2115,2135,2145,1
EAVT-L3-NO-VERIFICATION-034-N162,EAVT-L3-NO-VERIFICATION-034,nuisance_misc,L0,auxiliary_system,2130,2150,2160,1
EAVT-L3-NO-VERIFICATION-034-N163,EAVT-L3-NO-VERIFICATION-034,nuisance_misc,L0,auxiliary_system,2220,2240,2235,1
EAVT-L3-NO-VERIFICATION-034-N164,EAVT-L3-NO-VERIFICATION-034,nuisance_misc,L0,auxiliary_system,2225,2245,2255,1
EAVT-L3-NO-VERIFICATION-034-N165,EAVT-L3-NO-VERIFICATION-034,nuisance_misc,L0,auxiliary_system,2255,2275,2280,1
EAVT-L3-NO-VERIFICATION-034-N166,EAVT-L3-NO-VERIFICATION-034,nuisance_misc,L0,auxiliary_system,2265,2285,2295,1
EAVT-L3-NO-VERIFICATION-034-N167,EAVT-L3-NO-VERIFICATION-034,nuisance_misc,L0,auxiliary_system,2275,2295,2305,1
EAVT-L3-NO-VERIFICATION-034-N168,EAVT-L3-NO-VERIFICATION-034,nuisance_misc,L0,auxiliary_system,2310,2330,2340,1
EAVT-L3-NO-VERIFICATION-034-N169,EAVT-L3-NO-VERIFICATION-034,nuisance_misc,L0,auxiliary_system,2315,2335,2330,1
EAVT-L3-NO-VERIFICATION-034-N170,EAVT-L3-NO-VERIFICATION-034,nuisance_misc,L0,auxiliary_system,2315,2335,2345,1
EAVT-L3-NO-VERIFICATION-034-N171,EAVT-L3-NO-VERIFICATION-034,nuisance_misc,L0,auxiliary_system,2340,2360,2360,1
EAVT-L3-NO-VERIFICATION-034-N172,EAVT-L3-NO-VERIFICATION-034,nuisance_misc,L0,auxiliary_system,2360,2380,2375,1
EAVT-L3-NO-VERIFICATION-034-N173,EAVT-L3-NO-VERIFICATION-034,nuisance_misc,L0,auxiliary_system,2370,2390,2385,1
EAVT-L3-NO-VERIFICATION-034-N174,EAVT-L3-NO-VERIFICATION-034,nuisance_misc,L0,auxiliary_system,2380,2400,2400,1
EAVT-L3-NO-VERIFICATION-034-N175,EAVT-L3-NO-VERIFICATION-034,nuisance_misc,L0,auxiliary_system,2385,2405,2400,1
EAVT-L3-NO-VERIFICATION-034-N176,EAVT-L3-NO-VERIFICATION-034,nuisance_misc,L0,auxiliary_system,2390,2410,2415,1
EAVT-L3-NO-VERIFICATION-034-N177,EAVT-L3-NO-VERIFICATION-034,nuisance_misc,L0,auxiliary_system,2390,2410,2405,1
EAVT-L3-NO-VERIFICATION-034-N178,EAVT-L3-NO-VERIFICATION-034,nuisance_misc,L0,auxiliary_system,2425,2445,2440,1
EAVT-L3-NO-VERIFICATION-034-N179,EAVT-L3-NO-VERIFICATION-034,nuisance_misc,L0,auxiliary_system,2430,2450,2455,1
EAVT-L3-NO-VERIFICATION-034-N180,EAVT-L3-NO-VERIFICATION-034,nuisance_misc,L0,auxiliary_system,2435,2455,2450,1
EAVT-L3-NO-VERIFICATION-034-N181,EAVT-L3-NO-VERIFICATION-034,nuisance_misc,L0,auxiliary_system,2455,2475,2475,1
EAVT-L3-NO-VERIFICATION-034-N182,EAVT-L3-NO-VERIFICATION-034,nuisance_misc,L0,auxiliary_system,2460,2480,2490,1
EAVT-L3-NO-VERIFICATION-034-N183,EAVT-L3-NO-VERIFICATION-034,nuisance_misc,L0,auxiliary_system,2465,2485,2485,1
EAVT-L3-NO-VERIFICATION-034-N184,EAVT-L3-NO-VERIFICATION-034,nuisance_misc,L0,auxiliary_system,2480,2500,2495,1
EAVT-L3-NO-VERIFICATION-034-N185,EAVT-L3-NO-VERIFICATION-034,nuisance_misc,L0,auxiliary_system,2495,2515,2520,1
EAVT-L3-NO-VERIFICATION-034-N186,EAVT-L3-NO-VERIFICATION-034,nuisance_misc,L0,auxiliary_system,2495,2515,2510,1
EAVT-L3-NO-VERIFICATION-034-N187,EAVT-L3-NO-VERIFICATION-034,nuisance_misc,L0,auxiliary_system,2530,2550,2550,1
EAVT-L3-NO-VERIFICATION-034-N188,EAVT-L3-NO-VERIFICATION-034,nuisance_misc,L0,auxiliary_system,2535,2555,2555,1
EAVT-L3-NO-VERIFICATION-034-N189,EAVT-L3-NO-VERIFICATION-034,nuisance_misc,L0,auxiliary_system,2550,2570,2565,1
EAVT-L3-NO-VERIFICATION-034-N190,EAVT-L3-NO-VERIFICATION-034,nuisance_misc,L0,auxiliary_system,2560,2580,2590,1
EAVT-L3-NO-VERIFICATION-034-N191,EAVT-L3-NO-VERIFICATION-034,nuisance_misc,L0,auxiliary_system,2575,2595,2605,1
EAVT-L3-NO-VERIFICATION-034-N192,EAVT-L3-NO-VERIFICATION-034,nuisance_misc,L0,auxiliary_system,2595,2615,2620,1
EAVT-L3-NO-VERIFICATION-034-N193,EAVT-L3-NO-VERIFICATION-034,nuisance_misc,L0,auxiliary_system,2600,2620,2620,1
EAVT-L3-NO-VERIFICATION-034-N194,EAVT-L3-NO-VERIFICATION-034,nuisance_misc,L0,auxiliary_system,2610,2630,2635,1
EAVT-L3-NO-VERIFICATION-034-N195,EAVT-L3-NO-VERIFICATION-034,nuisance_misc,L0,auxiliary_system,2630,2650,2645,1
EAVT-L3-NO-VERIFICATION-034-N196,EAVT-L3-NO-VERIFICATION-034,nuisance_misc,L0,auxiliary_system,2630,2650,2655,1
EAVT-L3-NO-VERIFICATION-034-N197,EAVT-L3-NO-VERIFICATION-034,nuisance_misc,L0,auxiliary_system,2635,2655,2665,1
EAVT-L3-NO-VERIFICATION-034-N198,EAVT-L3-NO-VERIFICATION-034,nuisance_misc,L0,auxiliary_system,2640,2660,2655,1
EAVT-L3-NO-VERIFICATION-034-N199,EAVT-L3-NO-VERIFICATION-034,nuisance_misc,L0,auxiliary_system,2640,2660,2655,1
EAVT-L3-NO-VERIFICATION-034-N200,EAVT-L3-NO-VERIFICATION-034,nuisance_misc,L0,auxiliary_system,2675,2695,2695,1
EAVT-L3-NO-VERIFICATION-034-N201,EAVT-L3-NO-VERIFICATION-034,nuisance_misc,L0,auxiliary_system,2680,2700,2695,1
EAVT-L3-NO-VERIFICATION-034-N202,EAVT-L3-NO-VERIFICATION-034,nuisance_misc,L0,auxiliary_system,2690,2710,2715,1
EAVT-L3-NO-VERIFICATION-034-N203,EAVT-L3-NO-VERIFICATION-034,nuisance_misc,L0,auxiliary_system,2710,2730,2740,1
EAVT-L3-NO-VERIFICATION-034-N204,EAVT-L3-NO-VERIFICATION-034,nuisance_misc,L0,auxiliary_system,2720,2740,2750,1
EAVT-L3-NO-VERIFICATION-034-N205,EAVT-L3-NO-VERIFICATION-034,nuisance_misc,L0,auxiliary_system,2750,2770,2770,1
EAVT-L3-NO-VERIFICATION-034-N206,EAVT-L3-NO-VERIFICATION-034,nuisance_misc,L0,auxiliary_system,2760,2780,2785,1
EAVT-L3-NO-VERIFICATION-034-N207,EAVT-L3-NO-VERIFICATION-034,nuisance_misc,L0,auxiliary_system,2760,2780,2775,1
EAVT-L3-NO-VERIFICATION-034-N208,EAVT-L3-NO-VERIFICATION-034,nuisance_misc,L0,auxiliary_system,2765,2785,2790,1
EAVT-L3-NO-VERIFICATION-034-N209,EAVT-L3-NO-VERIFICATION-034,nuisance_misc,L0,auxiliary_system,2780,2800,2805,1
EAVT-L3-NO-VERIFICATION-034-N210,EAVT-L3-NO-VERIFICATION-034,nuisance_misc,L0,auxiliary_system,2795,2815,2820,1
EAVT-L3-NO-VERIFICATION-034-N211,EAVT-L3-NO-VERIFICATION-034,nuisance_misc,L0,auxiliary_system,2815,2835,2840,1
EAVT-L3-NO-VERIFICATION-034-N212,EAVT-L3-NO-VERIFICATION-034,nuisance_misc,L0,auxiliary_system,2820,2840,2840,1
EAVT-L3-NO-VERIFICATION-034-N213,EAVT-L3-NO-VERIFICATION-034,nuisance_misc,L0,auxiliary_system,2830,2850,2855,1
EAVT-L3-NO-VERIFICATION-034-N214,EAVT-L3-NO-VERIFICATION-034,nuisance_misc,L0,auxiliary_system,2835,2855,2860,1
EAVT-L3-NO-VERIFICATION-034-N215,EAVT-L3-NO-VERIFICATION-034,nuisance_misc,L0,auxiliary_system,2840,2860,2870,1
EAVT-L3-NO-VERIFICATION-034-N216,EAVT-L3-NO-VERIFICATION-034,nuisance_misc,L0,auxiliary_system,2850,2870,2865,1
EAVT-L3-NO-VERIFICATION-034-N217,EAVT-L3-NO-VERIFICATION-034,nuisance_misc,L0,auxiliary_system,2865,2885,2890,1
EAVT-L3-NO-VERIFICATION-034-N218,EAVT-L3-NO-VERIFICATION-034,nuisance_misc,L0,auxiliary_system,2885,2905,2900,1
EAVT-L3-NO-VERIFICATION-034-N219,EAVT-L3-NO-VERIFICATION-034,nuisance_misc,L0,auxiliary_system,2910,2930,2925,1
EAVT-L3-NO-VERIFICATION-034-N220,EAVT-L3-NO-VERIFICATION-034,nuisance_misc,L0,auxiliary_system,2940,2960,2965,1
EAVT-L3-NO-VERIFICATION-034-N221,EAVT-L3-NO-VERIFICATION-034,nuisance_misc,L0,auxiliary_system,2945,2965,2970,1
EAVT-L3-NO-VERIFICATION-034-N222,EAVT-L3-NO-VERIFICATION-034,nuisance_misc,L0,auxiliary_system,2950,2970,2970,1
EAVT-L3-NO-VERIFICATION-034-N223,EAVT-L3-NO-VERIFICATION-034,nuisance_misc,L0,auxiliary_system,2950,2970,2970,1
EAVT-L3-NO-VERIFICATION-034-N224,EAVT-L3-NO-VERIFICATION-034,nuisance_misc,L0,auxiliary_system,2975,2995,3000,1
EAVT-L3-NO-VERIFICATION-034-N225,EAVT-L3-NO-VERIFICATION-034,nuisance_misc,L0,auxiliary_system,2980,3000,3005,1
EAVT-L3-NO-VERIFICATION-034-N226,EAVT-L3-NO-VERIFICATION-034,nuisance_misc,L0,auxiliary_system,2990,3010,3015,1
EAVT-L3-NO-VERIFICATION-034-N227,EAVT-L3-NO-VERIFICATION-034,nuisance_misc,L0,auxiliary_system,2990,3010,3005,1
EAVT-L3-NO-VERIFICATION-034-N228,EAVT-L3-NO-VERIFICATION-034,nuisance_misc,L0,auxiliary_system,2995,3015,3025,1
EAVT-L3-NO-VERIFICATION-034-N229,EAVT-L3-NO-VERIFICATION-034,nuisance_misc,L0,auxiliary_system,3005,3025,3025,1
EAVT-L3-NO-VERIFICATION-034-N230,EAVT-L3-NO-VERIFICATION-034,nuisance_misc,L0,auxiliary_system,3005,3025,3025,1
EAVT-L3-NO-VERIFICATION-034-N231,EAVT-L3-NO-VERIFICATION-034,nuisance_misc,L0,auxiliary_system,3035,3055,3050,1
EAVT-L3-NO-VERIFICATION-034-N232,EAVT-L3-NO-VERIFICATION-034,nuisance_misc,L0,auxiliary_system,3055,3075,3080,1
EAVT-L3-NO-VERIFICATION-034-N233,EAVT-L3-NO-VERIFICATION-034,nuisance_misc,L0,auxiliary_system,3055,3075,3075,1
EAVT-L3-NO-VERIFICATION-034-N234,EAVT-L3-NO-VERIFICATION-034,nuisance_misc,L0,auxiliary_system,3060,3080,3080,1
EAVT-L3-NO-VERIFICATION-034-N235,EAVT-L3-NO-VERIFICATION-034,nuisance_misc,L0,auxiliary_system,3065,3085,3080,1
EAVT-L3-NO-VERIFICATION-034-N236,EAVT-L3-NO-VERIFICATION-034,nuisance_misc,L0,auxiliary_system,3090,3110,3115,1
EAVT-L3-NO-VERIFICATION-034-N237,EAVT-L3-NO-VERIFICATION-034,nuisance_misc,L0,auxiliary_system,3090,3110,3120,1
EAVT-L3-NO-VERIFICATION-034-N238,EAVT-L3-NO-VERIFICATION-034,nuisance_misc,L0,auxiliary_system,3095,3115,3120,1
EAVT-L3-NO-VERIFICATION-034-N239,EAVT-L3-NO-VERIFICATION-034,nuisance_misc,L0,auxiliary_system,3105,3125,3120,1
EAVT-L3-NO-VERIFICATION-034-N240,EAVT-L3-NO-VERIFICATION-034,nuisance_misc,L0,auxiliary_system,3155,3175,3170,1
EAVT-L3-NO-VERIFICATION-034-N241,EAVT-L3-NO-VERIFICATION-034,nuisance_misc,L0,auxiliary_system,3160,3180,3185,1
EAVT-L3-NO-VERIFICATION-034-N242,EAVT-L3-NO-VERIFICATION-034,nuisance_misc,L0,auxiliary_system,3165,3185,3180,1
EAVT-L3-NO-VERIFICATION-034-N243,EAVT-L3-NO-VERIFICATION-034,nuisance_misc,L0,auxiliary_system,3180,3200,3200,1
EAVT-L3-NO-VERIFICATION-034-N244,EAVT-L3-NO-VERIFICATION-034,nuisance_misc,L0,auxiliary_system,3180,3200,3210,1
EAVT-L3-NO-VERIFICATION-034-N245,EAVT-L3-NO-VERIFICATION-034,nuisance_misc,L0,auxiliary_system,3185,3205,3205,1
EAVT-L3-NO-VERIFICATION-034-N246,EAVT-L3-NO-VERIFICATION-034,nuisance_misc,L0,auxiliary_system,3185,3205,3205,1
EAVT-L3-NO-VERIFICATION-034-N247,EAVT-L3-NO-VERIFICATION-034,nuisance_misc,L0,auxiliary_system,3190,3210,3205,1
EAVT-L3-NO-VERIFICATION-034-N248,EAVT-L3-NO-VERIFICATION-034,nuisance_misc,L0,auxiliary_system,3195,3215,3210,1
EAVT-L3-NO-VERIFICATION-034-N249,EAVT-L3-NO-VERIFICATION-034,nuisance_misc,L0,auxiliary_system,3205,3225,3230,1
EAVT-L3-NO-VERIFICATION-034-N250,EAVT-L3-NO-VERIFICATION-034,nuisance_misc,L0,auxiliary_system,3210,3230,3240,1
EAVT-L3-NO-VERIFICATION-034-N251,EAVT-L3-NO-VERIFICATION-034,nuisance_misc,L0,auxiliary_system,3245,3265,3275,1
EAVT-L3-NO-VERIFICATION-034-N252,EAVT-L3-NO-VERIFICATION-034,nuisance_misc,L0,auxiliary_system,3255,3275,3285,1
EAVT-L3-NO-VERIFICATION-034-N253,EAVT-L3-NO-VERIFICATION-034,nuisance_misc,L0,auxiliary_system,3365,3385,3385,1
EAVT-L3-NO-VERIFICATION-034-N254,EAVT-L3-NO-VERIFICATION-034,nuisance_misc,L0,auxiliary_system,3380,3400,3400,1
EAVT-L3-NO-VERIFICATION-034-N255,EAVT-L3-NO-VERIFICATION-034,nuisance_misc,L0,auxiliary_system,3385,3405,3410,1
EAVT-L3-NO-VERIFICATION-034-N256,EAVT-L3-NO-VERIFICATION-034,nuisance_misc,L0,auxiliary_system,3385,3405,3400,1
EAVT-L3-NO-VERIFICATION-034-N257,EAVT-L3-NO-VERIFICATION-034,nuisance_misc,L0,auxiliary_system,3390,3410,3415,1
EAVT-L3-NO-VERIFICATION-034-N258,EAVT-L3-NO-VERIFICATION-034,nuisance_misc,L0,auxiliary_system,3400,3420,3415,1
EAVT-L3-NO-VERIFICATION-034-N259,EAVT-L3-NO-VERIFICATION-034,nuisance_misc,L0,auxiliary_system,3405,3425,3425,1
EAVT-L3-NO-VERIFICATION-034-N260,EAVT-L3-NO-VERIFICATION-034,nuisance_misc,L0,auxiliary_system,3415,3435,3440,1
EAVT-L3-NO-VERIFICATION-034-N261,EAVT-L3-NO-VERIFICATION-034,nuisance_misc,L0,auxiliary_system,3460,3480,3485,1
EAVT-L3-NO-VERIFICATION-034-N262,EAVT-L3-NO-VERIFICATION-034,nuisance_misc,L0,auxiliary_system,3465,3485,3495,1
EAVT-L3-NO-VERIFICATION-034-N263,EAVT-L3-NO-VERIFICATION-034,nuisance_misc,L0,auxiliary_system,3475,3495,3490,1
EAVT-L3-NO-VERIFICATION-034-N264,EAVT-L3-NO-VERIFICATION-034,nuisance_misc,L0,auxiliary_system,3505,3525,3525,1
EAVT-L3-NO-VERIFICATION-034-N265,EAVT-L3-NO-VERIFICATION-034,nuisance_misc,L0,auxiliary_system,3515,3535,3545,1
EAVT-L3-NO-VERIFICATION-034-N266,EAVT-L3-NO-VERIFICATION-034,nuisance_misc,L0,auxiliary_system,3530,3550,3555,1
EAVT-L3-NO-VERIFICATION-034-N267,EAVT-L3-NO-VERIFICATION-034,nuisance_misc,L0,auxiliary_system,3530,3550,3545,1
EAVT-L3-NO-VERIFICATION-034-N268,EAVT-L3-NO-VERIFICATION-034,nuisance_misc,L0,auxiliary_system,3540,3560,3570,1
EAVT-L3-NO-VERIFICATION-034-N269,EAVT-L3-NO-VERIFICATION-034,nuisance_misc,L0,auxiliary_system,3545,3565,3560,1
EAVT-L3-NO-VERIFICATION-034-N270,EAVT-L3-NO-VERIFICATION-034,nuisance_misc,L0,auxiliary_system,3550,3570,3570,1
EAVT-L3-NO-VERIFICATION-034-N271,EAVT-L3-NO-VERIFICATION-034,nuisance_misc,L0,auxiliary_system,3555,3575,3575,1
EAVT-L3-NO-VERIFICATION-034-N272,EAVT-L3-NO-VERIFICATION-034,nuisance_misc,L0,auxiliary_system,3570,3590,3595,1
EAVT-L3-NO-VERIFICATION-034-N273,EAVT-L3-NO-VERIFICATION-034,nuisance_misc,L0,auxiliary_system,3580,3600,3600,1
EAVT-L3-NO-VERIFICATION-034-N274,EAVT-L3-NO-VERIFICATION-034,nuisance_misc,L0,auxiliary_system,3585,3605,3615,1
EAVT-L3-NO-VERIFICATION-034-N275,EAVT-L3-NO-VERIFICATION-034,nuisance_misc,L0,auxiliary_system,3600,3620,3630,1
EAVT-L3-NO-VERIFICATION-034-N276,EAVT-L3-NO-VERIFICATION-034,nuisance_misc,L0,auxiliary_system,3605,3625,3620,1
EAVT-L3-NO-VERIFICATION-034-N277,EAVT-L3-NO-VERIFICATION-034,nuisance_misc,L0,auxiliary_system,3610,3630,3640,1
EAVT-L3-NO-VERIFICATION-034-N278,EAVT-L3-NO-VERIFICATION-034,nuisance_misc,L0,auxiliary_system,3635,3655,3660,1
EAVT-L3-NO-VERIFICATION-034-N279,EAVT-L3-NO-VERIFICATION-034,nuisance_misc,L0,auxiliary_system,3675,3695,3690,1
EAVT-L3-NO-VERIFICATION-034-N280,EAVT-L3-NO-VERIFICATION-034,nuisance_misc,L0,auxiliary_system,3675,3695,3695,1
EAVT-L3-NO-VERIFICATION-034-N281,EAVT-L3-NO-VERIFICATION-034,nuisance_misc,L0,auxiliary_system,3715,3735,3745,1
EAVT-L3-NO-VERIFICATION-034-N282,EAVT-L3-NO-VERIFICATION-034,nuisance_misc,L0,auxiliary_system,3750,3770,3780,1
EAVT-L3-NO-VERIFICATION-034-N283,EAVT-L3-NO-VERIFICATION-034,nuisance_misc,L0,auxiliary_system,3750,3770,3770,1
EAVT-L3-NO-VERIFICATION-034-N284,EAVT-L3-NO-VERIFICATION-034,nuisance_misc,L0,auxiliary_system,3760,3780,3790,1
EAVT-L3-NO-VERIFICATION-034-N285,EAVT-L3-NO-VERIFICATION-034,nuisance_misc,L0,auxiliary_system,3765,3785,3780,1
EAVT-L3-NO-VERIFICATION-034-N286,EAVT-L3-NO-VERIFICATION-034,nuisance_misc,L0,auxiliary_system,3790,3810,3810,1
EAVT-L3-NO-VERIFICATION-034-N287,EAVT-L3-NO-VERIFICATION-034,nuisance_misc,L0,auxiliary_system,3820,3840,3850,1
EAVT-L3-NO-VERIFICATION-034-N288,EAVT-L3-NO-VERIFICATION-034,nuisance_misc,L0,auxiliary_system,3845,3865,3860,1
EAVT-L3-NO-VERIFICATION-034-N289,EAVT-L3-NO-VERIFICATION-034,nuisance_misc,L0,auxiliary_system,3855,3875,3870,1
EAVT-L3-NO-VERIFICATION-034-N290,EAVT-L3-NO-VERIFICATION-034,nuisance_misc,L0,auxiliary_system,3860,3880,3890,1
EAVT-L3-NO-VERIFICATION-034-N291,EAVT-L3-NO-VERIFICATION-034,nuisance_misc,L0,auxiliary_system,3885,3905,3900,1
EAVT-L3-NO-VERIFICATION-034-N292,EAVT-L3-NO-VERIFICATION-034,nuisance_misc,L0,auxiliary_system,3890,3910,3900,1
EAVT-L3-NO-VERIFICATION-034-N293,EAVT-L3-NO-VERIFICATION-034,nuisance_misc,L0,auxiliary_system,3895,3915,3900,1
EAVT-L3-NO-VERIFICATION-034-N294,EAVT-L3-NO-VERIFICATION-034,nuisance_misc,L0,auxiliary_system,3895,3915,3900,1
EAVT-L3-NO-VERIFICATION-034-S01,EAVT-L3-NO-VERIFICATION-034,flow_deviation_branch,L1,feed_branch_2,3150,3200,3155,0
EAVT-L3-NO-VERIFICATION-034-S02,EAVT-L3-NO-VERIFICATION-034,flow_deviation_branch,L1,feed_branch_2,3160,3200,3435,0
EAVT-L3-NO-VERIFICATION-034-S03,EAVT-L3-NO-VERIFICATION-034,t11_temperature_deviation,L3,T-1...T-11,3165,3200,3500,0
EAVT-L3-NO-VERIFICATION-034-S04,EAVT-L3-NO-VERIFICATION-034,feed_flow_imbalance,L2,feed_system,3180,3200,3385,0
EAVT-L3-NO-VERIFICATION-034-S05,EAVT-L3-NO-VERIFICATION-034,elou_load_imbalance,L4,ELOU,3215,3230,3315,0
EAVT-L3-NO-VERIFICATION-034-S06,EAVT-L3-NO-VERIFICATION-034,feed_flow_imbalance,L2,feed_system,3390,3405,3395,0
EAVT-L3-CHAOTIC-035-N001,EAVT-L3-CHAOTIC-035,nuisance_misc,L0,auxiliary_system,35,,55,1
EAVT-L3-CHAOTIC-035-N002,EAVT-L3-CHAOTIC-035,nuisance_misc,L0,auxiliary_system,35,,55,1
EAVT-L3-CHAOTIC-035-N003,EAVT-L3-CHAOTIC-035,nuisance_misc,L0,auxiliary_system,45,,75,1
EAVT-L3-CHAOTIC-035-N004,EAVT-L3-CHAOTIC-035,nuisance_misc,L0,auxiliary_system,45,,70,1
EAVT-L3-CHAOTIC-035-N005,EAVT-L3-CHAOTIC-035,nuisance_misc,L0,auxiliary_system,50,,70,1
EAVT-L3-CHAOTIC-035-N006,EAVT-L3-CHAOTIC-035,nuisance_misc,L0,auxiliary_system,75,,90,1
EAVT-L3-CHAOTIC-035-N007,EAVT-L3-CHAOTIC-035,nuisance_misc,L0,auxiliary_system,75,,105,1
EAVT-L3-CHAOTIC-035-N008,EAVT-L3-CHAOTIC-035,nuisance_misc,L0,auxiliary_system,80,,95,1
EAVT-L3-CHAOTIC-035-N009,EAVT-L3-CHAOTIC-035,nuisance_misc,L0,auxiliary_system,90,,105,1
EAVT-L3-CHAOTIC-035-N010,EAVT-L3-CHAOTIC-035,nuisance_misc,L0,auxiliary_system,110,,125,1
EAVT-L3-CHAOTIC-035-N011,EAVT-L3-CHAOTIC-035,nuisance_misc,L0,auxiliary_system,135,,160,1
EAVT-L3-CHAOTIC-035-N012,EAVT-L3-CHAOTIC-035,nuisance_misc,L0,auxiliary_system,145,,165,1
EAVT-L3-CHAOTIC-035-N013,EAVT-L3-CHAOTIC-035,nuisance_misc,L0,auxiliary_system,160,,185,1
EAVT-L3-CHAOTIC-035-N014,EAVT-L3-CHAOTIC-035,nuisance_misc,L0,auxiliary_system,165,,180,1
EAVT-L3-CHAOTIC-035-N015,EAVT-L3-CHAOTIC-035,nuisance_misc,L0,auxiliary_system,175,,195,1
EAVT-L3-CHAOTIC-035-N016,EAVT-L3-CHAOTIC-035,nuisance_misc,L0,auxiliary_system,185,,205,1
EAVT-L3-CHAOTIC-035-N017,EAVT-L3-CHAOTIC-035,nuisance_misc,L0,auxiliary_system,185,,200,1
EAVT-L3-CHAOTIC-035-N018,EAVT-L3-CHAOTIC-035,nuisance_misc,L0,auxiliary_system,200,,225,1
EAVT-L3-CHAOTIC-035-N019,EAVT-L3-CHAOTIC-035,nuisance_misc,L0,auxiliary_system,210,,225,1
EAVT-L3-CHAOTIC-035-N020,EAVT-L3-CHAOTIC-035,nuisance_misc,L0,auxiliary_system,210,,240,1
EAVT-L3-CHAOTIC-035-N021,EAVT-L3-CHAOTIC-035,nuisance_misc,L0,auxiliary_system,240,,255,1
EAVT-L3-CHAOTIC-035-N022,EAVT-L3-CHAOTIC-035,nuisance_misc,L0,auxiliary_system,250,,270,1
EAVT-L3-CHAOTIC-035-N023,EAVT-L3-CHAOTIC-035,nuisance_misc,L0,auxiliary_system,310,,330,1
EAVT-L3-CHAOTIC-035-N024,EAVT-L3-CHAOTIC-035,nuisance_misc,L0,auxiliary_system,320,,345,1
EAVT-L3-CHAOTIC-035-N025,EAVT-L3-CHAOTIC-035,nuisance_misc,L0,auxiliary_system,330,,360,1
EAVT-L3-CHAOTIC-035-N026,EAVT-L3-CHAOTIC-035,nuisance_misc,L0,auxiliary_system,335,,365,1
EAVT-L3-CHAOTIC-035-N027,EAVT-L3-CHAOTIC-035,nuisance_misc,L0,auxiliary_system,350,,365,1
EAVT-L3-CHAOTIC-035-N028,EAVT-L3-CHAOTIC-035,nuisance_misc,L0,auxiliary_system,355,,385,1
EAVT-L3-CHAOTIC-035-N029,EAVT-L3-CHAOTIC-035,nuisance_misc,L0,auxiliary_system,390,,405,1
EAVT-L3-CHAOTIC-035-N030,EAVT-L3-CHAOTIC-035,nuisance_misc,L0,auxiliary_system,390,,410,1
EAVT-L3-CHAOTIC-035-N031,EAVT-L3-CHAOTIC-035,nuisance_misc,L0,auxiliary_system,395,,425,1
EAVT-L3-CHAOTIC-035-N032,EAVT-L3-CHAOTIC-035,nuisance_misc,L0,auxiliary_system,400,,430,1
EAVT-L3-CHAOTIC-035-N033,EAVT-L3-CHAOTIC-035,nuisance_misc,L0,auxiliary_system,435,,455,1
EAVT-L3-CHAOTIC-035-N034,EAVT-L3-CHAOTIC-035,nuisance_misc,L0,auxiliary_system,435,,450,1
EAVT-L3-CHAOTIC-035-N035,EAVT-L3-CHAOTIC-035,nuisance_misc,L0,auxiliary_system,455,,480,1
EAVT-L3-CHAOTIC-035-N036,EAVT-L3-CHAOTIC-035,nuisance_misc,L0,auxiliary_system,490,,515,1
EAVT-L3-CHAOTIC-035-N037,EAVT-L3-CHAOTIC-035,nuisance_misc,L0,auxiliary_system,495,,525,1
EAVT-L3-CHAOTIC-035-N038,EAVT-L3-CHAOTIC-035,nuisance_misc,L0,auxiliary_system,500,,530,1
EAVT-L3-CHAOTIC-035-N039,EAVT-L3-CHAOTIC-035,nuisance_misc,L0,auxiliary_system,510,,525,1
EAVT-L3-CHAOTIC-035-N040,EAVT-L3-CHAOTIC-035,nuisance_misc,L0,auxiliary_system,530,,545,1
EAVT-L3-CHAOTIC-035-N041,EAVT-L3-CHAOTIC-035,nuisance_misc,L0,auxiliary_system,555,,575,1
EAVT-L3-CHAOTIC-035-N042,EAVT-L3-CHAOTIC-035,nuisance_misc,L0,auxiliary_system,575,,590,1
EAVT-L3-CHAOTIC-035-N043,EAVT-L3-CHAOTIC-035,nuisance_misc,L0,auxiliary_system,595,,620,1
EAVT-L3-CHAOTIC-035-N044,EAVT-L3-CHAOTIC-035,nuisance_misc,L0,auxiliary_system,615,,645,1
EAVT-L3-CHAOTIC-035-N045,EAVT-L3-CHAOTIC-035,nuisance_misc,L0,auxiliary_system,640,,670,1
EAVT-L3-CHAOTIC-035-N046,EAVT-L3-CHAOTIC-035,nuisance_misc,L0,auxiliary_system,640,,670,1
EAVT-L3-CHAOTIC-035-N047,EAVT-L3-CHAOTIC-035,nuisance_misc,L0,auxiliary_system,645,,665,1
EAVT-L3-CHAOTIC-035-N048,EAVT-L3-CHAOTIC-035,nuisance_misc,L0,auxiliary_system,665,,680,1
EAVT-L3-CHAOTIC-035-N049,EAVT-L3-CHAOTIC-035,nuisance_misc,L0,auxiliary_system,670,,700,1
EAVT-L3-CHAOTIC-035-N050,EAVT-L3-CHAOTIC-035,nuisance_misc,L0,auxiliary_system,685,,715,1
EAVT-L3-CHAOTIC-035-N051,EAVT-L3-CHAOTIC-035,nuisance_misc,L0,auxiliary_system,700,,730,1
EAVT-L3-CHAOTIC-035-N052,EAVT-L3-CHAOTIC-035,nuisance_misc,L0,auxiliary_system,730,,750,1
EAVT-L3-CHAOTIC-035-N053,EAVT-L3-CHAOTIC-035,nuisance_misc,L0,auxiliary_system,735,,755,1
EAVT-L3-CHAOTIC-035-N054,EAVT-L3-CHAOTIC-035,nuisance_misc,L0,auxiliary_system,755,,775,1
EAVT-L3-CHAOTIC-035-N055,EAVT-L3-CHAOTIC-035,nuisance_misc,L0,auxiliary_system,770,,795,1
EAVT-L3-CHAOTIC-035-N056,EAVT-L3-CHAOTIC-035,nuisance_misc,L0,auxiliary_system,785,,800,1
EAVT-L3-CHAOTIC-035-N057,EAVT-L3-CHAOTIC-035,nuisance_misc,L0,auxiliary_system,790,,815,1
EAVT-L3-CHAOTIC-035-N058,EAVT-L3-CHAOTIC-035,nuisance_misc,L0,auxiliary_system,795,,820,1
EAVT-L3-CHAOTIC-035-N059,EAVT-L3-CHAOTIC-035,nuisance_misc,L0,auxiliary_system,800,,820,1
EAVT-L3-CHAOTIC-035-N060,EAVT-L3-CHAOTIC-035,nuisance_misc,L0,auxiliary_system,815,,830,1
EAVT-L3-CHAOTIC-035-N061,EAVT-L3-CHAOTIC-035,nuisance_misc,L0,auxiliary_system,860,,890,1
EAVT-L3-CHAOTIC-035-N062,EAVT-L3-CHAOTIC-035,nuisance_misc,L0,auxiliary_system,870,,895,1
EAVT-L3-CHAOTIC-035-N063,EAVT-L3-CHAOTIC-035,nuisance_misc,L0,auxiliary_system,920,,945,1
EAVT-L3-CHAOTIC-035-N064,EAVT-L3-CHAOTIC-035,nuisance_misc,L0,auxiliary_system,940,,960,1
EAVT-L3-CHAOTIC-035-N065,EAVT-L3-CHAOTIC-035,nuisance_misc,L0,auxiliary_system,960,,975,1
EAVT-L3-CHAOTIC-035-N066,EAVT-L3-CHAOTIC-035,nuisance_misc,L0,auxiliary_system,965,,995,1
EAVT-L3-CHAOTIC-035-N067,EAVT-L3-CHAOTIC-035,nuisance_misc,L0,auxiliary_system,980,,1010,1
EAVT-L3-CHAOTIC-035-N068,EAVT-L3-CHAOTIC-035,nuisance_misc,L0,auxiliary_system,990,,1020,1
EAVT-L3-CHAOTIC-035-N069,EAVT-L3-CHAOTIC-035,nuisance_misc,L0,auxiliary_system,990,,1010,1
EAVT-L3-CHAOTIC-035-N070,EAVT-L3-CHAOTIC-035,nuisance_misc,L0,auxiliary_system,1005,,1025,1
EAVT-L3-CHAOTIC-035-N071,EAVT-L3-CHAOTIC-035,nuisance_misc,L0,auxiliary_system,1065,,1090,1
EAVT-L3-CHAOTIC-035-N072,EAVT-L3-CHAOTIC-035,nuisance_misc,L0,auxiliary_system,1070,,1095,1
EAVT-L3-CHAOTIC-035-N073,EAVT-L3-CHAOTIC-035,nuisance_misc,L0,auxiliary_system,1075,,1105,1
EAVT-L3-CHAOTIC-035-N074,EAVT-L3-CHAOTIC-035,nuisance_misc,L0,auxiliary_system,1080,,1105,1
EAVT-L3-CHAOTIC-035-N075,EAVT-L3-CHAOTIC-035,nuisance_misc,L0,auxiliary_system,1095,,1110,1
EAVT-L3-CHAOTIC-035-N076,EAVT-L3-CHAOTIC-035,nuisance_misc,L0,auxiliary_system,1095,,1115,1
EAVT-L3-CHAOTIC-035-N077,EAVT-L3-CHAOTIC-035,nuisance_misc,L0,auxiliary_system,1100,,1130,1
EAVT-L3-CHAOTIC-035-N078,EAVT-L3-CHAOTIC-035,nuisance_misc,L0,auxiliary_system,1115,,1145,1
EAVT-L3-CHAOTIC-035-N079,EAVT-L3-CHAOTIC-035,nuisance_misc,L0,auxiliary_system,1115,,1145,1
EAVT-L3-CHAOTIC-035-N080,EAVT-L3-CHAOTIC-035,nuisance_misc,L0,auxiliary_system,1130,,1155,1
EAVT-L3-CHAOTIC-035-N081,EAVT-L3-CHAOTIC-035,nuisance_misc,L0,auxiliary_system,1135,,1165,1
EAVT-L3-CHAOTIC-035-N082,EAVT-L3-CHAOTIC-035,nuisance_misc,L0,auxiliary_system,1140,,1160,1
EAVT-L3-CHAOTIC-035-N083,EAVT-L3-CHAOTIC-035,nuisance_misc,L0,auxiliary_system,1145,,1170,1
EAVT-L3-CHAOTIC-035-N084,EAVT-L3-CHAOTIC-035,nuisance_misc,L0,auxiliary_system,1150,,1175,1
EAVT-L3-CHAOTIC-035-N085,EAVT-L3-CHAOTIC-035,nuisance_misc,L0,auxiliary_system,1185,,1205,1
EAVT-L3-CHAOTIC-035-N086,EAVT-L3-CHAOTIC-035,nuisance_misc,L0,auxiliary_system,1190,,1210,1
EAVT-L3-CHAOTIC-035-N087,EAVT-L3-CHAOTIC-035,nuisance_misc,L0,auxiliary_system,1190,,1215,1
EAVT-L3-CHAOTIC-035-N088,EAVT-L3-CHAOTIC-035,nuisance_misc,L0,auxiliary_system,1195,,1225,1
EAVT-L3-CHAOTIC-035-N089,EAVT-L3-CHAOTIC-035,nuisance_misc,L0,auxiliary_system,1205,,1235,1
EAVT-L3-CHAOTIC-035-N090,EAVT-L3-CHAOTIC-035,nuisance_misc,L0,auxiliary_system,1230,,1255,1
EAVT-L3-CHAOTIC-035-N091,EAVT-L3-CHAOTIC-035,nuisance_misc,L0,auxiliary_system,1240,,1265,1
EAVT-L3-CHAOTIC-035-N092,EAVT-L3-CHAOTIC-035,nuisance_misc,L0,auxiliary_system,1240,,1255,1
EAVT-L3-CHAOTIC-035-N093,EAVT-L3-CHAOTIC-035,nuisance_misc,L0,auxiliary_system,1240,,1260,1
EAVT-L3-CHAOTIC-035-N094,EAVT-L3-CHAOTIC-035,nuisance_misc,L0,auxiliary_system,1255,,1285,1
EAVT-L3-CHAOTIC-035-N095,EAVT-L3-CHAOTIC-035,nuisance_misc,L0,auxiliary_system,1305,,1330,1
EAVT-L3-CHAOTIC-035-N096,EAVT-L3-CHAOTIC-035,nuisance_misc,L0,auxiliary_system,1310,,1325,1
EAVT-L3-CHAOTIC-035-N097,EAVT-L3-CHAOTIC-035,nuisance_misc,L0,auxiliary_system,1310,,1330,1
EAVT-L3-CHAOTIC-035-N098,EAVT-L3-CHAOTIC-035,nuisance_misc,L0,auxiliary_system,1350,,1380,1
EAVT-L3-CHAOTIC-035-N099,EAVT-L3-CHAOTIC-035,nuisance_misc,L0,auxiliary_system,1370,,1400,1
EAVT-L3-CHAOTIC-035-N100,EAVT-L3-CHAOTIC-035,nuisance_misc,L0,auxiliary_system,1380,,1405,1
EAVT-L3-CHAOTIC-035-N101,EAVT-L3-CHAOTIC-035,nuisance_misc,L0,auxiliary_system,1395,,1410,1
EAVT-L3-CHAOTIC-035-N102,EAVT-L3-CHAOTIC-035,nuisance_misc,L0,auxiliary_system,1405,,1420,1
EAVT-L3-CHAOTIC-035-N103,EAVT-L3-CHAOTIC-035,nuisance_misc,L0,auxiliary_system,1410,,1435,1
EAVT-L3-CHAOTIC-035-N104,EAVT-L3-CHAOTIC-035,nuisance_misc,L0,auxiliary_system,1440,,1470,1
EAVT-L3-CHAOTIC-035-N105,EAVT-L3-CHAOTIC-035,nuisance_misc,L0,auxiliary_system,1445,,1470,1
EAVT-L3-CHAOTIC-035-N106,EAVT-L3-CHAOTIC-035,nuisance_misc,L0,auxiliary_system,1470,,1500,1
EAVT-L3-CHAOTIC-035-N107,EAVT-L3-CHAOTIC-035,nuisance_misc,L0,auxiliary_system,1490,,1520,1
EAVT-L3-CHAOTIC-035-N108,EAVT-L3-CHAOTIC-035,nuisance_misc,L0,auxiliary_system,1500,,1515,1
EAVT-L3-CHAOTIC-035-N109,EAVT-L3-CHAOTIC-035,nuisance_misc,L0,auxiliary_system,1565,,1595,1
EAVT-L3-CHAOTIC-035-N110,EAVT-L3-CHAOTIC-035,nuisance_misc,L0,auxiliary_system,1575,,1600,1
EAVT-L3-CHAOTIC-035-N111,EAVT-L3-CHAOTIC-035,nuisance_misc,L0,auxiliary_system,1615,,1645,1
EAVT-L3-CHAOTIC-035-N112,EAVT-L3-CHAOTIC-035,nuisance_misc,L0,auxiliary_system,1620,,1640,1
EAVT-L3-CHAOTIC-035-N113,EAVT-L3-CHAOTIC-035,nuisance_misc,L0,auxiliary_system,1620,,1635,1
EAVT-L3-CHAOTIC-035-N114,EAVT-L3-CHAOTIC-035,nuisance_misc,L0,auxiliary_system,1630,,1660,1
EAVT-L3-CHAOTIC-035-N115,EAVT-L3-CHAOTIC-035,nuisance_misc,L0,auxiliary_system,1635,,1665,1
EAVT-L3-CHAOTIC-035-N116,EAVT-L3-CHAOTIC-035,nuisance_misc,L0,auxiliary_system,1670,,1685,1
EAVT-L3-CHAOTIC-035-N117,EAVT-L3-CHAOTIC-035,nuisance_misc,L0,auxiliary_system,1695,,1715,1
EAVT-L3-CHAOTIC-035-N118,EAVT-L3-CHAOTIC-035,nuisance_misc,L0,auxiliary_system,1700,,1720,1
EAVT-L3-CHAOTIC-035-N119,EAVT-L3-CHAOTIC-035,nuisance_misc,L0,auxiliary_system,1705,,1735,1
EAVT-L3-CHAOTIC-035-N120,EAVT-L3-CHAOTIC-035,nuisance_misc,L0,auxiliary_system,1735,,1750,1
EAVT-L3-CHAOTIC-035-N121,EAVT-L3-CHAOTIC-035,nuisance_misc,L0,auxiliary_system,1745,,1760,1
EAVT-L3-CHAOTIC-035-N122,EAVT-L3-CHAOTIC-035,nuisance_misc,L0,auxiliary_system,1745,,1765,1
EAVT-L3-CHAOTIC-035-N123,EAVT-L3-CHAOTIC-035,nuisance_misc,L0,auxiliary_system,1745,,1775,1
EAVT-L3-CHAOTIC-035-N124,EAVT-L3-CHAOTIC-035,nuisance_misc,L0,auxiliary_system,1760,,1780,1
EAVT-L3-CHAOTIC-035-N125,EAVT-L3-CHAOTIC-035,nuisance_misc,L0,auxiliary_system,1770,,1790,1
EAVT-L3-CHAOTIC-035-N126,EAVT-L3-CHAOTIC-035,nuisance_misc,L0,auxiliary_system,1775,,1805,1
EAVT-L3-CHAOTIC-035-N127,EAVT-L3-CHAOTIC-035,nuisance_misc,L0,auxiliary_system,1780,,1805,1
EAVT-L3-CHAOTIC-035-N128,EAVT-L3-CHAOTIC-035,nuisance_misc,L0,auxiliary_system,1780,,1800,1
EAVT-L3-CHAOTIC-035-N129,EAVT-L3-CHAOTIC-035,nuisance_misc,L0,auxiliary_system,1790,,1810,1
EAVT-L3-CHAOTIC-035-N130,EAVT-L3-CHAOTIC-035,nuisance_misc,L0,auxiliary_system,1790,,1805,1
EAVT-L3-CHAOTIC-035-N131,EAVT-L3-CHAOTIC-035,nuisance_misc,L0,auxiliary_system,1815,,1835,1
EAVT-L3-CHAOTIC-035-N132,EAVT-L3-CHAOTIC-035,nuisance_misc,L0,auxiliary_system,1820,,1850,1
EAVT-L3-CHAOTIC-035-N133,EAVT-L3-CHAOTIC-035,nuisance_misc,L0,auxiliary_system,1830,,1855,1
EAVT-L3-CHAOTIC-035-N134,EAVT-L3-CHAOTIC-035,nuisance_misc,L0,auxiliary_system,1835,,1865,1
EAVT-L3-CHAOTIC-035-N135,EAVT-L3-CHAOTIC-035,nuisance_misc,L0,auxiliary_system,1835,,1860,1
EAVT-L3-CHAOTIC-035-N136,EAVT-L3-CHAOTIC-035,nuisance_misc,L0,auxiliary_system,1840,,1870,1
EAVT-L3-CHAOTIC-035-N137,EAVT-L3-CHAOTIC-035,nuisance_misc,L0,auxiliary_system,1850,,1865,1
EAVT-L3-CHAOTIC-035-N138,EAVT-L3-CHAOTIC-035,nuisance_misc,L0,auxiliary_system,1855,,1870,1
EAVT-L3-CHAOTIC-035-N139,EAVT-L3-CHAOTIC-035,nuisance_misc,L0,auxiliary_system,1905,,1935,1
EAVT-L3-CHAOTIC-035-N140,EAVT-L3-CHAOTIC-035,nuisance_misc,L0,auxiliary_system,1925,,1955,1
EAVT-L3-CHAOTIC-035-N141,EAVT-L3-CHAOTIC-035,nuisance_misc,L0,auxiliary_system,1945,,1965,1
EAVT-L3-CHAOTIC-035-N142,EAVT-L3-CHAOTIC-035,nuisance_misc,L0,auxiliary_system,1950,,1975,1
EAVT-L3-CHAOTIC-035-N143,EAVT-L3-CHAOTIC-035,nuisance_misc,L0,auxiliary_system,1955,,1985,1
EAVT-L3-CHAOTIC-035-N144,EAVT-L3-CHAOTIC-035,nuisance_misc,L0,auxiliary_system,1975,,1990,1
EAVT-L3-CHAOTIC-035-N145,EAVT-L3-CHAOTIC-035,nuisance_misc,L0,auxiliary_system,1980,,2010,1
EAVT-L3-CHAOTIC-035-N146,EAVT-L3-CHAOTIC-035,nuisance_misc,L0,auxiliary_system,1990,,2010,1
EAVT-L3-CHAOTIC-035-N147,EAVT-L3-CHAOTIC-035,nuisance_misc,L0,auxiliary_system,1995,,2010,1
EAVT-L3-CHAOTIC-035-N148,EAVT-L3-CHAOTIC-035,nuisance_misc,L0,auxiliary_system,2045,,2075,1
EAVT-L3-CHAOTIC-035-N149,EAVT-L3-CHAOTIC-035,nuisance_misc,L0,auxiliary_system,2080,,2095,1
EAVT-L3-CHAOTIC-035-N150,EAVT-L3-CHAOTIC-035,nuisance_misc,L0,auxiliary_system,2095,,2120,1
EAVT-L3-CHAOTIC-035-N151,EAVT-L3-CHAOTIC-035,nuisance_misc,L0,auxiliary_system,2105,,2135,1
EAVT-L3-CHAOTIC-035-N152,EAVT-L3-CHAOTIC-035,nuisance_misc,L0,auxiliary_system,2105,,2125,1
EAVT-L3-CHAOTIC-035-N153,EAVT-L3-CHAOTIC-035,nuisance_misc,L0,auxiliary_system,2110,,2125,1
EAVT-L3-CHAOTIC-035-N154,EAVT-L3-CHAOTIC-035,nuisance_misc,L0,auxiliary_system,2110,,2140,1
EAVT-L3-CHAOTIC-035-N155,EAVT-L3-CHAOTIC-035,nuisance_misc,L0,auxiliary_system,2140,,2160,1
EAVT-L3-CHAOTIC-035-N156,EAVT-L3-CHAOTIC-035,nuisance_misc,L0,auxiliary_system,2165,,2195,1
EAVT-L3-CHAOTIC-035-N157,EAVT-L3-CHAOTIC-035,nuisance_misc,L0,auxiliary_system,2180,,2195,1
EAVT-L3-CHAOTIC-035-N158,EAVT-L3-CHAOTIC-035,nuisance_misc,L0,auxiliary_system,2185,,2205,1
EAVT-L3-CHAOTIC-035-N159,EAVT-L3-CHAOTIC-035,nuisance_misc,L0,auxiliary_system,2215,,2235,1
EAVT-L3-CHAOTIC-035-N160,EAVT-L3-CHAOTIC-035,nuisance_misc,L0,auxiliary_system,2215,,2240,1
EAVT-L3-CHAOTIC-035-N161,EAVT-L3-CHAOTIC-035,nuisance_misc,L0,auxiliary_system,2235,,2255,1
EAVT-L3-CHAOTIC-035-N162,EAVT-L3-CHAOTIC-035,nuisance_misc,L0,auxiliary_system,2245,,2265,1
EAVT-L3-CHAOTIC-035-N163,EAVT-L3-CHAOTIC-035,nuisance_misc,L0,auxiliary_system,2260,,2290,1
EAVT-L3-CHAOTIC-035-N164,EAVT-L3-CHAOTIC-035,nuisance_misc,L0,auxiliary_system,2265,,2280,1
EAVT-L3-CHAOTIC-035-N165,EAVT-L3-CHAOTIC-035,nuisance_misc,L0,auxiliary_system,2275,,2295,1
EAVT-L3-CHAOTIC-035-N166,EAVT-L3-CHAOTIC-035,nuisance_misc,L0,auxiliary_system,2280,,2305,1
EAVT-L3-CHAOTIC-035-N167,EAVT-L3-CHAOTIC-035,nuisance_misc,L0,auxiliary_system,2300,,2320,1
EAVT-L3-CHAOTIC-035-N168,EAVT-L3-CHAOTIC-035,nuisance_misc,L0,auxiliary_system,2305,,2320,1
EAVT-L3-CHAOTIC-035-N169,EAVT-L3-CHAOTIC-035,nuisance_misc,L0,auxiliary_system,2315,,2345,1
EAVT-L3-CHAOTIC-035-N170,EAVT-L3-CHAOTIC-035,nuisance_misc,L0,auxiliary_system,2315,,2340,1
EAVT-L3-CHAOTIC-035-N171,EAVT-L3-CHAOTIC-035,nuisance_misc,L0,auxiliary_system,2345,,2370,1
EAVT-L3-CHAOTIC-035-N172,EAVT-L3-CHAOTIC-035,nuisance_misc,L0,auxiliary_system,2360,,2390,1
EAVT-L3-CHAOTIC-035-N173,EAVT-L3-CHAOTIC-035,nuisance_misc,L0,auxiliary_system,2375,,2405,1
EAVT-L3-CHAOTIC-035-N174,EAVT-L3-CHAOTIC-035,nuisance_misc,L0,auxiliary_system,2375,,2390,1
EAVT-L3-CHAOTIC-035-N175,EAVT-L3-CHAOTIC-035,nuisance_misc,L0,auxiliary_system,2380,,2405,1
EAVT-L3-CHAOTIC-035-N176,EAVT-L3-CHAOTIC-035,nuisance_misc,L0,auxiliary_system,2390,,2410,1
EAVT-L3-CHAOTIC-035-N177,EAVT-L3-CHAOTIC-035,nuisance_misc,L0,auxiliary_system,2435,,2455,1
EAVT-L3-CHAOTIC-035-N178,EAVT-L3-CHAOTIC-035,nuisance_misc,L0,auxiliary_system,2440,,2465,1
EAVT-L3-CHAOTIC-035-N179,EAVT-L3-CHAOTIC-035,nuisance_misc,L0,auxiliary_system,2465,,2490,1
EAVT-L3-CHAOTIC-035-N180,EAVT-L3-CHAOTIC-035,nuisance_misc,L0,auxiliary_system,2465,,2485,1
EAVT-L3-CHAOTIC-035-N181,EAVT-L3-CHAOTIC-035,nuisance_misc,L0,auxiliary_system,2465,,2485,1
EAVT-L3-CHAOTIC-035-N182,EAVT-L3-CHAOTIC-035,nuisance_misc,L0,auxiliary_system,2475,,2495,1
EAVT-L3-CHAOTIC-035-N183,EAVT-L3-CHAOTIC-035,nuisance_misc,L0,auxiliary_system,2490,,2515,1
EAVT-L3-CHAOTIC-035-N184,EAVT-L3-CHAOTIC-035,nuisance_misc,L0,auxiliary_system,2505,,2530,1
EAVT-L3-CHAOTIC-035-N185,EAVT-L3-CHAOTIC-035,nuisance_misc,L0,auxiliary_system,2535,,2550,1
EAVT-L3-CHAOTIC-035-N186,EAVT-L3-CHAOTIC-035,nuisance_misc,L0,auxiliary_system,2540,,2560,1
EAVT-L3-CHAOTIC-035-N187,EAVT-L3-CHAOTIC-035,nuisance_misc,L0,auxiliary_system,2550,,2575,1
EAVT-L3-CHAOTIC-035-N188,EAVT-L3-CHAOTIC-035,nuisance_misc,L0,auxiliary_system,2550,,2565,1
EAVT-L3-CHAOTIC-035-N189,EAVT-L3-CHAOTIC-035,nuisance_misc,L0,auxiliary_system,2565,,2595,1
EAVT-L3-CHAOTIC-035-N190,EAVT-L3-CHAOTIC-035,nuisance_misc,L0,auxiliary_system,2575,,2595,1
EAVT-L3-CHAOTIC-035-N191,EAVT-L3-CHAOTIC-035,nuisance_misc,L0,auxiliary_system,2590,,2610,1
EAVT-L3-CHAOTIC-035-N192,EAVT-L3-CHAOTIC-035,nuisance_misc,L0,auxiliary_system,2620,,2645,1
EAVT-L3-CHAOTIC-035-N193,EAVT-L3-CHAOTIC-035,nuisance_misc,L0,auxiliary_system,2625,,2655,1
EAVT-L3-CHAOTIC-035-N194,EAVT-L3-CHAOTIC-035,nuisance_misc,L0,auxiliary_system,2680,,2700,1
EAVT-L3-CHAOTIC-035-N195,EAVT-L3-CHAOTIC-035,nuisance_misc,L0,auxiliary_system,2685,,2700,1
EAVT-L3-CHAOTIC-035-N196,EAVT-L3-CHAOTIC-035,nuisance_misc,L0,auxiliary_system,2695,,2720,1
EAVT-L3-CHAOTIC-035-N197,EAVT-L3-CHAOTIC-035,nuisance_misc,L0,auxiliary_system,2700,,2725,1
EAVT-L3-CHAOTIC-035-N198,EAVT-L3-CHAOTIC-035,nuisance_misc,L0,auxiliary_system,2750,,2765,1
EAVT-L3-CHAOTIC-035-N199,EAVT-L3-CHAOTIC-035,nuisance_misc,L0,auxiliary_system,2750,,2765,1
EAVT-L3-CHAOTIC-035-N200,EAVT-L3-CHAOTIC-035,nuisance_misc,L0,auxiliary_system,2770,,2790,1
EAVT-L3-CHAOTIC-035-N201,EAVT-L3-CHAOTIC-035,nuisance_misc,L0,auxiliary_system,2770,,2800,1
EAVT-L3-CHAOTIC-035-N202,EAVT-L3-CHAOTIC-035,nuisance_misc,L0,auxiliary_system,2785,,2805,1
EAVT-L3-CHAOTIC-035-N203,EAVT-L3-CHAOTIC-035,nuisance_misc,L0,auxiliary_system,2785,,2810,1
EAVT-L3-CHAOTIC-035-N204,EAVT-L3-CHAOTIC-035,nuisance_misc,L0,auxiliary_system,2810,,2825,1
EAVT-L3-CHAOTIC-035-N205,EAVT-L3-CHAOTIC-035,nuisance_misc,L0,auxiliary_system,2815,,2830,1
EAVT-L3-CHAOTIC-035-N206,EAVT-L3-CHAOTIC-035,nuisance_misc,L0,auxiliary_system,2825,,2840,1
EAVT-L3-CHAOTIC-035-N207,EAVT-L3-CHAOTIC-035,nuisance_misc,L0,auxiliary_system,2830,,2845,1
EAVT-L3-CHAOTIC-035-N208,EAVT-L3-CHAOTIC-035,nuisance_misc,L0,auxiliary_system,2840,,2865,1
EAVT-L3-CHAOTIC-035-N209,EAVT-L3-CHAOTIC-035,nuisance_misc,L0,auxiliary_system,2860,,2875,1
EAVT-L3-CHAOTIC-035-N210,EAVT-L3-CHAOTIC-035,nuisance_misc,L0,auxiliary_system,2860,,2880,1
EAVT-L3-CHAOTIC-035-N211,EAVT-L3-CHAOTIC-035,nuisance_misc,L0,auxiliary_system,2890,,2920,1
EAVT-L3-CHAOTIC-035-N212,EAVT-L3-CHAOTIC-035,nuisance_misc,L0,auxiliary_system,2900,,2930,1
EAVT-L3-CHAOTIC-035-N213,EAVT-L3-CHAOTIC-035,nuisance_misc,L0,auxiliary_system,2905,,2930,1
EAVT-L3-CHAOTIC-035-N214,EAVT-L3-CHAOTIC-035,nuisance_misc,L0,auxiliary_system,2915,,2945,1
EAVT-L3-CHAOTIC-035-N215,EAVT-L3-CHAOTIC-035,nuisance_misc,L0,auxiliary_system,2915,,2935,1
EAVT-L3-CHAOTIC-035-N216,EAVT-L3-CHAOTIC-035,nuisance_misc,L0,auxiliary_system,2915,,2930,1
EAVT-L3-CHAOTIC-035-N217,EAVT-L3-CHAOTIC-035,nuisance_misc,L0,auxiliary_system,2930,,2955,1
EAVT-L3-CHAOTIC-035-N218,EAVT-L3-CHAOTIC-035,nuisance_misc,L0,auxiliary_system,2945,,2960,1
EAVT-L3-CHAOTIC-035-N219,EAVT-L3-CHAOTIC-035,nuisance_misc,L0,auxiliary_system,2950,,2980,1
EAVT-L3-CHAOTIC-035-N220,EAVT-L3-CHAOTIC-035,nuisance_misc,L0,auxiliary_system,2950,,2975,1
EAVT-L3-CHAOTIC-035-N221,EAVT-L3-CHAOTIC-035,nuisance_misc,L0,auxiliary_system,2960,,2990,1
EAVT-L3-CHAOTIC-035-N222,EAVT-L3-CHAOTIC-035,nuisance_misc,L0,auxiliary_system,3000,,3030,1
EAVT-L3-CHAOTIC-035-N223,EAVT-L3-CHAOTIC-035,nuisance_misc,L0,auxiliary_system,3010,,3040,1
EAVT-L3-CHAOTIC-035-N224,EAVT-L3-CHAOTIC-035,nuisance_misc,L0,auxiliary_system,3015,,3030,1
EAVT-L3-CHAOTIC-035-N225,EAVT-L3-CHAOTIC-035,nuisance_misc,L0,auxiliary_system,3025,,3040,1
EAVT-L3-CHAOTIC-035-N226,EAVT-L3-CHAOTIC-035,nuisance_misc,L0,auxiliary_system,3035,,3060,1
EAVT-L3-CHAOTIC-035-N227,EAVT-L3-CHAOTIC-035,nuisance_misc,L0,auxiliary_system,3045,,3070,1
EAVT-L3-CHAOTIC-035-N228,EAVT-L3-CHAOTIC-035,nuisance_misc,L0,auxiliary_system,3065,,3095,1
EAVT-L3-CHAOTIC-035-N229,EAVT-L3-CHAOTIC-035,nuisance_misc,L0,auxiliary_system,3065,,3095,1
EAVT-L3-CHAOTIC-035-N230,EAVT-L3-CHAOTIC-035,nuisance_misc,L0,auxiliary_system,3085,,3115,1
EAVT-L3-CHAOTIC-035-N231,EAVT-L3-CHAOTIC-035,nuisance_misc,L0,auxiliary_system,3100,,3115,1
EAVT-L3-CHAOTIC-035-N232,EAVT-L3-CHAOTIC-035,nuisance_misc,L0,auxiliary_system,3110,,3140,1
EAVT-L3-CHAOTIC-035-N233,EAVT-L3-CHAOTIC-035,nuisance_misc,L0,auxiliary_system,3125,,3150,1
EAVT-L3-CHAOTIC-035-N234,EAVT-L3-CHAOTIC-035,nuisance_misc,L0,auxiliary_system,3130,,3160,1
EAVT-L3-CHAOTIC-035-N235,EAVT-L3-CHAOTIC-035,nuisance_misc,L0,auxiliary_system,3140,,3160,1
EAVT-L3-CHAOTIC-035-N236,EAVT-L3-CHAOTIC-035,nuisance_misc,L0,auxiliary_system,3170,,3195,1
EAVT-L3-CHAOTIC-035-N237,EAVT-L3-CHAOTIC-035,nuisance_misc,L0,auxiliary_system,3200,,3230,1
EAVT-L3-CHAOTIC-035-N238,EAVT-L3-CHAOTIC-035,nuisance_misc,L0,auxiliary_system,3205,,3220,1
EAVT-L3-CHAOTIC-035-N239,EAVT-L3-CHAOTIC-035,nuisance_misc,L0,auxiliary_system,3215,,3245,1
EAVT-L3-CHAOTIC-035-N240,EAVT-L3-CHAOTIC-035,nuisance_misc,L0,auxiliary_system,3220,,3250,1
EAVT-L3-CHAOTIC-035-N241,EAVT-L3-CHAOTIC-035,nuisance_misc,L0,auxiliary_system,3235,,3265,1
EAVT-L3-CHAOTIC-035-N242,EAVT-L3-CHAOTIC-035,nuisance_misc,L0,auxiliary_system,3255,,3285,1
EAVT-L3-CHAOTIC-035-N243,EAVT-L3-CHAOTIC-035,nuisance_misc,L0,auxiliary_system,3260,,3290,1
EAVT-L3-CHAOTIC-035-N244,EAVT-L3-CHAOTIC-035,nuisance_misc,L0,auxiliary_system,3275,,3305,1
EAVT-L3-CHAOTIC-035-N245,EAVT-L3-CHAOTIC-035,nuisance_misc,L0,auxiliary_system,3290,,3315,1
EAVT-L3-CHAOTIC-035-N246,EAVT-L3-CHAOTIC-035,nuisance_misc,L0,auxiliary_system,3305,,3320,1
EAVT-L3-CHAOTIC-035-N247,EAVT-L3-CHAOTIC-035,nuisance_misc,L0,auxiliary_system,3305,,3330,1
EAVT-L3-CHAOTIC-035-N248,EAVT-L3-CHAOTIC-035,nuisance_misc,L0,auxiliary_system,3320,,3345,1
EAVT-L3-CHAOTIC-035-N249,EAVT-L3-CHAOTIC-035,nuisance_misc,L0,auxiliary_system,3320,,3340,1
EAVT-L3-CHAOTIC-035-N250,EAVT-L3-CHAOTIC-035,nuisance_misc,L0,auxiliary_system,3350,,3375,1
EAVT-L3-CHAOTIC-035-N251,EAVT-L3-CHAOTIC-035,nuisance_misc,L0,auxiliary_system,3350,,3375,1
EAVT-L3-CHAOTIC-035-N252,EAVT-L3-CHAOTIC-035,nuisance_misc,L0,auxiliary_system,3360,,3390,1
EAVT-L3-CHAOTIC-035-N253,EAVT-L3-CHAOTIC-035,nuisance_misc,L0,auxiliary_system,3375,,3390,1
EAVT-L3-CHAOTIC-035-N254,EAVT-L3-CHAOTIC-035,nuisance_misc,L0,auxiliary_system,3375,,3395,1
EAVT-L3-CHAOTIC-035-N255,EAVT-L3-CHAOTIC-035,nuisance_misc,L0,auxiliary_system,3385,,3405,1
EAVT-L3-CHAOTIC-035-N256,EAVT-L3-CHAOTIC-035,nuisance_misc,L0,auxiliary_system,3395,,3420,1
EAVT-L3-CHAOTIC-035-N257,EAVT-L3-CHAOTIC-035,nuisance_misc,L0,auxiliary_system,3400,,3420,1
EAVT-L3-CHAOTIC-035-N258,EAVT-L3-CHAOTIC-035,nuisance_misc,L0,auxiliary_system,3410,,3440,1
EAVT-L3-CHAOTIC-035-N259,EAVT-L3-CHAOTIC-035,nuisance_misc,L0,auxiliary_system,3415,,3445,1
EAVT-L3-CHAOTIC-035-N260,EAVT-L3-CHAOTIC-035,nuisance_misc,L0,auxiliary_system,3510,,3540,1
EAVT-L3-CHAOTIC-035-N261,EAVT-L3-CHAOTIC-035,nuisance_misc,L0,auxiliary_system,3510,,3525,1
EAVT-L3-CHAOTIC-035-N262,EAVT-L3-CHAOTIC-035,nuisance_misc,L0,auxiliary_system,3520,,3545,1
EAVT-L3-CHAOTIC-035-N263,EAVT-L3-CHAOTIC-035,nuisance_misc,L0,auxiliary_system,3520,,3540,1
EAVT-L3-CHAOTIC-035-N264,EAVT-L3-CHAOTIC-035,nuisance_misc,L0,auxiliary_system,3530,,3555,1
EAVT-L3-CHAOTIC-035-N265,EAVT-L3-CHAOTIC-035,nuisance_misc,L0,auxiliary_system,3545,,3575,1
EAVT-L3-CHAOTIC-035-N266,EAVT-L3-CHAOTIC-035,nuisance_misc,L0,auxiliary_system,3575,,3605,1
EAVT-L3-CHAOTIC-035-N267,EAVT-L3-CHAOTIC-035,nuisance_misc,L0,auxiliary_system,3585,,3600,1
EAVT-L3-CHAOTIC-035-N268,EAVT-L3-CHAOTIC-035,nuisance_misc,L0,auxiliary_system,3610,,3635,1
EAVT-L3-CHAOTIC-035-N269,EAVT-L3-CHAOTIC-035,nuisance_misc,L0,auxiliary_system,3630,,3660,1
EAVT-L3-CHAOTIC-035-N270,EAVT-L3-CHAOTIC-035,nuisance_misc,L0,auxiliary_system,3630,,3645,1
EAVT-L3-CHAOTIC-035-N271,EAVT-L3-CHAOTIC-035,nuisance_misc,L0,auxiliary_system,3645,,3660,1
EAVT-L3-CHAOTIC-035-N272,EAVT-L3-CHAOTIC-035,nuisance_misc,L0,auxiliary_system,3665,,3695,1
EAVT-L3-CHAOTIC-035-N273,EAVT-L3-CHAOTIC-035,nuisance_misc,L0,auxiliary_system,3670,,3695,1
EAVT-L3-CHAOTIC-035-N274,EAVT-L3-CHAOTIC-035,nuisance_misc,L0,auxiliary_system,3720,,3735,1
EAVT-L3-CHAOTIC-035-N275,EAVT-L3-CHAOTIC-035,nuisance_misc,L0,auxiliary_system,3720,,3735,1
EAVT-L3-CHAOTIC-035-N276,EAVT-L3-CHAOTIC-035,nuisance_misc,L0,auxiliary_system,3730,,3745,1
EAVT-L3-CHAOTIC-035-N277,EAVT-L3-CHAOTIC-035,nuisance_misc,L0,auxiliary_system,3740,,3770,1
EAVT-L3-CHAOTIC-035-N278,EAVT-L3-CHAOTIC-035,nuisance_misc,L0,auxiliary_system,3760,,3785,1
EAVT-L3-CHAOTIC-035-N279,EAVT-L3-CHAOTIC-035,nuisance_misc,L0,auxiliary_system,3775,,3800,1
EAVT-L3-CHAOTIC-035-N280,EAVT-L3-CHAOTIC-035,nuisance_misc,L0,auxiliary_system,3780,,3810,1
EAVT-L3-CHAOTIC-035-N281,EAVT-L3-CHAOTIC-035,nuisance_misc,L0,auxiliary_system,3795,,3810,1
EAVT-L3-CHAOTIC-035-N282,EAVT-L3-CHAOTIC-035,nuisance_misc,L0,auxiliary_system,3810,,3830,1
EAVT-L3-CHAOTIC-035-N283,EAVT-L3-CHAOTIC-035,nuisance_misc,L0,auxiliary_system,3815,,3845,1
EAVT-L3-CHAOTIC-035-N284,EAVT-L3-CHAOTIC-035,nuisance_misc,L0,auxiliary_system,3825,,3845,1
EAVT-L3-CHAOTIC-035-N285,EAVT-L3-CHAOTIC-035,nuisance_misc,L0,auxiliary_system,3835,,3850,1
EAVT-L3-CHAOTIC-035-N286,EAVT-L3-CHAOTIC-035,nuisance_misc,L0,auxiliary_system,3865,,3880,1
EAVT-L3-CHAOTIC-035-N287,EAVT-L3-CHAOTIC-035,nuisance_misc,L0,auxiliary_system,3870,,3895,1
EAVT-L3-CHAOTIC-035-N288,EAVT-L3-CHAOTIC-035,nuisance_misc,L0,auxiliary_system,3875,,3890,1
EAVT-L3-CHAOTIC-035-N289,EAVT-L3-CHAOTIC-035,nuisance_misc,L0,auxiliary_system,3900,,3900,1
EAVT-L3-CHAOTIC-035-N290,EAVT-L3-CHAOTIC-035,nuisance_misc,L0,auxiliary_system,3900,,3900,1
EAVT-L3-CHAOTIC-035-S01,EAVT-L3-CHAOTIC-035,flow_deviation_branch,L1,feed_branch_3,3150,3280,3555,0
EAVT-L3-CHAOTIC-035-S02,EAVT-L3-CHAOTIC-035,t11_temperature_deviation,L3,T-1...T-11,3160,3280,3595,0
EAVT-L3-CHAOTIC-035-S03,EAVT-L3-CHAOTIC-035,feed_flow_imbalance,L2,feed_system,3170,3280,3530,0
EAVT-L3-CHAOTIC-035-S04,EAVT-L3-CHAOTIC-035,elou_load_imbalance,L4,ELOU,3205,3280,3480,0
EAVT-L3-CHAOTIC-035-S05,EAVT-L3-CHAOTIC-035,k1_feed_deviation,L5,K-1,3275,3320,3390,0
EAVT-L3-CHAOTIC-035-S06,EAVT-L3-CHAOTIC-035,k1_feed_deviation,L5,K-1,3395,3440,3400,0
EAVT-L3-CHAOTIC-035-S07,EAVT-L3-CHAOTIC-035,feed_flow_imbalance,L2,feed_system,3535,3580,3540,0
EAVT-L3-CHAOTIC-036-N001,EAVT-L3-CHAOTIC-036,nuisance_misc,L0,auxiliary_system,10,,35,1
EAVT-L3-CHAOTIC-036-N002,EAVT-L3-CHAOTIC-036,nuisance_misc,L0,auxiliary_system,10,,30,1
EAVT-L3-CHAOTIC-036-N003,EAVT-L3-CHAOTIC-036,nuisance_misc,L0,auxiliary_system,10,,30,1
EAVT-L3-CHAOTIC-036-N004,EAVT-L3-CHAOTIC-036,nuisance_misc,L0,auxiliary_system,25,,45,1
EAVT-L3-CHAOTIC-036-N005,EAVT-L3-CHAOTIC-036,nuisance_misc,L0,auxiliary_system,30,,60,1
EAVT-L3-CHAOTIC-036-N006,EAVT-L3-CHAOTIC-036,nuisance_misc,L0,auxiliary_system,35,,65,1
EAVT-L3-CHAOTIC-036-N007,EAVT-L3-CHAOTIC-036,nuisance_misc,L0,auxiliary_system,35,,50,1
EAVT-L3-CHAOTIC-036-N008,EAVT-L3-CHAOTIC-036,nuisance_misc,L0,auxiliary_system,45,,75,1
EAVT-L3-CHAOTIC-036-N009,EAVT-L3-CHAOTIC-036,nuisance_misc,L0,auxiliary_system,60,,75,1
EAVT-L3-CHAOTIC-036-N010,EAVT-L3-CHAOTIC-036,nuisance_misc,L0,auxiliary_system,65,,85,1
EAVT-L3-CHAOTIC-036-N011,EAVT-L3-CHAOTIC-036,nuisance_misc,L0,auxiliary_system,70,,95,1
EAVT-L3-CHAOTIC-036-N012,EAVT-L3-CHAOTIC-036,nuisance_misc,L0,auxiliary_system,80,,95,1
EAVT-L3-CHAOTIC-036-N013,EAVT-L3-CHAOTIC-036,nuisance_misc,L0,auxiliary_system,85,,110,1
EAVT-L3-CHAOTIC-036-N014,EAVT-L3-CHAOTIC-036,nuisance_misc,L0,auxiliary_system,100,,115,1
EAVT-L3-CHAOTIC-036-N015,EAVT-L3-CHAOTIC-036,nuisance_misc,L0,auxiliary_system,130,,160,1
EAVT-L3-CHAOTIC-036-N016,EAVT-L3-CHAOTIC-036,nuisance_misc,L0,auxiliary_system,150,,180,1
EAVT-L3-CHAOTIC-036-N017,EAVT-L3-CHAOTIC-036,nuisance_misc,L0,auxiliary_system,160,,190,1
EAVT-L3-CHAOTIC-036-N018,EAVT-L3-CHAOTIC-036,nuisance_misc,L0,auxiliary_system,165,,190,1
EAVT-L3-CHAOTIC-036-N019,EAVT-L3-CHAOTIC-036,nuisance_misc,L0,auxiliary_system,180,,200,1
EAVT-L3-CHAOTIC-036-N020,EAVT-L3-CHAOTIC-036,nuisance_misc,L0,auxiliary_system,195,,210,1
EAVT-L3-CHAOTIC-036-N021,EAVT-L3-CHAOTIC-036,nuisance_misc,L0,auxiliary_system,235,,255,1
EAVT-L3-CHAOTIC-036-N022,EAVT-L3-CHAOTIC-036,nuisance_misc,L0,auxiliary_system,250,,270,1
EAVT-L3-CHAOTIC-036-N023,EAVT-L3-CHAOTIC-036,nuisance_misc,L0,auxiliary_system,265,,295,1
EAVT-L3-CHAOTIC-036-N024,EAVT-L3-CHAOTIC-036,nuisance_misc,L0,auxiliary_system,295,,310,1
EAVT-L3-CHAOTIC-036-N025,EAVT-L3-CHAOTIC-036,nuisance_misc,L0,auxiliary_system,300,,330,1
EAVT-L3-CHAOTIC-036-N026,EAVT-L3-CHAOTIC-036,nuisance_misc,L0,auxiliary_system,335,,360,1
EAVT-L3-CHAOTIC-036-N027,EAVT-L3-CHAOTIC-036,nuisance_misc,L0,auxiliary_system,340,,360,1
EAVT-L3-CHAOTIC-036-N028,EAVT-L3-CHAOTIC-036,nuisance_misc,L0,auxiliary_system,345,,365,1
EAVT-L3-CHAOTIC-036-N029,EAVT-L3-CHAOTIC-036,nuisance_misc,L0,auxiliary_system,365,,380,1
EAVT-L3-CHAOTIC-036-N030,EAVT-L3-CHAOTIC-036,nuisance_misc,L0,auxiliary_system,375,,400,1
EAVT-L3-CHAOTIC-036-N031,EAVT-L3-CHAOTIC-036,nuisance_misc,L0,auxiliary_system,380,,410,1
EAVT-L3-CHAOTIC-036-N032,EAVT-L3-CHAOTIC-036,nuisance_misc,L0,auxiliary_system,380,,410,1
EAVT-L3-CHAOTIC-036-N033,EAVT-L3-CHAOTIC-036,nuisance_misc,L0,auxiliary_system,415,,440,1
EAVT-L3-CHAOTIC-036-N034,EAVT-L3-CHAOTIC-036,nuisance_misc,L0,auxiliary_system,415,,440,1
EAVT-L3-CHAOTIC-036-N035,EAVT-L3-CHAOTIC-036,nuisance_misc,L0,auxiliary_system,435,,450,1
EAVT-L3-CHAOTIC-036-N036,EAVT-L3-CHAOTIC-036,nuisance_misc,L0,auxiliary_system,440,,455,1
EAVT-L3-CHAOTIC-036-N037,EAVT-L3-CHAOTIC-036,nuisance_misc,L0,auxiliary_system,490,,520,1
EAVT-L3-CHAOTIC-036-N038,EAVT-L3-CHAOTIC-036,nuisance_misc,L0,auxiliary_system,510,,540,1
EAVT-L3-CHAOTIC-036-N039,EAVT-L3-CHAOTIC-036,nuisance_misc,L0,auxiliary_system,515,,545,1
EAVT-L3-CHAOTIC-036-N040,EAVT-L3-CHAOTIC-036,nuisance_misc,L0,auxiliary_system,520,,550,1
EAVT-L3-CHAOTIC-036-N041,EAVT-L3-CHAOTIC-036,nuisance_misc,L0,auxiliary_system,530,,555,1
EAVT-L3-CHAOTIC-036-N042,EAVT-L3-CHAOTIC-036,nuisance_misc,L0,auxiliary_system,540,,555,1
EAVT-L3-CHAOTIC-036-N043,EAVT-L3-CHAOTIC-036,nuisance_misc,L0,auxiliary_system,540,,565,1
EAVT-L3-CHAOTIC-036-N044,EAVT-L3-CHAOTIC-036,nuisance_misc,L0,auxiliary_system,545,,565,1
EAVT-L3-CHAOTIC-036-N045,EAVT-L3-CHAOTIC-036,nuisance_misc,L0,auxiliary_system,565,,595,1
EAVT-L3-CHAOTIC-036-N046,EAVT-L3-CHAOTIC-036,nuisance_misc,L0,auxiliary_system,575,,590,1
EAVT-L3-CHAOTIC-036-N047,EAVT-L3-CHAOTIC-036,nuisance_misc,L0,auxiliary_system,580,,600,1
EAVT-L3-CHAOTIC-036-N048,EAVT-L3-CHAOTIC-036,nuisance_misc,L0,auxiliary_system,595,,610,1
EAVT-L3-CHAOTIC-036-N049,EAVT-L3-CHAOTIC-036,nuisance_misc,L0,auxiliary_system,595,,625,1
EAVT-L3-CHAOTIC-036-N050,EAVT-L3-CHAOTIC-036,nuisance_misc,L0,auxiliary_system,600,,620,1
EAVT-L3-CHAOTIC-036-N051,EAVT-L3-CHAOTIC-036,nuisance_misc,L0,auxiliary_system,635,,650,1
EAVT-L3-CHAOTIC-036-N052,EAVT-L3-CHAOTIC-036,nuisance_misc,L0,auxiliary_system,720,,735,1
EAVT-L3-CHAOTIC-036-N053,EAVT-L3-CHAOTIC-036,nuisance_misc,L0,auxiliary_system,740,,765,1
EAVT-L3-CHAOTIC-036-N054,EAVT-L3-CHAOTIC-036,nuisance_misc,L0,auxiliary_system,765,,785,1
EAVT-L3-CHAOTIC-036-N055,EAVT-L3-CHAOTIC-036,nuisance_misc,L0,auxiliary_system,765,,790,1
EAVT-L3-CHAOTIC-036-N056,EAVT-L3-CHAOTIC-036,nuisance_misc,L0,auxiliary_system,770,,795,1
EAVT-L3-CHAOTIC-036-N057,EAVT-L3-CHAOTIC-036,nuisance_misc,L0,auxiliary_system,785,,815,1
EAVT-L3-CHAOTIC-036-N058,EAVT-L3-CHAOTIC-036,nuisance_misc,L0,auxiliary_system,785,,800,1
EAVT-L3-CHAOTIC-036-N059,EAVT-L3-CHAOTIC-036,nuisance_misc,L0,auxiliary_system,790,,805,1
EAVT-L3-CHAOTIC-036-N060,EAVT-L3-CHAOTIC-036,nuisance_misc,L0,auxiliary_system,810,,830,1
EAVT-L3-CHAOTIC-036-N061,EAVT-L3-CHAOTIC-036,nuisance_misc,L0,auxiliary_system,815,,835,1
EAVT-L3-CHAOTIC-036-N062,EAVT-L3-CHAOTIC-036,nuisance_misc,L0,auxiliary_system,820,,835,1
EAVT-L3-CHAOTIC-036-N063,EAVT-L3-CHAOTIC-036,nuisance_misc,L0,auxiliary_system,825,,850,1
EAVT-L3-CHAOTIC-036-N064,EAVT-L3-CHAOTIC-036,nuisance_misc,L0,auxiliary_system,830,,855,1
EAVT-L3-CHAOTIC-036-N065,EAVT-L3-CHAOTIC-036,nuisance_misc,L0,auxiliary_system,835,,850,1
EAVT-L3-CHAOTIC-036-N066,EAVT-L3-CHAOTIC-036,nuisance_misc,L0,auxiliary_system,880,,895,1
EAVT-L3-CHAOTIC-036-N067,EAVT-L3-CHAOTIC-036,nuisance_misc,L0,auxiliary_system,905,,935,1
EAVT-L3-CHAOTIC-036-N068,EAVT-L3-CHAOTIC-036,nuisance_misc,L0,auxiliary_system,910,,940,1
EAVT-L3-CHAOTIC-036-N069,EAVT-L3-CHAOTIC-036,nuisance_misc,L0,auxiliary_system,920,,935,1
EAVT-L3-CHAOTIC-036-N070,EAVT-L3-CHAOTIC-036,nuisance_misc,L0,auxiliary_system,925,,940,1
EAVT-L3-CHAOTIC-036-N071,EAVT-L3-CHAOTIC-036,nuisance_misc,L0,auxiliary_system,945,,975,1
EAVT-L3-CHAOTIC-036-N072,EAVT-L3-CHAOTIC-036,nuisance_misc,L0,auxiliary_system,950,,975,1
EAVT-L3-CHAOTIC-036-N073,EAVT-L3-CHAOTIC-036,nuisance_misc,L0,auxiliary_system,950,,970,1
EAVT-L3-CHAOTIC-036-N074,EAVT-L3-CHAOTIC-036,nuisance_misc,L0,auxiliary_system,950,,980,1
EAVT-L3-CHAOTIC-036-N075,EAVT-L3-CHAOTIC-036,nuisance_misc,L0,auxiliary_system,955,,980,1
EAVT-L3-CHAOTIC-036-N076,EAVT-L3-CHAOTIC-036,nuisance_misc,L0,auxiliary_system,970,,990,1
EAVT-L3-CHAOTIC-036-N077,EAVT-L3-CHAOTIC-036,nuisance_misc,L0,auxiliary_system,970,,985,1
EAVT-L3-CHAOTIC-036-N078,EAVT-L3-CHAOTIC-036,nuisance_misc,L0,auxiliary_system,1000,,1025,1
EAVT-L3-CHAOTIC-036-N079,EAVT-L3-CHAOTIC-036,nuisance_misc,L0,auxiliary_system,1005,,1020,1
EAVT-L3-CHAOTIC-036-N080,EAVT-L3-CHAOTIC-036,nuisance_misc,L0,auxiliary_system,1010,,1025,1
EAVT-L3-CHAOTIC-036-N081,EAVT-L3-CHAOTIC-036,nuisance_misc,L0,auxiliary_system,1065,,1080,1
EAVT-L3-CHAOTIC-036-N082,EAVT-L3-CHAOTIC-036,nuisance_misc,L0,auxiliary_system,1090,,1120,1
EAVT-L3-CHAOTIC-036-N083,EAVT-L3-CHAOTIC-036,nuisance_misc,L0,auxiliary_system,1100,,1120,1
EAVT-L3-CHAOTIC-036-N084,EAVT-L3-CHAOTIC-036,nuisance_misc,L0,auxiliary_system,1100,,1125,1
EAVT-L3-CHAOTIC-036-N085,EAVT-L3-CHAOTIC-036,nuisance_misc,L0,auxiliary_system,1110,,1140,1
EAVT-L3-CHAOTIC-036-N086,EAVT-L3-CHAOTIC-036,nuisance_misc,L0,auxiliary_system,1115,,1135,1
EAVT-L3-CHAOTIC-036-N087,EAVT-L3-CHAOTIC-036,nuisance_misc,L0,auxiliary_system,1125,,1145,1
EAVT-L3-CHAOTIC-036-N088,EAVT-L3-CHAOTIC-036,nuisance_misc,L0,auxiliary_system,1130,,1160,1
EAVT-L3-CHAOTIC-036-N089,EAVT-L3-CHAOTIC-036,nuisance_misc,L0,auxiliary_system,1150,,1175,1
EAVT-L3-CHAOTIC-036-N090,EAVT-L3-CHAOTIC-036,nuisance_misc,L0,auxiliary_system,1165,,1190,1
EAVT-L3-CHAOTIC-036-N091,EAVT-L3-CHAOTIC-036,nuisance_misc,L0,auxiliary_system,1170,,1190,1
EAVT-L3-CHAOTIC-036-N092,EAVT-L3-CHAOTIC-036,nuisance_misc,L0,auxiliary_system,1175,,1195,1
EAVT-L3-CHAOTIC-036-N093,EAVT-L3-CHAOTIC-036,nuisance_misc,L0,auxiliary_system,1215,,1235,1
EAVT-L3-CHAOTIC-036-N094,EAVT-L3-CHAOTIC-036,nuisance_misc,L0,auxiliary_system,1230,,1250,1
EAVT-L3-CHAOTIC-036-N095,EAVT-L3-CHAOTIC-036,nuisance_misc,L0,auxiliary_system,1240,,1255,1
EAVT-L3-CHAOTIC-036-N096,EAVT-L3-CHAOTIC-036,nuisance_misc,L0,auxiliary_system,1245,,1275,1
EAVT-L3-CHAOTIC-036-N097,EAVT-L3-CHAOTIC-036,nuisance_misc,L0,auxiliary_system,1250,,1275,1
EAVT-L3-CHAOTIC-036-N098,EAVT-L3-CHAOTIC-036,nuisance_misc,L0,auxiliary_system,1255,,1270,1
EAVT-L3-CHAOTIC-036-N099,EAVT-L3-CHAOTIC-036,nuisance_misc,L0,auxiliary_system,1295,,1315,1
EAVT-L3-CHAOTIC-036-N100,EAVT-L3-CHAOTIC-036,nuisance_misc,L0,auxiliary_system,1310,,1340,1
EAVT-L3-CHAOTIC-036-N101,EAVT-L3-CHAOTIC-036,nuisance_misc,L0,auxiliary_system,1320,,1340,1
EAVT-L3-CHAOTIC-036-N102,EAVT-L3-CHAOTIC-036,nuisance_misc,L0,auxiliary_system,1345,,1375,1
EAVT-L3-CHAOTIC-036-N103,EAVT-L3-CHAOTIC-036,nuisance_misc,L0,auxiliary_system,1355,,1370,1
EAVT-L3-CHAOTIC-036-N104,EAVT-L3-CHAOTIC-036,nuisance_misc,L0,auxiliary_system,1360,,1390,1
EAVT-L3-CHAOTIC-036-N105,EAVT-L3-CHAOTIC-036,nuisance_misc,L0,auxiliary_system,1385,,1415,1
EAVT-L3-CHAOTIC-036-N106,EAVT-L3-CHAOTIC-036,nuisance_misc,L0,auxiliary_system,1470,,1485,1
EAVT-L3-CHAOTIC-036-N107,EAVT-L3-CHAOTIC-036,nuisance_misc,L0,auxiliary_system,1470,,1490,1
EAVT-L3-CHAOTIC-036-N108,EAVT-L3-CHAOTIC-036,nuisance_misc,L0,auxiliary_system,1475,,1500,1
EAVT-L3-CHAOTIC-036-N109,EAVT-L3-CHAOTIC-036,nuisance_misc,L0,auxiliary_system,1505,,1530,1
EAVT-L3-CHAOTIC-036-N110,EAVT-L3-CHAOTIC-036,nuisance_misc,L0,auxiliary_system,1560,,1585,1
EAVT-L3-CHAOTIC-036-N111,EAVT-L3-CHAOTIC-036,nuisance_misc,L0,auxiliary_system,1560,,1580,1
EAVT-L3-CHAOTIC-036-N112,EAVT-L3-CHAOTIC-036,nuisance_misc,L0,auxiliary_system,1560,,1580,1
EAVT-L3-CHAOTIC-036-N113,EAVT-L3-CHAOTIC-036,nuisance_misc,L0,auxiliary_system,1565,,1580,1
EAVT-L3-CHAOTIC-036-N114,EAVT-L3-CHAOTIC-036,nuisance_misc,L0,auxiliary_system,1570,,1600,1
EAVT-L3-CHAOTIC-036-N115,EAVT-L3-CHAOTIC-036,nuisance_misc,L0,auxiliary_system,1570,,1595,1
EAVT-L3-CHAOTIC-036-N116,EAVT-L3-CHAOTIC-036,nuisance_misc,L0,auxiliary_system,1575,,1600,1
EAVT-L3-CHAOTIC-036-N117,EAVT-L3-CHAOTIC-036,nuisance_misc,L0,auxiliary_system,1585,,1615,1
EAVT-L3-CHAOTIC-036-N118,EAVT-L3-CHAOTIC-036,nuisance_misc,L0,auxiliary_system,1585,,1605,1
EAVT-L3-CHAOTIC-036-N119,EAVT-L3-CHAOTIC-036,nuisance_misc,L0,auxiliary_system,1605,,1635,1
EAVT-L3-CHAOTIC-036-N120,EAVT-L3-CHAOTIC-036,nuisance_misc,L0,auxiliary_system,1620,,1645,1
EAVT-L3-CHAOTIC-036-N121,EAVT-L3-CHAOTIC-036,nuisance_misc,L0,auxiliary_system,1620,,1645,1
EAVT-L3-CHAOTIC-036-N122,EAVT-L3-CHAOTIC-036,nuisance_misc,L0,auxiliary_system,1620,,1640,1
EAVT-L3-CHAOTIC-036-N123,EAVT-L3-CHAOTIC-036,nuisance_misc,L0,auxiliary_system,1635,,1660,1
EAVT-L3-CHAOTIC-036-N124,EAVT-L3-CHAOTIC-036,nuisance_misc,L0,auxiliary_system,1645,,1660,1
EAVT-L3-CHAOTIC-036-N125,EAVT-L3-CHAOTIC-036,nuisance_misc,L0,auxiliary_system,1680,,1710,1
EAVT-L3-CHAOTIC-036-N126,EAVT-L3-CHAOTIC-036,nuisance_misc,L0,auxiliary_system,1685,,1700,1
EAVT-L3-CHAOTIC-036-N127,EAVT-L3-CHAOTIC-036,nuisance_misc,L0,auxiliary_system,1700,,1715,1
EAVT-L3-CHAOTIC-036-N128,EAVT-L3-CHAOTIC-036,nuisance_misc,L0,auxiliary_system,1705,,1720,1
EAVT-L3-CHAOTIC-036-N129,EAVT-L3-CHAOTIC-036,nuisance_misc,L0,auxiliary_system,1740,,1760,1
EAVT-L3-CHAOTIC-036-N130,EAVT-L3-CHAOTIC-036,nuisance_misc,L0,auxiliary_system,1760,,1780,1
EAVT-L3-CHAOTIC-036-N131,EAVT-L3-CHAOTIC-036,nuisance_misc,L0,auxiliary_system,1765,,1790,1
EAVT-L3-CHAOTIC-036-N132,EAVT-L3-CHAOTIC-036,nuisance_misc,L0,auxiliary_system,1785,,1815,1
EAVT-L3-CHAOTIC-036-N133,EAVT-L3-CHAOTIC-036,nuisance_misc,L0,auxiliary_system,1785,,1805,1
EAVT-L3-CHAOTIC-036-N134,EAVT-L3-CHAOTIC-036,nuisance_misc,L0,auxiliary_system,1790,,1810,1
EAVT-L3-CHAOTIC-036-N135,EAVT-L3-CHAOTIC-036,nuisance_misc,L0,auxiliary_system,1795,,1810,1
EAVT-L3-CHAOTIC-036-N136,EAVT-L3-CHAOTIC-036,nuisance_misc,L0,auxiliary_system,1800,,1815,1
EAVT-L3-CHAOTIC-036-N137,EAVT-L3-CHAOTIC-036,nuisance_misc,L0,auxiliary_system,1805,,1820,1
EAVT-L3-CHAOTIC-036-N138,EAVT-L3-CHAOTIC-036,nuisance_misc,L0,auxiliary_system,1820,,1840,1
EAVT-L3-CHAOTIC-036-N139,EAVT-L3-CHAOTIC-036,nuisance_misc,L0,auxiliary_system,1825,,1850,1
EAVT-L3-CHAOTIC-036-N140,EAVT-L3-CHAOTIC-036,nuisance_misc,L0,auxiliary_system,1845,,1860,1
EAVT-L3-CHAOTIC-036-N141,EAVT-L3-CHAOTIC-036,nuisance_misc,L0,auxiliary_system,1875,,1900,1
EAVT-L3-CHAOTIC-036-N142,EAVT-L3-CHAOTIC-036,nuisance_misc,L0,auxiliary_system,1885,,1900,1
EAVT-L3-CHAOTIC-036-N143,EAVT-L3-CHAOTIC-036,nuisance_misc,L0,auxiliary_system,1950,,1970,1
EAVT-L3-CHAOTIC-036-N144,EAVT-L3-CHAOTIC-036,nuisance_misc,L0,auxiliary_system,1965,,1980,1
EAVT-L3-CHAOTIC-036-N145,EAVT-L3-CHAOTIC-036,nuisance_misc,L0,auxiliary_system,1990,,2020,1
EAVT-L3-CHAOTIC-036-N146,EAVT-L3-CHAOTIC-036,nuisance_misc,L0,auxiliary_system,2000,,2020,1
EAVT-L3-CHAOTIC-036-N147,EAVT-L3-CHAOTIC-036,nuisance_misc,L0,auxiliary_system,2000,,2020,1
EAVT-L3-CHAOTIC-036-N148,EAVT-L3-CHAOTIC-036,nuisance_misc,L0,auxiliary_system,2050,,2070,1
EAVT-L3-CHAOTIC-036-N149,EAVT-L3-CHAOTIC-036,nuisance_misc,L0,auxiliary_system,2055,,2075,1
EAVT-L3-CHAOTIC-036-N150,EAVT-L3-CHAOTIC-036,nuisance_misc,L0,auxiliary_system,2055,,2070,1
EAVT-L3-CHAOTIC-036-N151,EAVT-L3-CHAOTIC-036,nuisance_misc,L0,auxiliary_system,2065,,2095,1
EAVT-L3-CHAOTIC-036-N152,EAVT-L3-CHAOTIC-036,nuisance_misc,L0,auxiliary_system,2070,,2100,1
EAVT-L3-CHAOTIC-036-N153,EAVT-L3-CHAOTIC-036,nuisance_misc,L0,auxiliary_system,2075,,2095,1
EAVT-L3-CHAOTIC-036-N154,EAVT-L3-CHAOTIC-036,nuisance_misc,L0,auxiliary_system,2090,,2115,1
EAVT-L3-CHAOTIC-036-N155,EAVT-L3-CHAOTIC-036,nuisance_misc,L0,auxiliary_system,2095,,2110,1
EAVT-L3-CHAOTIC-036-N156,EAVT-L3-CHAOTIC-036,nuisance_misc,L0,auxiliary_system,2110,,2125,1
EAVT-L3-CHAOTIC-036-N157,EAVT-L3-CHAOTIC-036,nuisance_misc,L0,auxiliary_system,2115,,2140,1
EAVT-L3-CHAOTIC-036-N158,EAVT-L3-CHAOTIC-036,nuisance_misc,L0,auxiliary_system,2140,,2155,1
EAVT-L3-CHAOTIC-036-N159,EAVT-L3-CHAOTIC-036,nuisance_misc,L0,auxiliary_system,2145,,2170,1
EAVT-L3-CHAOTIC-036-N160,EAVT-L3-CHAOTIC-036,nuisance_misc,L0,auxiliary_system,2150,,2170,1
EAVT-L3-CHAOTIC-036-N161,EAVT-L3-CHAOTIC-036,nuisance_misc,L0,auxiliary_system,2180,,2205,1
EAVT-L3-CHAOTIC-036-N162,EAVT-L3-CHAOTIC-036,nuisance_misc,L0,auxiliary_system,2185,,2200,1
EAVT-L3-CHAOTIC-036-N163,EAVT-L3-CHAOTIC-036,nuisance_misc,L0,auxiliary_system,2200,,2230,1
EAVT-L3-CHAOTIC-036-N164,EAVT-L3-CHAOTIC-036,nuisance_misc,L0,auxiliary_system,2210,,2240,1
EAVT-L3-CHAOTIC-036-N165,EAVT-L3-CHAOTIC-036,nuisance_misc,L0,auxiliary_system,2245,,2270,1
EAVT-L3-CHAOTIC-036-N166,EAVT-L3-CHAOTIC-036,nuisance_misc,L0,auxiliary_system,2260,,2275,1
EAVT-L3-CHAOTIC-036-N167,EAVT-L3-CHAOTIC-036,nuisance_misc,L0,auxiliary_system,2265,,2290,1
EAVT-L3-CHAOTIC-036-N168,EAVT-L3-CHAOTIC-036,nuisance_misc,L0,auxiliary_system,2285,,2300,1
EAVT-L3-CHAOTIC-036-N169,EAVT-L3-CHAOTIC-036,nuisance_misc,L0,auxiliary_system,2295,,2310,1
EAVT-L3-CHAOTIC-036-N170,EAVT-L3-CHAOTIC-036,nuisance_misc,L0,auxiliary_system,2345,,2370,1
EAVT-L3-CHAOTIC-036-N171,EAVT-L3-CHAOTIC-036,nuisance_misc,L0,auxiliary_system,2390,,2410,1
EAVT-L3-CHAOTIC-036-N172,EAVT-L3-CHAOTIC-036,nuisance_misc,L0,auxiliary_system,2390,,2410,1
EAVT-L3-CHAOTIC-036-N173,EAVT-L3-CHAOTIC-036,nuisance_misc,L0,auxiliary_system,2410,,2430,1
EAVT-L3-CHAOTIC-036-N174,EAVT-L3-CHAOTIC-036,nuisance_misc,L0,auxiliary_system,2420,,2445,1
EAVT-L3-CHAOTIC-036-N175,EAVT-L3-CHAOTIC-036,nuisance_misc,L0,auxiliary_system,2460,,2490,1
EAVT-L3-CHAOTIC-036-N176,EAVT-L3-CHAOTIC-036,nuisance_misc,L0,auxiliary_system,2490,,2515,1
EAVT-L3-CHAOTIC-036-N177,EAVT-L3-CHAOTIC-036,nuisance_misc,L0,auxiliary_system,2500,,2525,1
EAVT-L3-CHAOTIC-036-N178,EAVT-L3-CHAOTIC-036,nuisance_misc,L0,auxiliary_system,2510,,2530,1
EAVT-L3-CHAOTIC-036-N179,EAVT-L3-CHAOTIC-036,nuisance_misc,L0,auxiliary_system,2540,,2560,1
EAVT-L3-CHAOTIC-036-N180,EAVT-L3-CHAOTIC-036,nuisance_misc,L0,auxiliary_system,2585,,2605,1
EAVT-L3-CHAOTIC-036-N181,EAVT-L3-CHAOTIC-036,nuisance_misc,L0,auxiliary_system,2595,,2625,1
EAVT-L3-CHAOTIC-036-N182,EAVT-L3-CHAOTIC-036,nuisance_misc,L0,auxiliary_system,2605,,2630,1
EAVT-L3-CHAOTIC-036-N183,EAVT-L3-CHAOTIC-036,nuisance_misc,L0,auxiliary_system,2615,,2630,1
EAVT-L3-CHAOTIC-036-N184,EAVT-L3-CHAOTIC-036,nuisance_misc,L0,auxiliary_system,2670,,2700,1
EAVT-L3-CHAOTIC-036-N185,EAVT-L3-CHAOTIC-036,nuisance_misc,L0,auxiliary_system,2685,,2705,1
EAVT-L3-CHAOTIC-036-N186,EAVT-L3-CHAOTIC-036,nuisance_misc,L0,auxiliary_system,2700,,2725,1
EAVT-L3-CHAOTIC-036-N187,EAVT-L3-CHAOTIC-036,nuisance_misc,L0,auxiliary_system,2735,,2750,1
EAVT-L3-CHAOTIC-036-N188,EAVT-L3-CHAOTIC-036,nuisance_misc,L0,auxiliary_system,2750,,2770,1
EAVT-L3-CHAOTIC-036-N189,EAVT-L3-CHAOTIC-036,nuisance_misc,L0,auxiliary_system,2755,,2770,1
EAVT-L3-CHAOTIC-036-N190,EAVT-L3-CHAOTIC-036,nuisance_misc,L0,auxiliary_system,2770,,2790,1
EAVT-L3-CHAOTIC-036-N191,EAVT-L3-CHAOTIC-036,nuisance_misc,L0,auxiliary_system,2800,,2815,1
EAVT-L3-CHAOTIC-036-N192,EAVT-L3-CHAOTIC-036,nuisance_misc,L0,auxiliary_system,2805,,2830,1
EAVT-L3-CHAOTIC-036-N193,EAVT-L3-CHAOTIC-036,nuisance_misc,L0,auxiliary_system,2815,,2830,1
EAVT-L3-CHAOTIC-036-N194,EAVT-L3-CHAOTIC-036,nuisance_misc,L0,auxiliary_system,2825,,2845,1
EAVT-L3-CHAOTIC-036-N195,EAVT-L3-CHAOTIC-036,nuisance_misc,L0,auxiliary_system,2865,,2895,1
EAVT-L3-CHAOTIC-036-N196,EAVT-L3-CHAOTIC-036,nuisance_misc,L0,auxiliary_system,2865,,2885,1
EAVT-L3-CHAOTIC-036-N197,EAVT-L3-CHAOTIC-036,nuisance_misc,L0,auxiliary_system,2870,,2895,1
EAVT-L3-CHAOTIC-036-N198,EAVT-L3-CHAOTIC-036,nuisance_misc,L0,auxiliary_system,2870,,2890,1
EAVT-L3-CHAOTIC-036-N199,EAVT-L3-CHAOTIC-036,nuisance_misc,L0,auxiliary_system,2880,,2900,1
EAVT-L3-CHAOTIC-036-N200,EAVT-L3-CHAOTIC-036,nuisance_misc,L0,auxiliary_system,2885,,2900,1
EAVT-L3-CHAOTIC-036-N201,EAVT-L3-CHAOTIC-036,nuisance_misc,L0,auxiliary_system,2920,,2950,1
EAVT-L3-CHAOTIC-036-N202,EAVT-L3-CHAOTIC-036,nuisance_misc,L0,auxiliary_system,2935,,2960,1
EAVT-L3-CHAOTIC-036-N203,EAVT-L3-CHAOTIC-036,nuisance_misc,L0,auxiliary_system,2955,,2980,1
EAVT-L3-CHAOTIC-036-N204,EAVT-L3-CHAOTIC-036,nuisance_misc,L0,auxiliary_system,2975,,2995,1
EAVT-L3-CHAOTIC-036-N205,EAVT-L3-CHAOTIC-036,nuisance_misc,L0,auxiliary_system,2975,,2990,1
EAVT-L3-CHAOTIC-036-N206,EAVT-L3-CHAOTIC-036,nuisance_misc,L0,auxiliary_system,2990,,3015,1
EAVT-L3-CHAOTIC-036-N207,EAVT-L3-CHAOTIC-036,nuisance_misc,L0,auxiliary_system,2995,,3010,1
EAVT-L3-CHAOTIC-036-N208,EAVT-L3-CHAOTIC-036,nuisance_misc,L0,auxiliary_system,3010,,3025,1
EAVT-L3-CHAOTIC-036-N209,EAVT-L3-CHAOTIC-036,nuisance_misc,L0,auxiliary_system,3055,,3085,1
EAVT-L3-CHAOTIC-036-N210,EAVT-L3-CHAOTIC-036,nuisance_misc,L0,auxiliary_system,3060,,3075,1
EAVT-L3-CHAOTIC-036-N211,EAVT-L3-CHAOTIC-036,nuisance_misc,L0,auxiliary_system,3065,,3080,1
EAVT-L3-CHAOTIC-036-N212,EAVT-L3-CHAOTIC-036,nuisance_misc,L0,auxiliary_system,3120,,3150,1
EAVT-L3-CHAOTIC-036-N213,EAVT-L3-CHAOTIC-036,nuisance_misc,L0,auxiliary_system,3125,,3155,1
EAVT-L3-CHAOTIC-036-N214,EAVT-L3-CHAOTIC-036,nuisance_misc,L0,auxiliary_system,3135,,3160,1
EAVT-L3-CHAOTIC-036-N215,EAVT-L3-CHAOTIC-036,nuisance_misc,L0,auxiliary_system,3145,,3165,1
EAVT-L3-CHAOTIC-036-N216,EAVT-L3-CHAOTIC-036,nuisance_misc,L0,auxiliary_system,3155,,3175,1
EAVT-L3-CHAOTIC-036-N217,EAVT-L3-CHAOTIC-036,nuisance_misc,L0,auxiliary_system,3180,,3205,1
EAVT-L3-CHAOTIC-036-N218,EAVT-L3-CHAOTIC-036,nuisance_misc,L0,auxiliary_system,3185,,3200,1
EAVT-L3-CHAOTIC-036-N219,EAVT-L3-CHAOTIC-036,nuisance_misc,L0,auxiliary_system,3255,,3275,1
EAVT-L3-CHAOTIC-036-N220,EAVT-L3-CHAOTIC-036,nuisance_misc,L0,auxiliary_system,3290,,3310,1
EAVT-L3-CHAOTIC-036-N221,EAVT-L3-CHAOTIC-036,nuisance_misc,L0,auxiliary_system,3325,,3345,1
EAVT-L3-CHAOTIC-036-N222,EAVT-L3-CHAOTIC-036,nuisance_misc,L0,auxiliary_system,3355,,3385,1
EAVT-L3-CHAOTIC-036-N223,EAVT-L3-CHAOTIC-036,nuisance_misc,L0,auxiliary_system,3370,,3395,1
EAVT-L3-CHAOTIC-036-N224,EAVT-L3-CHAOTIC-036,nuisance_misc,L0,auxiliary_system,3385,,3400,1
EAVT-L3-CHAOTIC-036-N225,EAVT-L3-CHAOTIC-036,nuisance_misc,L0,auxiliary_system,3390,,3405,1
EAVT-L3-CHAOTIC-036-N226,EAVT-L3-CHAOTIC-036,nuisance_misc,L0,auxiliary_system,3410,,3440,1
EAVT-L3-CHAOTIC-036-N227,EAVT-L3-CHAOTIC-036,nuisance_misc,L0,auxiliary_system,3425,,3440,1
EAVT-L3-CHAOTIC-036-N228,EAVT-L3-CHAOTIC-036,nuisance_misc,L0,auxiliary_system,3435,,3465,1
EAVT-L3-CHAOTIC-036-N229,EAVT-L3-CHAOTIC-036,nuisance_misc,L0,auxiliary_system,3450,,3470,1
EAVT-L3-CHAOTIC-036-N230,EAVT-L3-CHAOTIC-036,nuisance_misc,L0,auxiliary_system,3480,,3500,1
EAVT-L3-CHAOTIC-036-N231,EAVT-L3-CHAOTIC-036,nuisance_misc,L0,auxiliary_system,3495,,3520,1
EAVT-L3-CHAOTIC-036-N232,EAVT-L3-CHAOTIC-036,nuisance_misc,L0,auxiliary_system,3530,,3545,1
EAVT-L3-CHAOTIC-036-N233,EAVT-L3-CHAOTIC-036,nuisance_misc,L0,auxiliary_system,3540,,3565,1
EAVT-L3-CHAOTIC-036-N234,EAVT-L3-CHAOTIC-036,nuisance_misc,L0,auxiliary_system,3545,,3575,1
EAVT-L3-CHAOTIC-036-N235,EAVT-L3-CHAOTIC-036,nuisance_misc,L0,auxiliary_system,3555,,3580,1
EAVT-L3-CHAOTIC-036-N236,EAVT-L3-CHAOTIC-036,nuisance_misc,L0,auxiliary_system,3560,,3575,1
EAVT-L3-CHAOTIC-036-N237,EAVT-L3-CHAOTIC-036,nuisance_misc,L0,auxiliary_system,3560,,3575,1
EAVT-L3-CHAOTIC-036-N238,EAVT-L3-CHAOTIC-036,nuisance_misc,L0,auxiliary_system,3565,,3595,1
EAVT-L3-CHAOTIC-036-N239,EAVT-L3-CHAOTIC-036,nuisance_misc,L0,auxiliary_system,3575,,3600,1
EAVT-L3-CHAOTIC-036-N240,EAVT-L3-CHAOTIC-036,nuisance_misc,L0,auxiliary_system,3605,,3630,1
EAVT-L3-CHAOTIC-036-N241,EAVT-L3-CHAOTIC-036,nuisance_misc,L0,auxiliary_system,3610,,3630,1
EAVT-L3-CHAOTIC-036-N242,EAVT-L3-CHAOTIC-036,nuisance_misc,L0,auxiliary_system,3665,,3695,1
EAVT-L3-CHAOTIC-036-N243,EAVT-L3-CHAOTIC-036,nuisance_misc,L0,auxiliary_system,3675,,3705,1
EAVT-L3-CHAOTIC-036-N244,EAVT-L3-CHAOTIC-036,nuisance_misc,L0,auxiliary_system,3685,,3715,1
EAVT-L3-CHAOTIC-036-N245,EAVT-L3-CHAOTIC-036,nuisance_misc,L0,auxiliary_system,3690,,3720,1
EAVT-L3-CHAOTIC-036-N246,EAVT-L3-CHAOTIC-036,nuisance_misc,L0,auxiliary_system,3705,,3735,1
EAVT-L3-CHAOTIC-036-N247,EAVT-L3-CHAOTIC-036,nuisance_misc,L0,auxiliary_system,3725,,3755,1
EAVT-L3-CHAOTIC-036-N248,EAVT-L3-CHAOTIC-036,nuisance_misc,L0,auxiliary_system,3725,,3750,1
EAVT-L3-CHAOTIC-036-N249,EAVT-L3-CHAOTIC-036,nuisance_misc,L0,auxiliary_system,3735,,3755,1
EAVT-L3-CHAOTIC-036-N250,EAVT-L3-CHAOTIC-036,nuisance_misc,L0,auxiliary_system,3765,,3785,1
EAVT-L3-CHAOTIC-036-N251,EAVT-L3-CHAOTIC-036,nuisance_misc,L0,auxiliary_system,3790,,3805,1
EAVT-L3-CHAOTIC-036-N252,EAVT-L3-CHAOTIC-036,nuisance_misc,L0,auxiliary_system,3790,,3815,1
EAVT-L3-CHAOTIC-036-N253,EAVT-L3-CHAOTIC-036,nuisance_misc,L0,auxiliary_system,3800,,3815,1
EAVT-L3-CHAOTIC-036-N254,EAVT-L3-CHAOTIC-036,nuisance_misc,L0,auxiliary_system,3815,,3840,1
EAVT-L3-CHAOTIC-036-N255,EAVT-L3-CHAOTIC-036,nuisance_misc,L0,auxiliary_system,3820,,3840,1
EAVT-L3-CHAOTIC-036-N256,EAVT-L3-CHAOTIC-036,nuisance_misc,L0,auxiliary_system,3820,,3840,1
EAVT-L3-CHAOTIC-036-N257,EAVT-L3-CHAOTIC-036,nuisance_misc,L0,auxiliary_system,3830,,3855,1
EAVT-L3-CHAOTIC-036-N258,EAVT-L3-CHAOTIC-036,nuisance_misc,L0,auxiliary_system,3850,,3880,1
EAVT-L3-CHAOTIC-036-N259,EAVT-L3-CHAOTIC-036,nuisance_misc,L0,auxiliary_system,3855,,3880,1
EAVT-L3-CHAOTIC-036-N260,EAVT-L3-CHAOTIC-036,nuisance_misc,L0,auxiliary_system,3885,,3900,1
EAVT-L3-CHAOTIC-036-N261,EAVT-L3-CHAOTIC-036,nuisance_misc,L0,auxiliary_system,3890,,3900,1
EAVT-L3-CHAOTIC-036-N262,EAVT-L3-CHAOTIC-036,nuisance_misc,L0,auxiliary_system,3890,,3900,1
EAVT-L3-CHAOTIC-036-S01,EAVT-L3-CHAOTIC-036,flow_deviation_branch,L1,feed_branch_1,3230,3320,3580,0
EAVT-L3-CHAOTIC-036-S02,EAVT-L3-CHAOTIC-036,t11_temperature_deviation,L3,T-1...T-11,3240,3320,3630,0
EAVT-L3-CHAOTIC-036-S03,EAVT-L3-CHAOTIC-036,feed_flow_imbalance,L2,feed_system,3245,3320,3555,0
EAVT-L3-CHAOTIC-036-S04,EAVT-L3-CHAOTIC-036,elou_load_imbalance,L4,ELOU,3290,3335,3495,0
EAVT-L3-CHAOTIC-036-S05,EAVT-L3-CHAOTIC-036,k1_feed_deviation,L5,K-1,3360,3405,3390,0
